human_idx,machine_idx,jaccard_similarity,human_snippet,machine_snippet
8155,1401,0.5391,UThabo ufisa ukuba umkhiqizi wezomnotho kusasa; uzothanda ukusebenza nabakhiqizi abakhulu ukuze athole ulwazi. UKokamo D,UThabo ufisa ukuba umkhiqizi wezomnotho esikhathini esizayo; ufuna ukusebenza nabakhiqizi abakhulu ukuze athole ulwazi. 
5829,1524,0.4922,"Kufanele kube umlimi ozoqala ngokuhlanganisa, ozotshela abasebenzi ngalokho okuzohlanganiswa nokuthatha izinyathelo zoku","Usayizi webhizinisi uzokutshela ukuthi ungakwenza kanjani konke lokhu. Kufanele kube ngumfuyi oqala ngokuqhubeka, ozokwa"
3177,6472,0.4844,"2.1 Uhlelo lweMpi luwuhlelo ongena kulo ngokuzikhethela, oluyingxenye yoMbutho wezeMpi waseNingizimu Afrika olusebenza n",2.1 Uhlelo lweMpi lunguhlelo oluzithandela oluhlangene neSikhungo seMpi saseNingizimu Afrika esisebenza ngokungaphelele.
6065,6472,0.4766,"Uhlelo lweMpi luwuhlelo ongena kulo ngokuzikhethela, oluyingxenye yoMbutho wezeMpi waseNingizimu Afrika olusebenza ngoku",2.1 Uhlelo lweMpi lunguhlelo oluzithandela oluhlangene neSikhungo seMpi saseNingizimu Afrika esisebenza ngokungaphelele.
5760,7510,0.4688,"Lolu uhlelo lwamavolontiya azolwa nobugebengu emphakathini, azombandakanya amavolontiya aphuma emiphakathini ukwehlisa i","Lolu hlelo lusiza ukuhlanganisa umgudu phakathi kobugebengu nokwesaba izenzo zobugebengu. Kuze kube manje, sinezivolonti"
7829,7973,0.4609,"Ngesikhathi sokusebenzisa umsebenzi owenziwayo kufanele abasebenzi bathole umlayezo kubaphathi ukuze bafunde, lokhu kusi",Kufanele bahlele abasebenzi ukuba benze umsebenzi abangawenza ngazo zonke izinsiza zabo. Ngesikhathi sokuphothulwa komse
5747,6489,0.4609,Kuthiwa ukuthi umhlaba wethu lapha eNingizimu Afrika i-90% yezindawo zomile noma zivama ukoma. Ukulima kwenziwa ngaphand,Kuthiwa umhlaba wethu lapha eNingizimu Afrika ungama-90% umhlaba omile noma ubhekene nezinsuku zokoma. Ukulima kwenziwa 
5517,5217,0.4531,"Sikhumbula futhi sihlonipha uMnu. Harry Schwarz, odlule emhlabeni ngokukhulu ukudabukisa ngesonto elidlule. Phakathi kok","Phakathi kwezinye izinto, wayengumuntu ophakathi kweqembu elimele abasolwa eRivonia. Sifisa ukubonga abangane bethu naba"
1087,5259,0.4531,"o noma imuphi umthethomgomo, umthetho-saziso, isaziso sikahulumeni kumbe isiyalelo esikhishwe ngokuhambisana nale mithet","Umthetho ophatha ukuqoqa izintela uma kudluliswa ubunikazi beMali ka-1949 noma yimuphi omunye umthetho ophakanyisiwe, is"
3077,7774,0.4453,"Izifunda Uthungulu, Uthukela, Umkhanyakude, Umzinyathi iZululand kanye nezinye izingxenye zesifunda Ilembe zinezinga eli","Izifunda ze-Uthungulu, Uthukela, Umkhanyakude, Umzinyathi, Zululand, nezinye izingxenye zendawo ye-Ilembe zinezinga elip"
6681,4333,0.4453,Siyaphinda futhi ukusho ukuthi ukukhulisa abalimi ukusiyo into elula futhi akwenzeki masinya - kukhona abantu abaningi a,Siphindaphinda ukuthi ukuvuselela abalimi akuyona into elula futhi akwenziwa ngobusuku obubodwa - kukhona abantu abaning
3309,4648,0.4375,"Lapho kukhona abalimi abangenayo imishini, kuthiwa ukuthi bazokwazi ukuthola inzuzo ekwanele ukuzithengela imishini. Kod","Kodwa lokhu akukwenzeka - inzuzo etholakalayo ekulimaleni kwezimpahla zokudla incane kakhulu, futhi abaqashi baphinde ba"
933,5028,0.4375,"Ngiwuthola kanjani umhlaba? Kukhona umbuzo ofika njalo lapha kithi: ""Ngifuna umhlaba (ipulazi). Niyakwazi ukungisiza"" Um","Ngiyithola kanjani umhlaba? Kukho umbuzo ohlale ufika lapha kithi: ""Ngifuna umhlaba (ifama). Ungangisiza?"" Impendulo yet"
7100,3006,0.4375,"(Ngezinye izikhathi kungalunga ukuthola umkhontilaki ukulima nokuvuna, kodwa kungcono ukuzenzela yonke imisebenzi). Kufa","(Ngezinye izikhathi kungaba kuhle ukuthola umthengisi wezolimo nokuvuna, kodwa kungcono ukwenza yonke imisebenzi uqobo)."
5371,1391,0.4375,Uzoqonda izibophezelo zabanikazi bamatekisi maqondana nokukhokhwa kwentela nomhlomulo wakho. Iqhaza elikhulu lempilo wuk,Isici esibalulekile sempilo ukuxhumana. Ungacabanga ukuthi umhlaba uzobukeka kanjani ngaphandle kokukhuluma? Kukhona ama
7309,2356,0.4297,"Imithetho eyahlukene ebhalwe kuSheduli -1 yoMthetho owengamele uMnyango wezeNtela wase-Ningizimu Afrika, we-1997. o noma","ukuqoqa izintela; nokulawula ukufika kwezimpahla ezweni, ezithunyelwa ngaphandle kwezwe, ezikhiqizwayo, ezithwalwayo, ez"
4124,5259,0.4297,"o noma imuphi umthetho-mgomo, umthetho-saziso, isaziso sika-hulumeni kumbe isiyalelo esikhishwe ngokuhambisana nalemithe","Umthetho ophatha ukuqoqa izintela uma kudluliswa ubunikazi beMali ka-1949 noma yimuphi omunye umthetho ophakanyisiwe, is"
3956,3775,0.4297,Yinto ethathwa njengemukelwe ukuthi lowo mshado wesilungu uyize. Isigaba 3 soMthetho Omukela Imishado yeNdabuko 120 ka 1,Isigaba 3 soMthetho Wokushada Kwendabuko 120 ka-1998 sivimbela omunye wabashadile abaphakathi komshado wendabuko obonwa 
7309,5259,0.4141,"Imithetho eyahlukene ebhalwe kuSheduli -1 yoMthetho owengamele uMnyango wezeNtela wase-Ningizimu Afrika, we-1997. o noma","Umthetho ophatha ukuqoqa izintela uma kudluliswa ubunikazi beMali ka-1949 noma yimuphi omunye umthetho ophakanyisiwe, is"
1483,5259,0.4141,"UMthetho owengamele ukuqoqwa kweNtela lapho kuDluliswa ubumnini beZakhiwo ka1949. o noma imuphi umthetho-mgomo, umthetho","Umthetho ophatha ukuqoqa izintela uma kudluliswa ubunikazi beMali ka-1949 noma yimuphi omunye umthetho ophakanyisiwe, is"
1483,2356,0.4141,"UMthetho owengamele ukuqoqwa kweNtela lapho kuDluliswa ubumnini beZakhiwo ka1949. o noma imuphi umthetho-mgomo, umthetho","ukuqoqa izintela; nokulawula ukufika kwezimpahla ezweni, ezithunyelwa ngaphandle kwezwe, ezikhiqizwayo, ezithwalwayo, ez"
3082,3323,0.4141,Sikholwa ukuthi bonke abantu abasebenza kulesi sibonelo esiphezulu banalo ulwazi futhi bayakwazi ukwenza lowo msebenzi. ,"Amathuluzi akhe, njll. Sikholelwa ukuthi bonke abantu abasebenza kulesi sibonelo esiphakeme banolwazi futhi bakwazi ukwe"
826,7325,0.4141,Sizo hlala njalo sigwema ukuziphatha ngendlela ezokwenza siphule umthetho. Sizohlala njalo sivikele abantu abahlala eNin,Sizohlale sigwema ukuziphatha ngendlela ezosiholela ekwephuleni umthetho. Sizohlale sivikela abantu abahlala eNingizimu 
3177,8100,0.4141,"2.1 Uhlelo lweMpi luwuhlelo ongena kulo ngokuzikhethela, oluyingxenye yoMbutho wezeMpi waseNingizimu Afrika olusebenza n",Umphathi ngamunye unomthwalo wemfanelo wokwenza kube nokuphepha nokuvikela umphakathi othile (ezindaweni zasemaphandleni
6065,8100,0.4141,"Uhlelo lweMpi luwuhlelo ongena kulo ngokuzikhethela, oluyingxenye yoMbutho wezeMpi waseNingizimu Afrika olusebenza ngoku",Umphathi ngamunye unomthwalo wemfanelo wokwenza kube nokuphepha nokuvikela umphakathi othile (ezindaweni zasemaphandleni
6329,5783,0.4062,A.1 Lezi ziqondiso zizobizwa ngokuthi yiziQondiso zeziSebenzi zikaHulumeni zika- 2001 futhi zizoqala ukusebenza kusukela,A.1 Lezi ziqondiso zizobizwa ngokuthi iMithetho Yezinsizakalo Zikamasipala ka-2001 futhi zizothatha umthelela kusukela n
1483,2551,0.4062,"UMthetho owengamele ukuqoqwa kweNtela lapho kuDluliswa ubumnini beZakhiwo ka1949. o noma imuphi umthetho-mgomo, umthetho","noma yimuphi umthetho, ithuluzi elisemthethweni, isaziso sikahulumeni, noma umyalo owenziwe ngokuhambisana nale mithetho"
1878,2777,0.3984,"NgoMandulo, njalo ngonyaka Umphathi weNkantolo ukhangisa kwiGazethe kaHulumeni izimali ezingalandiwe ngabanikazi bawo. I","Minyaka yonke ngoMeyi, uMsunguli weNkantolo Ephakeme uyakhangisa kwiGazethi yoHulumeni izimali ezingakafunwa ngabanikazi"
1968,2992,0.3984,nakho konke okuphathelene nentela; kanye namandla uNgqongqoshe awanikeziwe ngokuhambisana nale mithetho engenhla; futhi ,nakho konke okuhlobene nezintela; namandla anikezwa uNgqongqoshe ngokuhambisana nale mithetho engenhla; nokweluleka uNgq
6313,143,0.3984,"Isibonelo sethu phezulu sikhombisa ukuthi uma umuthi wokuphuzisa amankonyane ungekho ngoMsombuluko ekuseni, ukusebenzisa","Ngesikhathi sokusebenza, kubalulekile kubaphathi ukuba bathathe isinyathelo esiphuthumayo ukuze umsebenzi okumele wenziw"
607,8017,0.3984,Ukuqapha nokuhlola izinga lemithombo yamanzi kubaluleke kakhulu ukuze kunqunywe ukufaneleka kwawo ezingxenyeni ezahluken,Ukuqapha nokuhlola ikhwalithi yemithombo yamanzi kubalulekile ukuze kutholakale ukufaneleka kwazo ezindaweni ezahlukene 
3505,7980,0.3984,Imali yosizo imali edluliselwa isuka kuHulumeni iya kubantu abangakwazi ukuzisiza ngokwabo. Ikhokhelwa abantu abampofu u,Imali yokweseka emphakathini iyizimali ezithunyelwa kuhulumeni kubantu abangakwazi ukuzisekela. Ikhokhwa kubantu abampof
7993,3477,0.3984,Imisebenzi ngezinkonyane ezingu-100 iqediwe. Lungisa indlu 3 (susa izinto zokulala ezindala). Imisebenzi ejwayelekile nj,"Imisebenzi enama-lambs angu-100 iqediwe. Lungisa indlu 3 (susa ukhuluma okudala). Imisebenzi evamile yansuku zonke, izin"
3956,4301,0.3984,Yinto ethathwa njengemukelwe ukuthi lowo mshado wesilungu uyize. Isigaba 3 soMthetho Omukela Imishado yeNdabuko 120 ka 1,Isigaba 3 seMthetho Wokushada Kwendabuko 120 ka-1998 sivimbela omunye wababheki abakhona emshadweni wamasiko obonwa ngok
1087,6079,0.3984,"o noma imuphi umthethomgomo, umthetho-saziso, isaziso sikahulumeni kumbe isiyalelo esikhishwe ngokuhambisana nale mithet","noma yimaphi umthetho, isikhumbuzo somthetho, isaziso sikahulumeni, noma umyalo ophumelele ngokuhambisana nale mithetho "
1087,2356,0.3984,"o noma imuphi umthethomgomo, umthetho-saziso, isaziso sikahulumeni kumbe isiyalelo esikhishwe ngokuhambisana nale mithet","ukuqoqa izintela; nokulawula ukufika kwezimpahla ezweni, ezithunyelwa ngaphandle kwezwe, ezikhiqizwayo, ezithwalwayo, ez"
1087,5708,0.3984,"o noma imuphi umthethomgomo, umthetho-saziso, isaziso sikahulumeni kumbe isiyalelo esikhishwe ngokuhambisana nale mithet",Umthetho ophatha ukuhlanganiswa kwentela lapho kudluliswa ubunikazi bemikhiqizo ka-1949 noma yimuphi omunye umthetho oph
6313,1103,0.3906,"Isibonelo sethu phezulu sikhombisa ukuthi uma umuthi wokuphuzisa amankonyane ungekho ngoMsombuluko ekuseni, ukusebenzisa","Ngesikhathi sokusebenza, kubalulekile ukuthi abaphathi bathathe isinyathelo esiphuthumayo ukuze umsebenzi okufanele wenz"
3004,6094,0.3906,"ezingahle zidale ukulimala noma izifo. Lapho lokhu kungenakwenzeka, umqashi kufanele azise abasebenzi ngalezi zingozi, u","Uma lokhu kungasebenzi, umphathi kufanele azise abasebenzi ngalezi zinsongo, ukuthi zingavikelwa kanjani, nokuthi bangas"
7993,1094,0.3906,Imisebenzi ngezinkonyane ezingu-100 iqediwe. Lungisa indlu 3 (susa izinto zokulala ezindala). Imisebenzi ejwayelekile nj,Ukudla enkampanini 3 kugcwaliswe. Imisebenzi enama-lambs angu-100 iqediwe. Lungisa indlu 3 (susa ukulala okudala). Imise
1265,1062,0.3906,Kuyasijabulisa ukubona ukuthi umasipala woGu usuvele uphezu kwemizamo yokulungisa ukuhlinzekwa komphakathi ngezindlu zan,Siyajabula ukubona ukuthi ikhansela laseGu selivele lenze intuthuko ekuthuthukiseni ukufinyelela komphakathi ezinsizeni 
4124,2356,0.3828,"o noma imuphi umthetho-mgomo, umthetho-saziso, isaziso sika-hulumeni kumbe isiyalelo esikhishwe ngokuhambisana nalemithe","ukuqoqa izintela; nokulawula ukufika kwezimpahla ezweni, ezithunyelwa ngaphandle kwezwe, ezikhiqizwayo, ezithwalwayo, ez"
4124,6079,0.3828,"o noma imuphi umthetho-mgomo, umthetho-saziso, isaziso sika-hulumeni kumbe isiyalelo esikhishwe ngokuhambisana nalemithe","noma yimaphi umthetho, isikhumbuzo somthetho, isaziso sikahulumeni, noma umyalo ophumelele ngokuhambisana nale mithetho "
6065,157,0.3828,"Uhlelo lweMpi luwuhlelo ongena kulo ngokuzikhethela, oluyingxenye yoMbutho wezeMpi waseNingizimu Afrika olusebenza ngoku",Umphathi ngamunye unesibopho sokwenza uqinisekise ukuphepha nokuvikeleka komphakathi othile (ezindaweni zasemaphandleni 
5559,3557,0.3828,"Inani lokufutha ithaya kubalulekile, kodwa ukusebenzisa ithaya elinokufutha okwehlukile kungaba nomthelelo omkhulu endle","Ubuningi bengingcindezi yethayi busemqoka, kodwa ukusebenzisa ithayi enengcindezi ehlukile kungaba nomthelela omkhulu ek"
60,6625,0.3828,"Intelo yedizili izokhuphuka nge-17,5 cents ilitha, nelevi leRAF lizokhuphuka nge-8 cents ilitha. Lokhu kukhuphuka kuzokw",Kubalulekile ukuhlaziya ukuthi imakethe ifuna ini nokuthi bazokhokha malini ukuthenga umkhiqizo. Akulungile ukusebenza k
8101,2992,0.3828,nakho konke okuphathelene nentela; kanye namandla uNgqongqoshe awanikeziwe ngokuhambisana nalemithetho engenhla; futhi e,nakho konke okuhlobene nezintela; namandla anikezwa uNgqongqoshe ngokuhambisana nale mithetho engenhla; nokweluleka uNgq
5635,4060,0.3828,Isikhathi sokuvuna siyasondela futhi kusekhona amasimu amaningi agcwele ngokhula. Ukuxoxa kwethu njalo kuyabuyela lokhu:,Isikhathi sokuvuna siseduze futhi kusekhona izinkambu eziningi ezigcwele izihlahla. Izingxoxo zethu zihlala zibuyela kul
1683,5528,0.3828,Yini ubulili bakho? Ucabanga ukuthi kubalulekile ukuthi I-DOD ishintshe ngenxa yalezi zizathu ezilandelayo? Kufanele iqh,Yini ubulili bakho? Ucabanga ukuthi kubalulekile ukuthi i-DOD iguquke ngezizathu ezilandelayo? Uguquko kufanele lwenziwe
7309,2144,0.3828,"Imithetho eyahlukene ebhalwe kuSheduli -1 yoMthetho owengamele uMnyango wezeNtela wase-Ningizimu Afrika, we-1997. o noma","Ukuhlanganisa intela; kanye nokulawula ukungena kwemikhiqizo ezweni, ethunyelwa ezweni, ekhiqizwa, ethunyelwa, igcinwa, "
4489,5919,0.3828,AbaHoli beNdabuko banamandla okuthatha izinqumo zomthetho kanjalo nezinqumo zokuphatha. Kubalukile ukuwuqonda umehluko p,Abaholi bendabuko banamandla okwenza izinqumo zomthetho kanye nezinqumo zokuphatha. Kubalulekile ukuqonda umehluko phaka
7309,5708,0.375,"Imithetho eyahlukene ebhalwe kuSheduli -1 yoMthetho owengamele uMnyango wezeNtela wase-Ningizimu Afrika, we-1997. o noma",Umthetho ophatha ukuhlanganiswa kwentela lapho kudluliswa ubunikazi bemikhiqizo ka-1949 noma yimuphi omunye umthetho oph
456,292,0.375,Ukunikeza unakekelo olunothando nozwelo kwabagulayo abalalisiwe nabangalalisiwe sibe sisusela ohlelweni oluphucuzekile l,Ukunikeza ukunakekelwa okuthandekayo nokunomusa kubaguli abahlala esibhedlela nabangahlali esibhedlela kusekelwe ohlelwe
3177,157,0.375,"2.1 Uhlelo lweMpi luwuhlelo ongena kulo ngokuzikhethela, oluyingxenye yoMbutho wezeMpi waseNingizimu Afrika olusebenza n",Umphathi ngamunye unesibopho sokwenza uqinisekise ukuphepha nokuvikeleka komphakathi othile (ezindaweni zasemaphandleni 
4124,5708,0.375,"o noma imuphi umthetho-mgomo, umthetho-saziso, isaziso sika-hulumeni kumbe isiyalelo esikhishwe ngokuhambisana nalemithe",Umthetho ophatha ukuhlanganiswa kwentela lapho kudluliswa ubunikazi bemikhiqizo ka-1949 noma yimuphi omunye umthetho oph
2087,390,0.375,"UNico Vermaak (GrainSA), UBasie Ntsimane, UBoy Mokoena, UKarabo Peele, UPaul Morule, UJob Metswamere, UThando Lolwane, U","UNico Vermaak (GrainSA), uBasie Ntsimane, uBoy Mokoena, uKarabo Peele, uPaul Morule, uJob Metswamere, uThando Lolwane, u"
728,5881,0.375,Ipasipoti yesikhashana inikezwa abantu baseNingizimu Afrika okumele bahambe ngesikhathi esiphuthumayo kanti futhi abange,Iphasiwedi yesikhashana ikhishwe kubantu baseNingizimu Afrika abadinga ukuhamba ngokuphuthumayo futhi bengakwazi ukulind
2142,175,0.3672,e isinqumo sokungena esivumelwaneni sokuletha izidingo kubantu. h noma yiluphi olunye udaba olubekwe umthetho. Imenenja ,Isinqumo sokungena esivumelwaneni sokuhlinzeka ngezinsizakalo emphakathini. Noma iyiphi enye indaba enikezwe ngummthetho
1193,3312,0.3672,Ukusiza nokufundisa abalimi ngamunye ngamunye kuthatha isikhathi eside futhi kubiza imali eningi. Kungcono ukuhlanganisa,Ukusiza nokufundisa abalimi ngabanye kuthatha isikhathi eside futhi kubiza imali eningi. Kungcono ukuhlanganisa abalimi 
1109,1102,0.3672,Kunamazwe asathuthuka asenze umehluko obonakalayo kulezizingqinamba esisabhekene nazo. Asethembe ukuthi lengqungquthela ,Umsebenzi wethu njengomnyango wezempilo eKwaZulu-Natal ukuhlinzeka ngezinsizakalo zezempilo ngokulandela umgomo wokuhlin
3516,5871,0.3672,INingizimu Afrika ithatha izinyathelo zokwezwa okufanele. Izizathu eziyi-10 zokuthi kungani MANJE sekuyisikhathi sokuyoh,INingizimu Afrika ithatha izinyathelo ezidingekayo zokukhuthaza ukuqwashisa. Nazi izizathu eziyishumi zokuthi MANJE yisi
1184,5589,0.3672,Khuluma ulimi lwakho. Kuyilungelo lakho. Nhlobo yini yokusizakala enikezwayo? I-TISSA inikeza ukusizakala kokutolika ngo,Khuluma ulimi lwakho. Kuyilungelo lakho. Yisiphi usizo olunikezwayo? I-TISSA inikeza usizo lokuhumusha ngefoni ukuze kub
6596,6981,0.3672,"Sicela ucacise kwi-questionnaire ukuthi lenhlobo kumele iqhathaniswe naziphi izinhlobo ezaziwayo eNingizimu Afrika, izin","Sicela uchaze kwi-questionnaire ukuthi iyiphi izinhlobo le kufanele iqhathaniswe nezinhlobo ezaziwa eNingizimu Afrika, i"
1483,5708,0.3594,"UMthetho owengamele ukuqoqwa kweNtela lapho kuDluliswa ubumnini beZakhiwo ka1949. o noma imuphi umthetho-mgomo, umthetho",Umthetho ophatha ukuhlanganiswa kwentela lapho kudluliswa ubunikazi bemikhiqizo ka-1949 noma yimuphi omunye umthetho oph
7309,1432,0.3594,"Imithetho eyahlukene ebhalwe kuSheduli -1 yoMthetho owengamele uMnyango wezeNtela wase-Ningizimu Afrika, we-1997. o noma","Umthetho wokuhlanganisa intela ngenani, ka-1991. Imithetho ehlukene ebhalwe kuSheduli 1 yomthetho ophatha i-South Africa"
3937,4932,0.3594,"b angayalela uMlawuli ukuthi anikeze lowo muntu ilayisensi, ngokuhambisana nokushiwo lapha ngezansi kulesi sigaba; noma ","b angayala uMqondisi ukuba anikeze lowo muntu ilayisense, ngokuhambisana nalokho okukhulunywe ngezansi kulolu hlaka; nom"
1087,2144,0.3594,"o noma imuphi umthethomgomo, umthetho-saziso, isaziso sikahulumeni kumbe isiyalelo esikhishwe ngokuhambisana nale mithet","Ukuhlanganisa intela; kanye nokulawula ukungena kwemikhiqizo ezweni, ethunyelwa ezweni, ekhiqizwa, ethunyelwa, igcinwa, "
7266,4898,0.3594,a umngcele womgwaqo noma walayini wajantshi obekiwe owodwa kuphela owela ngaphandle kwezindawo ezikhonjwe kwisigatshana ,noma ukuthi kufanele kube kukhishwe ngaphansi kwesigaba 10; noma iii yenqubo noma indlela yokuthutha yomphakathi. a umng
1990,3145,0.3594,Lendlela isebenzisa izithombe ezenza ukuba abantu babone ukulethwa kwamanzi kanye nokuthuthwa kwendle emphakathini ngend,"Le ndlela isebenzisa izindlela nezinto ezikhuthaza ukubambisana phakathi kwabesilisa, abesifazane, nezingane. Ukwandisa "
7495,5909,0.3516,"Ngomane: Sizwa ngandlebenye ukuthi abantu baseLangeni sebekhonza ngaphansi kwesizwe sakwaZulu. Mudli: Ngiyabonga, nduna,","Mudli: Ngiyabonga, mnumzane, ngokuqaphela kwakho. Ngizokucela ukuthi udlulisele lezi zisho ezinganeni zami nakubantu bon"
3703,3451,0.3516,"Enye impokophelo yokwengezela, wubuchwepheshe bokukhiqiza nobuchwepheshe obenza izinguquko kwizinto ezigxile noma ezisus",Enye inisiative yokuthuthukisa ubuchwepheshe bokukhiqiza nobuchwepheshe obwenza izinguquko ezinsizakalweni ezisuselwa em
7472,7755,0.3516,c kumele ihlinzekele ukubuyekezwa kwezezimali ngezikhathi ezinqunyiwe kubhekwe indlela esetshenziswayo; futhi d ihlinzek,c kumele ihlinzeke ngokuqhathaniswa kwezimali ngezikhathi ezichaziwe mayelana nendlela esetshenziswe; futhi d ihlinzeke 
1483,2144,0.3516,"UMthetho owengamele ukuqoqwa kweNtela lapho kuDluliswa ubumnini beZakhiwo ka1949. o noma imuphi umthetho-mgomo, umthetho","Ukuhlanganisa intela; kanye nokulawula ukungena kwemikhiqizo ezweni, ethunyelwa ezweni, ekhiqizwa, ethunyelwa, igcinwa, "
3159,7885,0.3516,Kwafinyelelwa esivumelwaneni sembulunga yonke sokuthi intuthuko esimeme yencike ezinsikeni ezintathu ezizimele : ukuvike,Kwenziwe isivumelwano emhlanganweni wamazwe omhlaba sokuthi ukuthuthukiswa okungapheli kusekelwe ezinsikeni ezintathu ez
5376,5372,0.3516,Uhlinzekela ukuba noma ngubani unelungelo lokusebenzisa ulimi lwakhe nokuzimbandakanya empilweni yesiko azikhethele lona,Uqinisekisa ukuthi noma ubani unelungelo lokusebenzisa ulimi lwabo nokubandakanyeka empilweni yamasiko abawathandayo (Is
4622,246,0.3516,"Umthetho wokuPhathwa kwaBantu abaMnyama 38 ka 1927, isigaba 11 (b): Wonke umuntu wesifazane oshade ngosiko lwesintu (nga","Umthetho Wokuphatha Abantu Abamnyama 38 ka-1927, isigaba 11 (b): Wonke owesifazane oshade ngokwenkolo yesiko (ngaphandle"
7309,6079,0.3438,"Imithetho eyahlukene ebhalwe kuSheduli -1 yoMthetho owengamele uMnyango wezeNtela wase-Ningizimu Afrika, we-1997. o noma","noma yimaphi umthetho, isikhumbuzo somthetho, isaziso sikahulumeni, noma umyalo ophumelele ngokuhambisana nale mithetho "
1483,6079,0.3438,"UMthetho owengamele ukuqoqwa kweNtela lapho kuDluliswa ubumnini beZakhiwo ka1949. o noma imuphi umthetho-mgomo, umthetho","noma yimaphi umthetho, isikhumbuzo somthetho, isaziso sikahulumeni, noma umyalo ophumelele ngokuhambisana nale mithetho "
1087,1432,0.3438,"o noma imuphi umthethomgomo, umthetho-saziso, isaziso sikahulumeni kumbe isiyalelo esikhishwe ngokuhambisana nale mithet","Umthetho wokuhlanganisa intela ngenani, ka-1991. Imithetho ehlukene ebhalwe kuSheduli 1 yomthetho ophatha i-South Africa"
377,7098,0.3438,a kwesigaba 7c soMthetho kufanele kuthunyelwe kuNgqongqoshe wesifundazwe noma ilunga lomkhandlu ophethe elibhekele ezemp,a ye-subsection 7c yoMthetho kumele ithunyelwe kuNgqongqoshe wesifunda noma kumuntu oyiLungu leBhodi ophatheka kwezempil
3159,7686,0.3438,Kwafinyelelwa esivumelwaneni sembulunga yonke sokuthi intuthuko esimeme yencike ezinsikeni ezintathu ezizimele : ukuvike,Kwafinyelelwa esivumelwaneni emhlanganweni womhlaba wonke sokuthi ukuthuthukiswa okuqhubekayo kusekelwe ezinsikeni ezint
7516,7856,0.3438,"Uma umphathi womnyango kahulumeni wesifunda kunguye isiphathimandla esifanele, isicelo kumele sifakwe emnyangweni wesifu","Uma umphathi wephalamende elihlobene engumgibeli ofanele, isicelo kufanele sithunyelwe kwiSikhungo sephalamende esibheke"
1674,1242,0.3438,"Abaqashi bafanele ukuphungula imali yentela yabaqashwa abasesigabeni sokukhokha intela emiholweni yabo njalo ngenyanga, ",Abasebenzi badinga ukugcina intela kubasebenzi abaphakathi kweqembu lokukhokha intela ezivela emiholweni yabo njalo ngen
516,3002,0.3438,"Kunesisho esivela kwezinye zezilimi zesintu esithi: ""Induku ayiwakhi umuzi"". Ulwazi lwethu embonini yamatekisi selukhomb","Kukhona isisho esivela kwezinye izilimi zomdabu esithi: ""Ithambo alakhi indlu."" Ulwazi lwethu embonini ye-taxi lukhombis"
6842,923,0.3438,"Amanye made kanti amanye anzima ukuwakhumbula. Noma kunjalo, la magama kufanele wonke umuntu osembonini awazi futhi aqon","Lawa magama afushane angatholakala emibikweni, kuma-MOU, nasemithethweni eshicilelwe yiphalamende. Ku-NLTTA (qaphela lel"
1683,2940,0.3438,Yini ubulili bakho? Ucabanga ukuthi kubalulekile ukuthi I-DOD ishintshe ngenxa yalezi zizathu ezilandelayo? Kufanele iqh,Ucabanga ukuthi kubalulekile ukuthi i-DOD ishintshe ngezizathu ezilandelayo? Iziphi izinqubo okufanele zenziwe? Yini oku
7250,6781,0.3359,"Noma yimuphi umuntu ongavumelani nanoma yisiphi isinqumo esithathwe ngumhloli, angafaka isikhalo esiphikisa leso sinqumo","Umhloli angaphinde acela ukuthi noma yiziphi imibhalo ilethwe kubo, ahlole, enze amakhophi ale mibhalo, futhi afune ukuc"
3290,2852,0.3359,UMthethosisekelo uveza ukuthi iNdlu yesiShayamthetho Kazwelonke iqokelwa ukumela abantu kanye nokuqinisekisa uhulumeni o,"futhi ukuze ibheke ukusebenza kohulumeni kazwelonke, kanye nokuphumeleliswa kwemithetho edlulisiwe yiPhalamende. I-NCOP "
4441,4515,0.3359,Irediyo liyinto elinosizo olukhulu ebalimeni abasakhulayo. Amaphrogramu asakazwayo njalo ngeviki ayalalelwa futhi kunike,IRadio iyasiza kakhulu ekulimaleni kubalimi abasha. Izinhlelo ezithunyelwa njalo ngesonto ziyasetshenziswa futhi zinikez
2758,2883,0.3359,Ingabe siyini Isabiwomali? Isabiwomali uhlelo olukhombisa ukuthi yimalini engena njengeholo nokuthi izosetshenziswa kanj,Iyini ibhajethi? Ibhajethi uhlelo lokukhombisa ukuthi malini imali engena njengemali engenayo nokuthi izosetshenziswa ka
7030,7636,0.3359,Le nkonzo isebenza kulowo ozoba nemvume yokuhlala unomphela ofisa ukwenza isicelo semvume yokuhlala unomphela ngenxa yok,Le nsizakalo iyatholakala kulabo abazofaka isicelo sokuhlala ngokungapheli ngenxa yokuba yilunga lomndeni wesakhamuzi sa
7055,7636,0.3359,Le nkonzo isebenza kulowo ozoba nemvume yokuhlala unomphela ofisa ukwenza isicelo semvume yokuhlala unomphela ngenxa yok,Le nsizakalo iyatholakala kulabo abazofaka isicelo sokuhlala ngokungapheli ngenxa yokuba yilunga lomndeni wesakhamuzi sa
4124,2144,0.3359,"o noma imuphi umthetho-mgomo, umthetho-saziso, isaziso sika-hulumeni kumbe isiyalelo esikhishwe ngokuhambisana nalemithe","Ukuhlanganisa intela; kanye nokulawula ukungena kwemikhiqizo ezweni, ethunyelwa ezweni, ekhiqizwa, ethunyelwa, igcinwa, "
5013,2149,0.3359,Okubaluleke kakhulu wukuqiniskisa ukuthi uhlelo lolu luyasetshenziswa. NjengomNyango nonyaka sizoqala sihlole izindlela ,"Umbiko owaziwa ngokuthi iWealth Report 2006 ubonisa ukuthi isifunda saseMelika seHhovisi leMhlaba leZempilo, esinama-10%"
1483,1432,0.3359,"UMthetho owengamele ukuqoqwa kweNtela lapho kuDluliswa ubumnini beZakhiwo ka1949. o noma imuphi umthetho-mgomo, umthetho","Umthetho wokuhlanganisa intela ngenani, ka-1991. Imithetho ehlukene ebhalwe kuSheduli 1 yomthetho ophatha i-South Africa"
5458,2768,0.3281,Izincwadio eziphumayo kumele zikuveze ukuthi uma obhalelwayo efisa ukuba abhalelwe ngolunye ulimi kwezinokusetshenziswa ,Izimpawu ezikhombisa izikhungo noma amahhovisi omphakathi kumele zibe ngazo zombili izilimi ezizosebenza. Bonke abatheng
7055,6675,0.3281,Le nkonzo isebenza kulowo ozoba nemvume yokuhlala unomphela ofisa ukwenza isicelo semvume yokuhlala unomphela ngenxa yok,Le nsizakalo iyabhekelela labo abazoze babe nezindawo zokuhlala eziphakeme futhi abafuna ukufaka isicelo sokuhlala okuph
4789,7902,0.3281,"Ukutholakala kolwazi olukuMbuso kungukhiye wokuthi umphakathi ukhethe ngokuqonda, okuyikona okuletha uHulumeni oziphendu","Ukutholakala kolwazi eState kuyisihluthulelo sokwenza ukuthi umphakathi wenze izinqumo ezicacile, okuholela kuhulumeni o"
5458,2761,0.3281,Izincwadio eziphumayo kumele zikuveze ukuthi uma obhalelwayo efisa ukuba abhalelwe ngolunye ulimi kwezinokusetshenziswa ,Izibonakaliso ezikhombisa izikhungo noma amahhovisi omphakathi kumele zibe ngazo zombili izilimi ezisetshenziswayo. Zonk
7789,6675,0.3281,Le nkonzo isebenza kulowo ozoba nemvume yokuhlala unomphela ofisa ukwenza isicelo semvume yokuhlala unomphela ngenxa yok,Le nsizakalo iyabhekelela labo abazoze babe nezindawo zokuhlala eziphakeme futhi abafuna ukufaka isicelo sokuhlala okuph
4800,3411,0.3281,"UMonde wabe eyilokhu okudingwa yizwe lethu kakhulu, okuyisizukulwane esisha sabaholi abazosihola kuleli khulunyaka nakwe","UMonde wayengowafunwa yizwe lethu, isizukulwane esisha sabaholi abazosisiza kulonyaka nakweminye iminyaka ezayo. Ukuseke"
7030,6675,0.3281,Le nkonzo isebenza kulowo ozoba nemvume yokuhlala unomphela ofisa ukwenza isicelo semvume yokuhlala unomphela ngenxa yok,Le nsizakalo iyabhekelela labo abazoze babe nezindawo zokuhlala eziphakeme futhi abafuna ukufaka isicelo sokuhlala okuph
4124,1432,0.3281,"o noma imuphi umthetho-mgomo, umthetho-saziso, isaziso sika-hulumeni kumbe isiyalelo esikhishwe ngokuhambisana nalemithe","Umthetho wokuhlanganisa intela ngenani, ka-1991. Imithetho ehlukene ebhalwe kuSheduli 1 yomthetho ophatha i-South Africa"
2453,2991,0.3281,"U -Safaa Saban, oyi -Geoinformatics practitioner wakwa -Eskom, uzokwenza isethulo mayelana nakuzwayo ngesikhathi efukame","Bonke abasolwa bazovela enkantolo yeNyoni maduzane ngezinsolo zokungena emzini. Okwamanje, uMnu. McCain uqale uMgqibelo "
1414,1224,0.3203,"Sekube khona ukudideka okukhulu ngamagama emithi ikakhulukazi esikhathini esed-lule, ikakhulukazi ngamagama ezinto okuyi","Kube nokudideka okuningi mayelana namagama wemithi, ikakhulukazi ezinsukwini zakamuva, ikakhulukazi mayelana namagama ez"
1414,5400,0.3203,"Sekube khona ukudideka okukhulu ngamagama emithi ikakhulukazi esikhathini esed-lule, ikakhulukazi ngamagama ezinto okuyi","Kube nokudideka okuningi mayelana namagama wemithi, ikakhulukazi ezinsukwini zakamuva, ikakhulukazi mayelana namagama ez"
848,543,0.3203,Ukuvuselelwa kwenkontileka yokusebenza: Qinisekisa ukuthi okubhalwayo kwenziwe! Sesiphakathi nonyaka u-2009 futhi sesing,Ukubuyiselwa kwesivumelwano sokusebenza: Qiniseka ukuthi ukubhalwa kwenziwa! Manje sesikwi nyaka ka-2009 futhi singene e
2996,7188,0.3203,"Uma umuntu ecela ukufinyelela ngendlela ethile lowo ocelile kumele athole ukufinyelela ngendlela ayicelile, ngaphandle u","Uma umuntu efuna ukufinyelela ngendlela ethile, umfaki-sicelo kumele anikezwe ukufinyelela ngendlela efunwayo, ngaphandl"
6511,186,0.3203,Isigceme sobugebengu sihlanganisa nendawo esemaphethelweni naleyonkundla kanti singenabela endaweni ebanzi. Kulendawo en,"Indawo yokwenziwa kobugebengu ifaka indawo ezizungezile kanye nendawo uqobo, futhi inganwebeka ibe yindawo enkulu. Kulol"
2275,6253,0.3203,Ngivumeleni ngalesisikhathi sokuhlangana kwephalamende iphelele kwesithathu okuyisikhathi esilandela esokugcina ukuze ku,"Ngiyavuma ngesikhathi sokuhlangana kwesithathu sokwahlulela, esilandelayo esedlule, ukuze ngikhulume ngesimo sezwe, ngif"
5395,843,0.3203,Ngesinye isikhathi awekho amabhizinisi ezokulima (njengasezindaweni zaseEastern Cape) - bese umkhiqizi akakwazi ukuseben,Ngezinye izikhathi awekho amabhizinisi ezolimo (njengaseMpumalanga Kapa) - bese umkhiqizi engakwazi ukufinyelela usizo o
456,756,0.3125,Ukunikeza unakekelo olunothando nozwelo kwabagulayo abalalisiwe nabangalalisiwe sibe sisusela ohlelweni oluphucuzekile l,Ukunikeza ukunakekelwa okuthandekayo nokunomusa kubaguli abaphethwe ezibhedlela nakwabanye abangenazo izibhedlela kuseke
1983,516,0.3125,"Ukwehlisa izinga lobungcuphe kuzilimo, imikhiqizo yezilimo kanye nokunye nokulawulwayo. Ukwehlisa izinga lobuncuphe obul","Ukunciphisa izinga lezingcuphe kwezolimo, ezimpahleni zezolimo, kanye nezinye izindawo ezilawulwa. Ukunciphisa izinga le"
356,89,0.3125,"Impumelelo: Umphumela onesigqi kumbe impumelelo (okungukuthi umkhiqizo, izenzo noma umsebenzi) efaka isandla empumelelwe","Umphumela: Isitatimende esibanzi mayelana nenjongo ethile, izinhloso, noma umphumela ohleliwe, odinga ukuthi kube khona "
3495,746,0.3125,noma Ibhasi kusho inqola ethutha umphakathi eyakhelwe kuphela noma ikakhulukazi ukuthutha abagibeli abevile kwabayi-15 e,"kuMthetho Wezokuhamba Kwamazwe, 1996 Umthetho No. Umthetho Wezakhwo Zasemaphandleni, 1998 Umthetho No. ithikithi noma ib"
516,7819,0.3125,"Kunesisho esivela kwezinye zezilimi zesintu esithi: ""Induku ayiwakhi umuzi"". Ulwazi lwethu embonini yamatekisi selukhomb","Kukhona isisho esivela kwezinye izilimi zomdabu esithi: ""Umkhonto awakhi indlu."" Ulwazi lwethu embonini ye-taxi luveze i"
1112,5289,0.3125,"a ikuvimbele ukuthengiswa, ukwedluliswa kwelungelo lobunikazi noma ukuba wumthwalo kwanoma yiyiphi impahla ewumhlaba nez",b isivumelwano kumele sihlinzeke ngokuqhubeka kokungabazi kwezakhiwo futhi sichaze amasu okugcina impahla isesimweni esi
4362,89,0.3125,"Impumelelo: Umphumela onesigqi kumbe impumelelo (okungukuthi umkhiqizo, izenzo noma umsebenzi) efaka isandla empumelelwe","Umphumela: Isitatimende esibanzi mayelana nenjongo ethile, izinhloso, noma umphumela ohleliwe, odinga ukuthi kube khona "
167,4249,0.3125,Umphumela walomthetho sivivinywa kuzoba ukuqiniseka ukuthi uHulumeni wesifunda uzobanakho ukuqhubekisa inqubo yezinguquk,Umphumela walomthetho uzovivinywa ukuze kuqinisekiswe ukuthi uhulumeni wesifunda uzokwazi ukuqhubeka nenqubo yokulungisa
7030,3229,0.3047,Le nkonzo isebenza kulowo ozoba nemvume yokuhlala unomphela ofisa ukwenza isicelo semvume yokuhlala unomphela ngenxa yok,Le nsizakalo iyabhekelela labo abazofaka isicelo sokuhlala ngokungapheli njengamalungu omndeni womuntu onobuzwe baseNing
4564,6124,0.3047,"Ukulawula imboni yamandla kagesi ngokwemithetho kaHulumeni, izinqubomgomo, ukusetshenziswa kahle kakhulu okusezingeni no","Ukulawula imboni kagesi ngokuhambisana nemithetho, izinqubomgomo, kanye nezindlela ezinhle zokusebenza zik gouvernement "
3001,4205,0.3047,"Inkontileka kumele iyalele ukuthi noma yiluphi uhlelo olubhaliwe, incwajana-yemiyalo, isizinda semininingwane, uhla olun","a ivimbela ukuthengiswa, ukudluliswa kwamalungelo okuphatha, noma ukungabazi kwanoma iyiphi impahla engumhlaba kanye nez"
7172,772,0.3047,C.2.14 angabeki izimpilo zabanye kumbe eyakhe engozini ngokungalandeli imithetho yokuphepha kumbe ayishaye indiva. C3.17,C.2.14 akungavumeli ukubeka impilo yabanye noma eyabo engcupheni ngokungalandeli imithetho yokuphepha noma ngokuyigxeka.
7541,7058,0.3047,"UMthetho wokuphathwa kwabaMnyama, njengensalela yokwakuyisisekelo sokuhlukanisa ngokobuhlanga, wachithwa ngoLwezi kowe-1",Lokhu kugcizelela isidingo sokwethula umthetho kazwelonke ukuze kuqondiswe indima nemisebenzi yabaholi bendabuko ekuphat
7055,3229,0.3047,Le nkonzo isebenza kulowo ozoba nemvume yokuhlala unomphela ofisa ukwenza isicelo semvume yokuhlala unomphela ngenxa yok,Le nsizakalo iyabhekelela labo abazofaka isicelo sokuhlala ngokungapheli njengamalungu omndeni womuntu onobuzwe baseNing
1112,4205,0.3047,"a ikuvimbele ukuthengiswa, ukwedluliswa kwelungelo lobunikazi noma ukuba wumthwalo kwanoma yiyiphi impahla ewumhlaba nez","a ivimbela ukuthengiswa, ukudluliswa kwamalungelo okuphatha, noma ukungabazi kwanoma iyiphi impahla engumhlaba kanye nez"
6827,5370,0.3047,"Ofake isicelo kumele asayine onke amaphepha engeziwe. E. Imali ekhokhwayo a Isicelo sokuthola irekhodi, ngaphandle kwere","E. Izindleko ezikhokhelwayo a Isicelo somarekhodi, ngaphandle kokuthi kube umarekhodi oqukethe ulwazi lomuntu ngawe, siz"
7789,3229,0.3047,Le nkonzo isebenza kulowo ozoba nemvume yokuhlala unomphela ofisa ukwenza isicelo semvume yokuhlala unomphela ngenxa yok,Le nsizakalo iyabhekelela labo abazofaka isicelo sokuhlala ngokungapheli njengamalungu omndeni womuntu onobuzwe baseNing
547,4932,0.3047,Lowo onelayisense yokucwenga angakwazi ukwenza yinoma yimuphi umsebenzi ogunyazwe yilayisensi kunoma iyiphi enye indawo ,"b angayala uMqondisi ukuba anikeze lowo muntu ilayisense, ngokuhambisana nalokho okukhulunywe ngezansi kulolu hlaka; nom"
3863,2497,0.2969,"Namhlanje usuku olukhulu kakhulu lapho sigubha khona usuku lwabadala bethu ngaphansi kwesiqubulo esithi, ""Sibungaza imin","Namuhla kuyinsuku ebalulekile njengoba sibhiyozela usuku lwababekezeli bethu ngaphansi kwesiqu, ""Sibhiyozela iminyaka ey"
1936,6310,0.2969,"Umlando uyasitshela ukuthi ekuvikeleni abantu bawo, amasiko kanye nomhlaba amaKhosi amaningi kufaka phakathi nalawo avel","Lesi simo asivumelekile. Njengohulumeni, sikholelwa ukuthi umphakathi kufanele uthuthuke ngokulinganayo; akufanele kube "
7067,2565,0.2969,"b sihambisana nanoma yimiphi imibiko, eminye imiqulu kanye nezimali ezidingekayo ngokwale mithetho; kanye c nokuqaphela ",a sigcina amarekhodi wezikhalazo zonke ezamukelwe yi-Authority efanele ngaphansi kwale mithetho; futhi b sibhala zonke i
5293,2524,0.2969,"kumele ibe namakhono athize noma ulwazi lobuchwepheshe olungasetshenziswa ngabenkonzo yamaPhoyisa, isibonelo, ama-pilot,","Kumele babe nekhono elithile noma ulwazi lwezobuchwepheshe olungasetshenziswa yinsizakalo yamaphoyisa, ngokwesibonelo, a"
5498,2699,0.2969,Ukuhlola kuzoqondaniswa namagxathu futhi kugxile ekuhloleni amakhono ayisisekelo okukwazi ukubhala nokufunda kanye nenyu,Othisha kufanele babone izinzuzo zokuhlola njengezinsiza zokuhlola ukuze bathuthukise izicwangciso zabo zokufundisa noku
7472,5289,0.2969,c kumele ihlinzekele ukubuyekezwa kwezezimali ngezikhathi ezinqunyiwe kubhekwe indlela esetshenziswayo; futhi d ihlinzek,b isivumelwano kumele sihlinzeke ngokuqhubeka kokungabazi kwezakhiwo futhi sichaze amasu okugcina impahla isesimweni esi
6095,7237,0.2969,Umkhandlu uzokwazisa ngokubhala uma isicelo sakho sobhaliso sinqatshelwe. Ungenza i-aphili ngesinqumo soMkhandlu kungaka,IKhansela izokunikeza izaziso ngokubhala uma isicelo sokubhaliswa kwakho sikhanseliwe. Ungafaka isikhalazo ngesinqumo se
5772,6078,0.2969,"UNgqongqoshe onesabelo , ngokwezincomo ezenziwe iSigungu seziPhathimandla, anganxusa uNgqongqoshe wezoHwebo neziMboni uk","UNgqongqoshe onenhloso, ngokusekelwe eziphakamiso ezenziwe yiBhodi Yezikhungo Zasolwandle Zesizwe, angacela uNgqongqoshe"
645,7237,0.2969,Umkhandlu uzokwazisa ngokubhala uma isicelo sakho sobhaliso sinqatshelwe. Ungenza i-aphili ngesinqumo soMkhandlu kungaka,IKhansela izokunikeza izaziso ngokubhala uma isicelo sokubhaliswa kwakho sikhanseliwe. Ungafaka isikhalazo ngesinqumo se
7169,7554,0.2969,Ukuphatha izilokazane kuyinto ebalulekile ekuphatheni komsebenzi jikelele epulazini ngoba kungehlisa noma kungakhuphula ,Kukhona ezinye izinhlobo zezitshalo eziqinile ngokumelene nezilokazane - lokhu kuzosisiza esikhathini esifushane ngoba n
2414,1906,0.2891,Ucansi oluvikelekile kuchaza ukuthi sebenzisa ijazi lomkwenyana zikhathi zonke. Ucansi oluvikelekile luchaza ukuthi isit,Ubudlelwano obuphephile kusho ukusebenzisa i-condom ngaso sonke isikhathi. Ubudlelwano obuphephile kusho ukuthi ithanga 
302,6687,0.2891,Loku sikwenza sithobela imithetho yegatsha lezangaphandle nezimali ezibhadalwayo uma uthumela utho ngaphandle nokuhlonip,Lokhu sikwenza ngokuhambisana nemithetho yephalamende yezangaphandle kanye nezindleko ezifanele uma sithumela izinto phe
342,3271,0.2891,"iphindelela, ukuklewula, ukushaya umkhulungwane noma ukubanga eminye imisindo, iphazamisa ukuthula emphakathini noma ica","Ukukhala njalo, ukuhamba, ukwenza ezinye izwi, kuphazamisa ukuthula komphakathi noma kuphoxa ozakwethu, kuphula lezi zin"
3520,7163,0.2891,"Bakhathazwa wukuthi sinawo yini amandla okuvikela amalungelo entando yeningi, nomthetho sisekelo owaqanjwa ngukuzinikela",Kumele siqhubeke nokusebenza kulolu sizo ukuze siqhubeke phambili futhi siqedele amaphupho ethu okuphila kahle kubo bonk
3201,147,0.2812,36 ka-1998). Uyithuluzi elikhulu elisemthethweni eliphathelene nokuphathwa kwezinsizasidingo zamanzi eNingizimu Afrika. ,36 ka-1998) waphakanyiswa. Lona ngumthetho obalulekile ophathelene nokuphathwa kwezinsiza zamanzi eNingizimu Afrika. Umt
4742,1407,0.2812,UMnyango wezaNgaphandle ugcine ulwazi mayelana nalezi zihloko ezilandelayo okufanele lucelwe ngokusemthethweni ngokwesig,"Uma, ngemuva kokulandela zonke izidingo zenqubo ezikhuluma ngazo esigabeni 4. Uma umceli efuna ukufaka isikhalazo, ifomu"
7256,6720,0.2812,Usuku lokuvala: 4 Disemba 2009 Eminye: Ucingo: 031-311 7835 S. Abavunyelwe ukufaka amathenda ongeke ubuye - ukheshe noma,"Usuku lokugcina: December 4, 2009 Okunye: Ucingo: 031-311 7835 S. Abavunyelwe ukufaka iziphakamiso ngeke babuyisele - im"
3001,5289,0.2812,"Inkontileka kumele iyalele ukuthi noma yiluphi uhlelo olubhaliwe, incwajana-yemiyalo, isizinda semininingwane, uhla olun",b isivumelwano kumele sihlinzeke ngokuqhubeka kokungabazi kwezakhiwo futhi sichaze amasu okugcina impahla isesimweni esi
7379,2678,0.2812,"Qaphela: Uma ofake isicelo engakwazi ukulanda imali, kungaqokwa umuntu ngokomthetho ozolandela umuntu ofake isicelo njal","Umfaki-sicelo kufanele aziswe ngokubhaliwe ngezizathu zokwenqatshwa kanye nenani losizo, kanye nelungelo labo lokuphikis"
4988,5632,0.2734,Inqubomgomo yobandlululo nengcindezelo yadala isimo lapho zonke izilimi ngaphandle kwezimbili zingabukelwanga nje phansi,Umthetho we-apartheid nokucindezelwa wadala isimo lapho zonke izilimi ngaphandle kwezimbili zingazange kuphela ziqhutshe
459,5954,0.2734,ukubeka phambili ubudlelwana obuphakathi kwalowo oyiso noma owengamele umsebenzi nalabo abasebenza ngaphansi kwakhe. Sik,Ukugxila ebudlelwaneni phakathi kwalabo abaphakathi kwezikhundla zokuhola noma zokuphatha nalabo abasebenza ngaphansi kw
5730,4130,0.2734,Ibhukwana leli lisungulelwe ukunikeza amakhansela namalungu ekomiti lewadi uchungechunge lwezinyathelo okumele bazithath,Ukuze kukhuthazwe ukubamba iqhaza komphakathi kanye nezikhungo zomphakathi ezindabeni zikamasipala. Isixwayiso: Qiniseka
1756,3309,0.2734,Ukuphuza uhambe kuyingozi njengokuphuza ushayele. Kuyini ukuthwala ngokweqile? Ukuthwala ngokweqile kungumzamo walowo on,"Yini ukugcwalisa? Ukugcwalisa kuwukwenza komuntu onebhizinisi lokuhamba asebenzisa umgwaqo, umshayeli noma umgibeli, uku"
5337,3595,0.2734,Imeya Ephethe yenza umkhankaso wemeya ngenhloso yokuthola ukwesekwa yimiphakathi kanye nokuphendula izidingo zabo abazib,Ihhovisi leMeya lenza umkhankaso wokhetho lokumeya ogxile ekutholeni ukwesekwa ezindaweni zomphakathi nasekuphenduleni e
3776,3136,0.2734,Isiqondiso esiwusizo sokukusiza ukuba ukhethe ukudla okunempilo okuyokugcina unamandla ngesikhathi ugula. Ukudla ukudla ,Umhlahlandlela onenzuzo ukusiza ukukhetha ukudla okunempilo okuzokugcina uqine ngenkathi ugula. Ukudla ukudla okunempilo
495,4152,0.2734,E Ngiyazi ukuthi ulwazi oluqondene nami noluphathelene nempilo yami ngeke lusetshenziswe ngezinhloso ezihlobone nebhizin,Ngiyakuqonda ukuthi ulwazi lwami siqu nolwazi oluhlobene nezempilo ngeke lusetshenziswe ngezinhloso zebhizinisi noma lid
459,267,0.2656,ukubeka phambili ubudlelwana obuphakathi kwalowo oyiso noma owengamele umsebenzi nalabo abasebenza ngaphansi kwakhe. Sik,"Ukuhlola intuthuko eyenziwe mayelana nezinguquko, kubhekwa ubuhlakani bezicwangciso, izinhlelo, nezinqubo ezisetshenzisw"
5155,6814,0.2656,"Lapho umuntu ethola ingeniso okumele likhokhele intela kodwa elingadonselwa intela ye-SITE noma ye-PAYE , kumele akhokhe","Uma umuntu ethola imali ethintwa yintela kodwa engaphansi kwemithetho yokukhipha intela ye-SITE ne-PAYE, kumele akhokhe "
8087,5227,0.2656,"Izindleko ezibophekile yilezo ezingashintshi lapho kubekwe phansi isu lokukhiqiza okuthile, akuguquki lapho kukhiqizwa i",Izindleko eziqinile yilezo ezingashintshi uma isu lokukhiqiza elithile limisiwe; azishintshi noma umkhiqizo omncane noma
377,1879,0.2656,a kwesigaba 7c soMthetho kufanele kuthunyelwe kuNgqongqoshe wesifundazwe noma ilunga lomkhandlu ophethe elibhekele ezemp,Umuntu ogama lakhe lithunyelwe ngaphansi kweMthethosisekelo 5 ukuze akhethwe ngaphansi kwe-subsection 7i yoMthetho kumel
2487,8151,0.2656,"a kufanele abe nolwazi olwanele lwezomthetho, lobuchwepheshe, lwezamabhizimisi, lwezomnotho, lwezentuthuko kanye nolunye",IZiphathimandla ZamaPhakheji izoba namalungu angaphansi kuka-5 futhi angaphezu kuka-13 abekwa nguNgqongqoshe ukuze biseb
7644,7703,0.2656,"Siyaphinda futhi: lapho uyakaza umshini, qaphela ukuthi amanzi angabutheki kusale isichibi lapho abantwana, izilwanyane ","Siphinda: uma uhlanza umshini, qaphela ukuthi amanzi awagxili ezindaweni lapho izingane, izilwane, izinkomo, nezinye izi"
8039,6518,0.2656,Le libhuku liqukethe imininingwane evamile mayelana nohlolo lwezokwelashwa. Imininingwane ethize maqondana nohlolo lwezo,Le ncwadi iqukethe ulwazi olujwayelekile mayelana nezifundo zokuhlola. Ulwazi oluthile mayelana nezifundo zokuhlola ozoh
4362,166,0.2656,"Impumelelo: Umphumela onesigqi kumbe impumelelo (okungukuthi umkhiqizo, izenzo noma umsebenzi) efaka isandla empumelelwe",Uhlelo lomsebenzi (noma uhlelo lwebhizinisi): Uhlelo lweminyaka elandela futhi lwenza uhlelo lwezinhlelo zokusebenza lub
3747,3271,0.2656,"(ukufakazela lokho kwaphulwa komthetho, asikho isidingo sokuthi kuvezwe ubufakazi bokuthi le nja yake yakhombisa ukuba n","Ukukhala njalo, ukuhamba, ukwenza ezinye izwi, kuphazamisa ukuthula komphakathi noma kuphoxa ozakwethu, kuphula lezi zin"
498,4152,0.2656,E Ngiyazi ukuthi u-GEMS unike abantu abathile abasenkampanini kanye nabantu besithathu abakwinkontileka naye ilungelo ol,Ngiyakuqonda ukuthi ulwazi lwami siqu nolwazi oluhlobene nezempilo ngeke lusetshenziswe ngezinhloso zebhizinisi noma lid
1455,4948,0.2656,Abantu baseAfrika sebeqalile ukukhombisa ukuthi ngeke bavumele abaholi bezomnotho nezombusaze obuyize. Ukuhlanganyela Ok,"Kulo lonke izwekazi, abantu base-Afrika bayazibophezela ukuthi ngeke baphinde bavumele ukuba bahlukunyezwe yizimo. Sizok"
356,166,0.2656,"Impumelelo: Umphumela onesigqi kumbe impumelelo (okungukuthi umkhiqizo, izenzo noma umsebenzi) efaka isandla empumelelwe",Uhlelo lomsebenzi (noma uhlelo lwebhizinisi): Uhlelo lweminyaka elandela futhi lwenza uhlelo lwezinhlelo zokusebenza lub
5262,3882,0.2578,"Nakuba leliqhinga linegalelo elingaqondile ngqo ekunciphiseni ubelelesi, injongo enkulu wukulalelisisa lokho okuphawulwa",Umsebenzi womphakathi uyasiza futhi wenziwa emphakathini othintekile ngamalungu atholwe enecala elithile. Lesi sigwebo s
5155,5304,0.2578,"Lapho umuntu ethola ingeniso okumele likhokhele intela kodwa elingadonselwa intela ye-SITE noma ye-PAYE , kumele akhokhe","Uma umuntu ethola imali ethintwa intela kodwa engakhishwa ku-SITE noma ku-PAYE, kumele akhokhe intela yesikhashana kulok"
4832,7077,0.2578,"Ngakho-ke, amathaya afanele abekwe endaweni epholile engakhanyi, hhayi eduze neminye imishini yokushisela (weld), amajen","Ngakho-ke, amathayi afanele kufanele agcinwe endaweni epholile, emnyama, hhayi eduze kwemishini yokuwelding, ama-generat"
8103,652,0.2578,Umnyango ngamunye womugqa kazwelonke uzawuqhubeka uhole ukuhola kanye nokweseka ukusetshenziswa emisebenzini kanye nokwa,"Le nhlelo ihlose ukulwa nobuphofu, ukudala amathuba emisebenzi, nokuthuthukisa izinga lempilo labantu baseNingizimu Afri"
4742,4662,0.2578,UMnyango wezaNgaphandle ugcine ulwazi mayelana nalezi zihloko ezilandelayo okufanele lucelwe ngokusemthethweni ngokwesig,"Uma, ngemuva kokulandela zonke izidingo zokusebenza ezikhuluma ngazo esigabeni 4. Uma umceli efuna ukufaka isikhalazo, i"
4555,7694,0.2578,"Ngaphezu kwakho konke, ngimi phambi kwenu ngokuziqhenya nesibindi sokuthi le-Ningizimu Afrika esiyigubhayo namhlanje imi",Lokhu siqinisekisile ukuguqulwa okungaphazamiseki ezinyangeni eziyisihlanu ezedlule futhi siqhubeka nezinhlelo zikahulum
4555,7670,0.2578,"Ngaphezu kwakho konke, ngimi phambi kwenu ngokuziqhenya nesibindi sokuthi le-Ningizimu Afrika esiyigubhayo namhlanje imi",Phakathi kwabo kukhona abantu baseNingizimu Afrika abahlonishwa kakhulu ababezingxenye zePhalamende lethu ngaphansi koku
6779,931,0.25,Imiphakathi izokwazi ukubamba iqhaza kakhulu kuzinqumo zoMkhandlu uma la makomiti amawadi asebenza ngokuyimpumelelo. Isi,"Ngaphezu kwalokho, izinsolo zenkohlakalo zenza kube nzima ukufaka izinhlelo zokuthuthukisa umphakathi. Uma abantu benoku"
2165,2063,0.25,Umuntu osbenzisa amanzi ngendlela enomthelela osezingeni eliphezulu noma ngokwezinhloso zenzuzo ngokungcebeleka kufanele,Umuntu osebenzisa amanzi ngendlela enomthelela omkhulu noma ngenhloso yokwenza inzuzo yokuzijabulisa kufanele afake isic
7472,4205,0.25,c kumele ihlinzekele ukubuyekezwa kwezezimali ngezikhathi ezinqunyiwe kubhekwe indlela esetshenziswayo; futhi d ihlinzek,"a ivimbela ukuthengiswa, ukudluliswa kwamalungelo okuphatha, noma ukungabazi kwanoma iyiphi impahla engumhlaba kanye nez"
7455,138,0.25,"Uma kubonakala ukuthi umsebenzi okhona, ngenxa yokuthi uyaphuthuma futhi unomthamo omkhulu kanti nesikhathi ofuneka ngas","Iminyango esebenzisana nohulumeni, izinhlangano, nabantu abavela kwamanye amazwe ithola izinsizakalo zeNkonzo YeziLimba "
3699,1401,0.2422,Ngokwamanje utshale ummbila (88 ha) nobhontshisi owomile (28 ha). Ubhontshisi unikeza umsebenzi kubantu besifazane baseQ,UThabo ufisa ukuba umkhiqizi wezomnotho esikhathini esizayo; ufuna ukusebenza nabakhiqizi abakhulu ukuze athole ulwazi. 
6488,4735,0.2422,"Ngale kweqhaza lokuhlela olwenziwe phambilini, uhlelo lwentuthuko edidiyele selubonakala njengomsebenzi wokusingatha oma","Izinsizakalo Zokubeletha Ezibhedlela: Ikhono Lokukhulisa Impilo Yezingane Nez母 Ngonyaka wezi-2023, izinsizakalo zokubele"
519,4137,0.2422,e ukusetshenziswa kwengane okungavunyelwe ngaphansi kwesigaba 141; kanye f nokucuya izingxenye ezithile zomzimba. Umthet,"110 ka-1978, isivumelwano sokusebenza nezingane ezamukelwe, ngokuhambisana nenhloso yesigaba sika-17, sikhuluma ngalesi "
2285,4735,0.2344,"Ngale kweqhaza lokuhlela olwenziwe phambilini, uhlelo lwentuthuko edidiyele selubonakala njengomsebenzi wokusingatha oma","Izinsizakalo Zokubeletha Ezibhedlela: Ikhono Lokukhulisa Impilo Yezingane Nez母 Ngonyaka wezi-2023, izinsizakalo zokubele"
5129,5637,0.2344,gcwalisa ifomu enqunyiwe enguFomu A elikhishwe kuGazethi kaHulumeni engunombolo R187 yomhla ka-15 Febhruwari 2002 (bheka,"b Thuthukisa ukuvikelwa nokufinyelela ekuqinisekisweni kobulili; futhi c ukubheka, ukuhlola nokuhlonza ukuhlonishwa koku"
4832,4772,0.2344,"Ngakho-ke, amathaya afanele abekwe endaweni epholile engakhanyi, hhayi eduze neminye imishini yokushisela (weld), amajen","Ngakho-ke, amathayi afanele kufanele agcinwe endaweni epholile, emnyama, hhayi eduze kwemishini yokuwelda, ama-generator"
1190,6660,0.2266,"Isexwayiso esithi imidlalo ayibukwe ngaphansi kwesiqondiso sabazali asanele, ngoba abantwana abaningi bahlala ngaphandle","Lokhu kusebenza kwezakhamuzi kunika igunya elikhulu kubo bobabili. Ukuhlobana phakathi kwabo, odokotela nabahlengikazi, "
1006,2852,0.2266,"iNdlu yesiShayamthetho Kazwelonke (eyaziwa ngokuthi i-NA), kanye . noMkhandlu Kazwelonke Wezifundazwe (owaziwa ngokuthi ","futhi ukuze ibheke ukusebenza kohulumeni kazwelonke, kanye nokuphumeleliswa kwemithetho edlulisiwe yiPhalamende. I-NCOP "
4334,2524,0.2266,Iingaqeqeshelwa imisebenzi yokusizana namaphoyisa efanele. ukwenza imisebenzi yokusekela emahhovisi emkhakheni kazwelonk,"Kumele babe nekhono elithile noma ulwazi lwezobuchwepheshe olungasetshenziswa yinsizakalo yamaphoyisa, ngokwesibonelo, a"
1239,5313,0.2266,Ngivumeleni ngalesisikhathi sokuhlangana kwephalamende iphelele kwesithathu okuyisikhathi esilandela esokugcina ukuze ku,"Ngiyavuma ukuthi ngalesi sikhathi seseshini yesithathu ephelele yephalamende, okuyisikhathi esilandelayo kwesokugcina, n"
3939,3962,0.2266,Umfaki sicelo ocela ukubona irehodi eliminingwane yakhe akakhokhiswa. IsiPhathimandla sezoKwazisa kufanele sazise umfaki,"Imali yesicelo sezikhungo zikamasipala ingama-R35. Umfaki-sicelo unelungelo lokufaka isikhalazo sangaphakathi, uma kudin"
5494,6310,0.2188,"Umlando usitshela ukuthi ekuvikeleni abantu bawo, amasiko kanye nomhlaba wawo, amaKhosi amaningi kufaka phakathi namanin","Lesi simo asivumelekile. Njengohulumeni, sikholelwa ukuthi umphakathi kufanele uthuthuke ngokulinganayo; akufanele kube "
6020,7839,0.2188,"Loluhlelo lugcizelela ukubaluleka kweqhaza labahlukumezekile, imindeni namalunga omphakathi ngokubenza babe yingxenye yo","Sikhuluma ngenhlalakahle, lezi zindaba zinjengezibopho esizibophezele kuzo. Bayakusa, abanye bethu bahlala ezindaweni la"
5637,887,0.2188,"b Ukukwazeka ukuthi kuchibiyelwe lomgudu kanye nezindleko zako, uma kwenzeka samukelwa isicelo. ngenhla c ezinye izindle","Ngenxa yesigaba 7, ""indaba yokusetshenziswa komhlaba"" kusho indaba ephathelene nezinguquko ekusetshenzisweni kwanoma yil"
5922,5053,0.2109,Ekupheleni kwesikhathi sokuvivinywa emsebenzini induna yesiseebnzi esivivinywayo kumele enze isincomo sokuthi kumele siv,Kumele isebenze ngokushesha njengamazwe asendaweni angakazisa le mizwa ngokususa konke okukhumbuza ngeminyaka yokucindez
418,4304,0.2109,"Imibuzo nezimpendulo sebenzisa ithransipharensi: Umsebenzi 5.5. Lingasesha iphoyisa ngaphandle kwewaranti, uma kunjalo, ","Njengokwakha izicwangciso, ngaphakathi kokuhlanganiswa kwalezo zicwangciso, ummeli kufanele azibophezele ekwenzeni imise"
3201,587,0.2109,36 ka-1998). Uyithuluzi elikhulu elisemthethweni eliphathelene nokuphathwa kwezinsizasidingo zamanzi eNingizimu Afrika. ,36 ka-1998) wasungulwa. Lona ngumsebenzi obalulekile wezomthetho ophathelene nokuphathwa kwezinsiza zamanzi eNingizimu A
3557,4575,0.2109,Uma kunjalo kufanele ugcwalise ingeniso IT12C. Didiyela ndawonye amanani ekhonjiswe njengenzalo yasekhaya eboniswe eziti,Gcwalisa izimali eziphelele zezinsalo ezitholwe nguwe nomkakho - ingxenye engathathi hlangothi izobalwa yi-SARS. Phinda 
6065,5176,0.2109,"Uhlelo lweMpi luwuhlelo ongena kulo ngokuzikhethela, oluyingxenye yoMbutho wezeMpi waseNingizimu Afrika olusebenza ngoku",Umholi wohlelo angazisa umphathi waleso sithangami uma kudingeka amandla amakhulu. Inqubo yokuxhumana ingathatha isikhat
3177,5176,0.2109,"2.1 Uhlelo lweMpi luwuhlelo ongena kulo ngokuzikhethela, oluyingxenye yoMbutho wezeMpi waseNingizimu Afrika olusebenza n",Umholi wohlelo angazisa umphathi waleso sithangami uma kudingeka amandla amakhulu. Inqubo yokuxhumana ingathatha isikhat
3070,3276,0.2109,Mboza isitsha ngendwangu ukuze singomi futhi izinyoni zingazidli izibungu. ICP yenza kube lula ukubambisana nemithetho k,"Ngemuva kokuphumelela komcimbi, uMnyango Wezangaphakathi ubonisile ukuthi uzokwenza izinhlelo ezithuthukisiwe ukuze uqin"
7021,4859,0.2109,"Esigabeni sangemuva kokuba usuyithathile imalimboleko, amakhasimende asizwa ngezinto eziningi zezokuphathwa kwebhizinisi","Abaningi benu bayazi ubuhlungu obuhambisana nokwehliswa kwesithunzi sabantu bethu. Imindeni yahlukaniswa, amasiko ethu a"
4721,3374,0.2109,Ukuhlanganisa amagugu - lokhu kungakwazi ukwandisa inzuzo? Ukuhlanganisa amagugu kungaba indlela esetshenziwa ngabalimi ,"Umbiko: Abafundi Basenyuvesi Isingeniso Abafundi basenyuvesi bahlala bebamba iqhaza elikhulu empilweni yomphakathi, bekw"
6345,6644,0.2031,Uma ngabe uMquli wodaba enquma ukuba udaba luqulwe enkantolo kufanele adlulisele udaba kumabhalane yena okufanele kuthi ,Kumele bathumele ikhophi yesinqumo senkantolo kuzo zonke izinhlangothi ezithintekayo kudaba; futhi bazise/benze bonke ab
3532,524,0.2031,"Namhlanje sinohlelo lokubusa ngokwentando yeningi olusebenza kahle, oluncike emigomeni yokwenzela izinto obala nokuvulel",e ukubheka izithelo zezimfanelo zeNingizimu Afrika eziphathelene nokuphila kwezingane ngokuhambisana nezinhlinzeko zezin
6531,524,0.2031,"Namhlanje sinohlelo lokubusa ngokwentando yeningi olusebenza kahle, oluncike emigomeni yokwenzela izinto obala nokuvulel",e ukubheka izithelo zezimfanelo zeNingizimu Afrika eziphathelene nokuphila kwezingane ngokuhambisana nezinhlinzeko zezin
984,5512,0.2031,Izinjongo zayo wukuthuthukisa izinga lokwethenjwa emphakathini nemizamo yeSAPS ne-ICD yokunqanda inqubo engafanele yokuz,Ukuhlolwa kwezinqumo ezivela ezinkantolo zendabuko nakho kuyakhuluma. Izinqubo okufanele zilandelwe ukuze amacala aqhamu
5043,2376,0.2031,"Ukufinyelela kuloku kanye nokwethula kukugunyazwa kwakho, uMnyango udinga ukubona ukuthi yiziphi izinjongo okumele izifi","Ukuhlola kufanele kube njalo ukuze kutholakale ukuthi zikhona kuphi izinkinga ezikhona, futhi kube nezinyathelo ezithath"
20,5236,0.2031,"Bengamele izinkontileka zobuchwepheshe obuphezulu bezokuvikela ezibekwe kwizimboni ezihambisana nazo zezokuvikela, futhi","Abasebenzi kumele bahlale bexhumana ne-GEMS ukuze baqinisekise ukuthi izinsizakalo zabo ziphumelele, futhi baphendule ka"
6942,3079,0.2031,"IDP, sikubona kuzoba nomthelela omuhle kakhulu ekuphuculeni izimpilo zabantu ngokusheshisa, nokulethwa kwezidingo. Sonke","Lokhu kuxhunyaniswa nokukhuthazwa kwempilo yesifunda, isimo somnotho, kanye nezidingo ezithile zomphakathi. Ukuvezwa kwe"
7706,6660,0.2031,"Inqubomgomo ingethuthukisa ngokwemvelo yayo kanti nesisekelo sokufaka kukontileka ngezokubambisana kunesokungqubuzana, u","Lokhu kusebenza kwezakhamuzi kunika igunya elikhulu kubo bobabili. Ukuhlobana phakathi kwabo, odokotela nabahlengikazi, "
6566,6644,0.2031,"Umabhalane kufanele kuthi emva kokuba esemise usuku okuzoqulwa ngalo udaba, azise ummngali kanye nommangalelwa ngosuku l",Kumele bathumele ikhophi yesinqumo senkantolo kuzo zonke izinhlangothi ezithintekayo kudaba; futhi bazise/benze bonke ab
7078,6213,0.2031,izinguquko ezisemthethweni ezingaphazamisa i-EPMDS zaziswa ngendlela okuyiyo. uphiko kanye nezisebenzi zinikezelwa ukwes,"Ubudlelwano obuqinile phakathi kwabafundi, othisha, nabazali bubalulekile ukuze kufezwe impumelelo yokufunda. Uma ubuchw"
5344,1339,0.2031,"Ngakho, amaqhinga okuhlela angehluka kuMasipala wesigaba A (Umkhandlu omkhulu) no C wesifunda kanjalo no B (owendawo). I",Izivumelwano zokufinyelela zenza kube nokwenzeka ukuthi osonkontileka bahlale bejolise ekwenzeni izinsizakalo eziphumele
7706,2602,0.2031,"Inqubomgomo ingethuthukisa ngokwemvelo yayo kanti nesisekelo sokufaka kukontileka ngezokubambisana kunesokungqubuzana, u","Ukwesshwa kolwazi kudinga ukuzihlanganisa kwezinhlangano zomphakathi, izinkampani, nohulumeni. Lokhu kuzokwenza kube lul"
5293,5065,0.2031,"kumele ibe namakhono athize noma ulwazi lobuchwepheshe olungasetshenziswa ngabenkonzo yamaPhoyisa, isibonelo, ama-pilot,",Bangakwazi ukuqeqeshwa ukuze babe neqhaza lokweseka emaphoyiseni. Ukuze benze imisebenzi yokweseka emahhovisi kazwelonke
5089,8116,0.2031,"Mhlawumbe ungathanda ukuthi ngikunikeze umbhalo ukuze nawe uwubheke futhi. Okumele kwenzeke ukuthi, lolu khetho lenganye",Sizovakashelwa esibhedlela iItshelejuba ngomhla ka-6 kuNdasa 2004. Bonke abadlali balungiselela kusukela kwesonto lokuqa
4334,5065,0.2031,Iingaqeqeshelwa imisebenzi yokusizana namaphoyisa efanele. ukwenza imisebenzi yokusekela emahhovisi emkhakheni kazwelonk,Bangakwazi ukuqeqeshwa ukuze babe neqhaza lokweseka emaphoyiseni. Ukuze benze imisebenzi yokweseka emahhovisi kazwelonke
6411,3649,0.2031,"Abaqashi kufanele baqinisekise ukuthi amalungelo abasebenzi malungana ne-HIV/AIDS, kanye nezinsizakalo abangazithola uma","Lokhu kuqinisekisa ukuthi i-GEMS iyakwazi ukuhlinzeka ngezinsiza ezidingekayo kumuntu ofanele. Ngemuva kokufaka isicelo,"
3554,134,0.2031,Nizokhumbula ukuthi engqungqutheleni yethu yokugcina yogesi ngo-2005 savumelana ngokuthi sizobheka imiphakathi u-ESKOM a,"Izimayini: Ukubaluleka Nokuphikiswa Ezinsukwini zethu, izimayini zidlala indima ebalulekile emnothweni wezwe. Zivula ama"
3257,159,0.1953,Nginethemba elikhulu lokuthi uzohola lo mnyango ngendlela ezokwamukelwa yiziguli nemindeni yazo. Uzosebenzisana nethimba,"Phambilini, sakhuluma ngezizinda eziphila ngaphansi komholo othile. Ukuze sakhe lezi zikhungo, sahlola umgomo ukuze sihl"
7438,8008,0.1953,"Uhlelo lokuhlola intuthuko lokuhlola ukuthi ingane yakho ikhula ngendlela efanele ngokuphathelene nokuhamba, ukukhuluma,","I-Bolt ibonisa ukuthi izinkampani zingakwazi ukuhamba phambili ngaphandle kokulimaza imvelo, futhi lokhu kufanele kube i"
4198,7775,0.1953,"Uma ibhodi lokudlulisa icala libekela eceleni noma yisiphi isinqumo noma ukwenza, izindleko ezikhokhwa ngodlulisa icala ",Okungenani elinye lamalungu akhethwe yiBhodi kumele libe nolwazi lokuphatha kwezimali. Bazokwenza noma babe yilungu imin
7877,956,0.1953,"Futhi, ngokuhambisana nokwehlisa ubuphofu kanye namasu okuqinisa ukondleka komzimba, uhulumeni uzokhuthaza uphenyo ngezi","Ukusebenza Kwezikhungo Njengama-ATM Ngiyabingelela! Ngabe uzitholele ukuthi izikhungo zethu zisebenza kanjena, njengezik"
1064,5414,0.1953,"Ekusungulweni kwe-NER(Umlawuli kagesi ezingeni lika Zwelonke) ngoMbasa enyakeni ka-1995, I-NER yazibophezela ekwenyuseni",Uhlelo lokunakekela oluqinile luzodinga ukufaka izici eziningi ezithinta impilo ukuze kuqinisekiswe ukuthi umntwana utho
6942,1441,0.1953,"IDP, sikubona kuzoba nomthelela omuhle kakhulu ekuphuculeni izimpilo zabantu ngokusheshisa, nokulethwa kwezidingo. Sonke","Izithiyo ezibhekene nokukhula kwezingadi zokudla Noma kunjalo, ukukhula kwezingadi zokudla akukhululekile ezitheni ezith"
496,4317,0.1953,Akukho daba oluyokwethulwa emkhandlwini noma eKomidini eliKhulu ngayinoma yiliphi ilungu lomkhandlu ngaphandle uma kunje,"Izibhedlela kumele zibe nezinhlelo ezithuthukisiwe zokubhalisa, ukuze ziqinisekise ukuthi akekho ohlushwa yizithiyo zoku"
3371,2618,0.1953,Faka izipuni ezincane ezingu-8 zikashukela nengxenye yesipuni esincane elingene kasawoti. Yihabule kaningi ngangokunokwe,"8). Igama lami nguDudu. Sizokhuluma ngokuphuza utshwala. Ukuze sikusize wenze isinqumo sokuthi utshwala luhle noma lubi,"
3997,5231,0.1953,Imininingo eqoqwe kumasempula ocwaningo amabili e-Statistics SA asathola ukuhlaziywa kanye nokuqinisekiswa kwangemuva ko,Lezi zinto kumele zidluliselwe kwiSAPS ngesikhathi sokuhlola. Injabulo esiyithola kulokhu nezindaba ezivela ekuxhumaneni
950,2585,0.1953,"Ukwenziwa kwesimo esiphephile nempilo ehlanzekile yomphakathi ngokunciphisa ukwakheka kwadoti, ukusetshenziswa kwezinto ","Lokhu kuqinisekisa ukuthi abafundi bathola amathuba amaningi okuhlola, ukucwaninga, nokuzifundela. Ukwaziswa kokwenza uc"
1259,6738,0.1953,Sithole lonke ulwazi olufanele. Ukulunga okukhona kuchaza ukuthi onke amaphuzu abekiwe kumelwe ukuba abhekisiswe kahle y,"Ngaphezu kokuba nendima yokuhlela eyasungulwa ngaphambili, i-IDP ivele njengethuluzi lokuphatha amaMasipala futhi njenge"
1894,2586,0.1953,"Uhlelo lwesikweletu luyodinga amacebo okuncishiswa kobumba okuvunyelwene ngawo, amacebo esikweletu nokubamba iqhaza ekuS",Wavunywa yiPhalamende ngo-1998. I-Mthetho Wamanzi Kazwelonke ithi amanzi ayinsiza yemvelo eyinhloko yabantu bonke baseNi
6480,69,0.1953,Inkampani yaphesheya ngeke yakwazi ukwenza isicelo sokubhalisa eNingizimu Afrila. Zinkampani ezibhalise lapha ezweni kup,3.2. Ukuqwashisa Nokuqeqesha Kubalulekile ukuqwashisa bonke abasebenzi abathintekayo ngezinyathelo ezidingekayo zokushus
2825,2853,0.1953,"Ukudla okunomsoco kwandisa amandla okulwisana nezifo nokungenwa yizifo, kwandisa amandla futhi kwenze umuntu azizwe eqin","Icebo lakwa-Eskom lokubuyisela izikweletu kumasipala Njengoba izinkinga zezimali ziqhubeka nokukhula, izinkampani ezinku"
6378,1666,0.1953,imiphakathi lapho kufaneleka khona. Kubalulekile ukugcizelela ukuthi akunakwenzeka ukunika bonke abadobi amalungelo okud,"Lokhu kuholela ekwakhiweni kwemiphakathi emisha, ethinta imikhuba yokuphila, izinkolelo, nezilimi. Ukuxuba kwabantu abav"
8103,4454,0.1953,Umnyango ngamunye womugqa kazwelonke uzawuqhubeka uhole ukuhola kanye nokweseka ukusetshenziswa emisebenzini kanye nokwa,Umbiko: Ukwakheka Kwezikhungo Okufanele Abasebenzisi Isingeniso Ukwakheka kwezikhungo okufanele abasebenzisi kubalulekil
5499,3476,0.1953,"Into ebaluleke kakhulu ezokwenziwa kuqala kuzoba ukuhlinzeka amanzi kanye nokuhanjiswa kokungcola, okubamba iqhaza eliba","Lokhu kudinga ukuxhumana phakathi kwezazi zezempilo, abahlinzeki bezinsizakalo, kanye nabantu bomphakathi ukuze kudaleke"
5336,90,0.1953,Kuthinta amanani entengo kagesi: Ukulahleka kwemali engenayo ekulahlekeni kwentengiso kusho ukuthi lokhu kushoda kudinge,"Njengomnyango, emalini edlule, senze imikhankaso engu-45 yezempilo, okuyimizamo yokufundisa imiphakathi ngempilo engcono"
2681,3965,0.1953,IBhodi ngokuxhumana neLungu loMkhandlu oPhethe lingamisa isiKhulu esiPhezulu emsebenzini kusalindwe imiphumela yophenyo.,"Ngikhuluma ngedokhumenti ""enamanani alinganayo"" futhi ngizojabula uma ngazi ukuthi impendulo ingalindelwa nini. Inani el"
1800,24,0.1953,Udlame kanye nokwesaba okuhambisana nalo kunganqotshwa ngokuvimbela. Ubufakazi obuningi bukhombisa ukuthi othisha abanin,"Lokhu kuhlanganisa ukusebenzisa izinhlelo eziphakeme zokuvikela ulwazi, ezinjengokufaka izinhlelo zokuphepha, ukuhlola a"
3521,2654,0.1953,"Baningi abagulayo, abanye babo bazobulawa yizifo ezingavimbelekayo. Lapho imilomo yamaphayiphi ivimbekile, amaphayiphi e",Umbiko Ngokwakha: Izinkolelo Nezinto Eziphambili Kwezokwakha Isingeniso Ezokwakha zidlala indima ebalulekile empilweni y
7299,7415,0.1953,"Amahora ayisishagalolunye ngosuku, uma isisebenzi sehlathi sisebenza izinsuku ezinhlanu noma ngaphansi ngesonto; noma 1.",Umthetho uthi bonke abasebenzi kufanele bathole okungenani imiholo ekhombisa kumaThebula 1 kuya ku-3. Ingabe bonke abase
5013,7433,0.1953,Okubaluleke kakhulu wukuqiniskisa ukuthi uhlelo lolu luyasetshenziswa. NjengomNyango nonyaka sizoqala sihlole izindlela ,"Lokhu kwaba yisinyathelo esibalulekile, njengoba kwavumela abantu abaningi ukuba bathole izinsiza zezempilo ngaphandle k"
4785,2273,0.1953,Umnyango wezoHulumeni baseKhaya neziNdaba zoMdabu. Imaphi amatemu esiwasebenzisa uma sikhuluma ngomthetho okhishiwe? Imi,"Ngakho-ke, ingxenye 6 iyashintshwa ukuze isetshenziswe inqubo yokwazisa nokuphendula ukuze i-MEC yenze isinqumo, futhi i"
4628,5162,0.1875,Ukutshala izimali nokonga - ukutshala izimali sekukhulile kule minyaka embalwa edlule. Uhulumeni utshala izigidi ezingam,"- Ukungabi Nezithakazelo: Ukuze kuncishiswe ukwakhiwa kwezithakazelo eziseqhulwini, izinkampani zingasebenza phansi ukuz"
7618,4264,0.1875,Loku kuthelela ngamandla uhulumeni ukuthi ahlole izindleko kanyen nezinzuzo zemisebenzi yakhe kanye nokuchazela umphakat,"Izinhlelo zokuhlonipha izinkolo ezahlukene zikhuthazwa, kodwa izinkinga zokuqonda phakathi kwabantu zihlala zikhona. Uku"
4814,90,0.1875,Njengamanje sinamabhodi angu 60 anomsebenzi wokubhekelela kanye nokuqinisekisa ukuthi izibhedlela ziyazilandelela izidin,"Njengomnyango, emalini edlule, senze imikhankaso engu-45 yezempilo, okuyimizamo yokufundisa imiphakathi ngempilo engcono"
5978,8017,0.1875,Lokhu kuzohlanganiswa nokukhuthazwa komkhankaso wokuZidla ngokuba ngowaseNingizimu Afrika kanye nesinyathelo esiqinile e,Ukuqapha nokuhlola ikhwalithi yemithombo yamanzi kubalulekile ukuze kutholakale ukufaneleka kwazo ezindaweni ezahlukene 
4303,6368,0.1875,IKomidi liphinde libe nezimenenja ezinkulu ngokokubona kwe-HOD. Iminyango kumele inqumo ukuthi le-DMC ibuye ilawule nama,Ukusungulwa kokuphathwa kwezinsiza zabantu okuhle nezindlela zokuthuthukisa imisebenzi. Ukuphathwa komphakathi kufanele 
4977,1835,0.1875,Iwaranti kumele isetshenziswe emini ngaphandle kokuthi kugunyazwe ngokunye. Iwaranti iyohlala isebenza ize isetshenziswe,"Kusukela ezikhathini zasendulo, abaholi bendabuko benze imisebenzi ebalulekile ezindaweni zabo nasemiphakathini. Ingxoxo"
2765,8017,0.1875,Lokhu kuzohlanganiswa nokukhuthazwa komkhankaso wokuZidla ngokuba ngowaseNingizimu Afrika kanye nesinyathelo esiqinile e,Ukuqapha nokuhlola ikhwalithi yemithombo yamanzi kubalulekile ukuze kutholakale ukufaneleka kwazo ezindaweni ezahlukene 
5497,4022,0.1875,"Ngesikhathi uqala ukulima kusho ukuthi usemsebenzini wamabhizinisi, ngakho-ke kufanele uhlanganise imininingwane yezinto","Uma izidingo seziqedile, u-Dispatcher uzothumela i-ambulensi. Ukuze lokhu kwenzeke kahle, udinga ukufanisa izinsiza ezit"
418,1524,0.1875,"Imibuzo nezimpendulo sebenzisa ithransipharensi: Umsebenzi 5.5. Lingasesha iphoyisa ngaphandle kwewaranti, uma kunjalo, ","Usayizi webhizinisi uzokutshela ukuthi ungakwenza kanjani konke lokhu. Kufanele kube ngumfuyi oqala ngokuqhubeka, ozokwa"
5275,4755,0.1875,Isisebenzi sizama ukuzijwayeza kanye nokuvumelana nayo yonke imithetho neminye imiyalo ekhona ephathelene nokuziphatha k,"Lokhu kwavula amathuba okuba abantu basebenze ezindaweni ezikude, kubandakanya izindawo zasemakhaya nasemadolobheni. Ngo"
6137,648,0.1875,Imibuzo - Zilungiselele imibuzo eqhamuka kumaLungu eKomidi. Kuwumqondo omuhle ukuthi ucabange ngemibuzo okungenzeka ibuz,Ngiyajabula ukukwazisa umphakathi waseNingizimu Afrika ngomyalo ophakanyisiwe mayelana nezemidlalo nokuzijabulisa. Lo my
3960,4727,0.1875,"Ingqikithi yanonyaka ithi ""Sisebenzela impilo ngokubambisana"". Kulokhu sasibungaza sihlonipha iqhaza labasebenzi bezeMpi","Lokhu kusebenza ikakhulukazi kwabantu abasha, okukhuthaza ukuthola amandla okuba neqhaza ezinqumweni zomphakathi. Ngakho"
1531,4765,0.1875,"Lokho kube ukwanda ekutshalweni kwezimali okuwukuthi namhlanje le namba isime kuma-22%, eduze kwama-25% ahlelelwe ukutho","Isiphakamiso sokwandiswa kwe-Gautrain: Ingxoxo noMnu. Thabo Mthembu, Umphakathi Wokuthuthuka Umphakathi: Sawubona, Mnu. "
3960,7145,0.1875,"Ingqikithi yanonyaka ithi ""Sisebenzela impilo ngokubambisana"". Kulokhu sasibungaza sihlonipha iqhaza labasebenzi bezeMpi",Ukungeniswa kweMali yeMinyaka Emithathu (MTEF) yoHulumeni wePhondo laseGauteng ka-2006/07 kubonisa isinyathelo esibalule
6745,1880,0.1875,echoma kumbe ebeka nanoma yini kulawo magceke ngaphandle kwemvume yomnikazi kumbe ohlalayo ngendlela esitha lawo magceke,"Ukugcina, ukuhlola, ukusebenzisa, ukuphuma, ukuhlukanisa, noma ukuhlinzeka noma ukuqubuka kwanoma yiluphi uhlobo lwegazi"
2490,6672,0.1875,Ngaphezu kwalokho kufanele kutholakale indlela yokuqoqa intela esebenzayo kanye nokufinyezwa kwezindleko zikaHulumeni. I,I-visa yebhizinisi iyimvume enikezwa umuntu ongaphandle ofuna ukusungula noma ukufaka imali ebhizinisini eNingizimu Afri
1575,680,0.1875,Amarekhodi omuntu akuMnyango noma inhlangano kahulumeni. Ulwazi ngabanye abantu besithathu noma amarekhodi kuphela ngoku,Inhloso yeMthetho Wokukhuthaza Ukufinyelela KwiMininingwane ukuqinisekisa ukuthi abantu bangasebenzisa ilungelo labo leM
5254,3150,0.1875,Akuvunyelwe muntu ukuthi athamele imihlangano yekomidi ukuzobheka nje ngaphandle kokuthi kuvunyelwene ngokwenhloso yokuq,"Ngaphambi kokuhlinzeka ngesicelo sokwabelana, ukuvuselela, ukushintsha, noma ukudlulisa isitifiketi sokusebenza sokuthut"
6746,1339,0.1875,"Eminyakeni yethu eyishumi yokuqala njengohulumeni wentando yeningi, sabhekisa amandla ethu kanye nemizamo yethu yokuhamb",Izivumelwano zokufinyelela zenza kube nokwenzeka ukuthi osonkontileka bahlale bejolise ekwenzeni izinsizakalo eziphumele
6160,1453,0.1875,Umuntu engafaka isicelo semvume yokukhiqiza isisi ngokwethula isicelo emkhandlwini wemvume endaweni lapho isenzo esisohl,"a Izinga lekhwalithi yomoya okufanele kulandelwe, b Indlela izindinganiso nezikhungo zikamasipala okufanele zibhale ngal"
5635,1948,0.1875,Isikhathi sokuvuna siyasondela futhi kusekhona amasimu amaningi agcwele ngokhula. Ukuxoxa kwethu njalo kuyabuyela lokhu:,"Ukuze kube nokuhamba okuphumelelayo, iziphathimandla kufanele zikwazi ukuxazulula lezi zinkinga. Ukuhlanganisa izinhlelo"
6210,5062,0.1875,"Ukukhetha izihloko eziphathelene nezimpilo zabafundi, ziphinde futhi zibafundise nokunye abangakwazi, Isib. Ukukhetha iz","Abantu abaningi baphendula ngokunciphisa izindleko zabo, okungaholela ekwehleni kokuthengwa kwezimpahla. Lokhu kubangela"
1614,4090,0.1875,"Ukuqina kolwazi kunomthelela oqonde ngqo ezimbonini ezidlondlobalayo emkhakheni wokukhiqiza kanti iningi lalezi zimboni,","Imemorandamu Yomthetho 136 yeMithetho Yesifunda yaseGauteng. Incazelo entsha ye ""isitshalo"" ifakiwe ukuze ifake indawo e"
4252,2319,0.1875,Ekulimeni kukhona amathuba amaningi ukuqamba amanga nokwenza izinto ezimbi. Cabanga ngabantu ababoleka imali kodwa abayi,Ngihlose ukufaka malini umanyolo futhi kwaba yini umphumela? Yiziphi izinyathelo engizithathayo ukuphatha izilokazane ne
4814,7661,0.1875,Njengamanje sinamabhodi angu 60 anomsebenzi wokubhekelela kanye nokuqinisekisa ukuthi izibhedlela ziyazilandelela izidin,Sizodinga futhi ukusebenza ngokubambisana nezinye izigaba ukuze sinciphise ukusabalala kwezifo ngenxa yezimo zomphakathi
3648,3297,0.1875,Ukugqugquzela intuthuko yezinhlangano zomfelandawonye zabalimi kanye nokuxhaswa ngokwezimali. Ukuphucula nokusimamisa uk,"Kubalwa ukuthi phakathi kuka-68% no-80% babasebenzi bemigodi basebenza ezingeni lokuzwa elingu-85 dB noma ngaphezulu, ok"
402,5302,0.1875,"Uma isisebenzi sishintsha umsebenzi ngesikhathi somjikelezo wokwenziwa komsebenzi kodwa sibe sisesezingeni elifanayo, ku",Izindaba zezempilo kanye namalungu anhloniphekile yizihloko eziyisisekelo ezixoxwa ezinkundleni ezibhekana nokuthuthukis
7896,1201,0.1875,Uma ngabe iziphathimandla zizibambela zona lowo msebenzi okukhulunywa ngawo kusigatshana 1a kuyokhokhwa isinxephezelo ok,UMsizi Wamakampani kufanele akhombise leyo mininingwane mayelana nokusebenza kwayo nokwesekwa kwayo ngokuhambisana nales
4418,5139,0.1875,"Ukuziqhelelanisa nezepolitiki kwizikhundla zokwengamela kwakukhona Kwikhono Lokwenza Umsebenzi, kwakungavimbela ukubheka",Kuqondene nokuphothula isigaba sokuqala senqubo yokuhlola ngaphakathi kwesikhathi esingafinyelela ezinyangeni eziyi-18. 
5852,3268,0.1875,Ukuhlola kusemqoka emfundweni esekelwe phezu kwemiphumela ngoba kumele kubelula ukuhlola lapho umfundi esefinyelele koku,Ukusiza nokufundisa abalimi ngabanye kuthatha isikhathi eside futhi kubiza imali eningi. Kungcono ukuhlanganisa abalimi 
2814,6424,0.1797,Uthango oluzungeze indlu olunamasango okhiyekayo lungcono kunodonga oluphakeme ngoba uthango luyabonakalisa ngalena kwal,"UKhisimusi: Umkhosi Wokuhlonipha Nokubungaza UKhisimusi, okungukuthi uMkhosi Wokuzalwa kukaJesu Kristu, ungomunye wemikh"
3331,7988,0.1797,Isekela Lomphathihhovisi Lolwazi kumele lazise umfaki sicelo (ngaphandle kozicelela ngokwakhe) ngezidingongqangi zokukho,"Ummeli weqembu leziMali, uMnu. Sipho Dlamini, uthe: “Siyavuma ukuthi lesi sinqumo sizokwenza kube lula kubazimele, kodwa"
4977,2368,0.1797,Iwaranti kumele isetshenziswe emini ngaphandle kokuthi kugunyazwe ngokunye. Iwaranti iyohlala isebenza ize isetshenziswe,"Umqashi kumele agcine imishini nezinsiza zokusebenza ezifanele, kanye nazo zonke ezinye izinhlelo ezidingekayo ukuze ums"
3743,3591,0.1797,Photo 4: Ingozi enkulu idalwe ezinhlokweni zikabhekilanga. Lapho lezi zinto ziningi kakhulu ukukhiqiza ubhekilanga akung,Izikhungo Zezempilo Ezingama-72: Ukubaluleka Kokwazi Izikhungo Ezemthethweni Ukuze uthole ukunakekelwa kwezempilo okufan
3526,3498,0.1797,Lokhu sizokwenza ngaphakathi emNyangweni nasemiphakathini. Uhlelo lwethu lokunakekela abasebenzi kanye nalolo olukhuthaz,Ukunakekelwa Kwezingane Ezisanda Kuzalwa Ezibhedlela Umbuzo 1: Yini eyenzeka ngesikhathi sokubeletha? Impendulo: Ngesikh
6301,4167,0.1797,Indlela esihamba ngayo ekuthuthukiseni abantu imiselwe ngakolunye uhlangothi kwisidingo sokwenyuka ngokushesha kwesibalo,"Utshwala, ukuhamba, nezinye izinto zingadambisa isitho sokukhuluma, futhi sizisebenzisa emsebenzini nasemakhaya, futhi e"
1564,4300,0.1797,I-SABC ibisezinkingeni zezezimali ezinzima futhi isu lokubheka isikhathi sokwenziwa komsebenzi kwakuhloswe ngakho ukuthi,"Ukuze bakwazi ukukhuphuka, abavakashi kufanele bazi kahle izimo zomoya, izimo zokwakheka, kanye nezingozi ezihambisana n"
4717,190,0.1797,"Omunye wemisebenzi yamaphoyisa endabuko kwakuwukukhipha izaziso, ukuyalela abathintekayo namalungu omphakathi ukuthi bay",Lapho isicelo sokusebenza okudingayo izimvume zemvelo ngaphansi kwale mithetho kufanele senziwe ngokuhambisana neminye i
7492,1875,0.1797,"Ilungelo lokufunana nomcebo wamamaminerali, yivume evumela inkampani noma umuntu siqu ukwenza i-survey noma ukuphenyisis","Imvume yokwenza ibhizinisi lokumbiwa yiphepha elikhishwe nguMnyango WezamaNandi Nezamandla, elikuvumela ukuthi wenze imi"
6992,1859,0.1797,UMnyango wezoLimo uhlola amasampuli ezimbewu ukuqinisekisa ukuthi zimsulwa ziqhuma ngokufanele futhi ziyakwazi ukuqhubek,"Lokhu kuhlanganisa ukuhlukunyezwa, ukuxhashazwa, nokuthola ulwazi olungekho emthethweni. Ngenxa yokuthi abantu bavame uk"
4344,89,0.1797,"Ukuphathwa kwezinga lokusebenza: Uhlelo olunenhloso, oluqhubekayo okuhloswe ngalo ukuphatha nokuthuthukisa indlela yokuz","Umphumela: Isitatimende esibanzi mayelana nenjongo ethile, izinhloso, noma umphumela ohleliwe, odinga ukuthi kube khona "
5635,8054,0.1797,Isikhathi sokuvuna siyasondela futhi kusekhona amasimu amaningi agcwele ngokhula. Ukuxoxa kwethu njalo kuyabuyela lokhu:,"Ukubhekana nezinkinga zempilo kungaba yindlela yokubona amandla ethu okuphila, sithole ukukhula okungaphakathi. Izifundo"
3177,3636,0.1797,"2.1 Uhlelo lweMpi luwuhlelo ongena kulo ngokuzikhethela, oluyingxenye yoMbutho wezeMpi waseNingizimu Afrika olusebenza n",Umholi wePhrojekthi angazisa umphathi waleso sikhathi uma kudingeka amandla aqinile. Inqubo yokuxhumana ingathatha isikh
6065,3636,0.1797,"Uhlelo lweMpi luwuhlelo ongena kulo ngokuzikhethela, oluyingxenye yoMbutho wezeMpi waseNingizimu Afrika olusebenza ngoku",Umholi wePhrojekthi angazisa umphathi waleso sikhathi uma kudingeka amandla aqinile. Inqubo yokuxhumana ingathatha isikh
8031,2704,0.1797,"a ngokuthanda kwayo noma ngemuva kokuthola isikhalo, iphenye noma yikuphi ukungaziphathi kahle noma ukwephula umthetho o","Eminyakeni yethu yokuqala eyishumi njengohulumeni obusayo, siqondise amandla ethu nemizamo yethu ekushintsheni kusukela "
5629,6693,0.1797,"Ukuphatha ukukhiqiza kwezokulima - lapha kukhona ukuphatha ibhizinisi lezokulima, ukuphatha nokulondoloza umhlabathi, iz","Lokhu kungabandakanya ukwenza amaqhinga ezokuxhumana online, ukulandela izithameli zakho ezicelweni, nokuzama izindlela "
3434,2166,0.1797,"Kukhona amagama amaningi achaza lokhu kunamathela komuthi njenge-adjuvent, okugezayo (detergent), ukwakha okungamanzi (e",Kufanele sihlale sikhumbula ukuthi inhloso yokulima ukuhweba ekugcineni. Kudinga imali eningi ukuze uqale uk planting um
5896,5785,0.1797,Photo 1: Isihloko esizungulezayo esiphakathi sikhombisa ukunisela okuningi okwenzeka ekugcineni lapho amanzi awa khona. ,I-NAFVSA ihlose ukufinyelela emiphakathini yasemaphandleni engazi ukuthi le archive ingakwenza kanjani njengoba nayo ina
5523,7315,0.1797,"Ukubona lnqubekela phambili eseyenzekile kusu kela kuqala um-buso wentando yeningi, mayelana noguquko kuzinhlelo zobulun","Umuntu ngamunye unomthwalo wemfanelo wokuhlonipha amalungelo abanye, okungukuthi, akufanele enze okuthile okungalimaza a"
2283,1432,0.1797,Umthethosisekelo waseRiphablikhi yaseNingizimu Afrika ka 1996 (uMthetho ongunombolo 8 ka 1996) uthi wonke umuntu unelung,"Umthetho wokuhlanganisa intela ngenani, ka-1991. Imithetho ehlukene ebhalwe kuSheduli 1 yomthetho ophatha i-South Africa"
2570,5859,0.1797,b umbutho wamaphoyisa aseNingizimu Afrika kufanele usebenzise izinyathelo zokuqondisa izigwegwe kunoma yiliphi ilungu la,"Ukuze lokhu kwenziwe, kubalulekile ukuba nezinqubo ezicacile zokuhlola, ezihlanganisa isilinganiso sebanga lezingozi nez"
1655,6836,0.1797,"Ehanjiswa kubo . Amaphini Abaqondisi Jikelele, Abaqondisi Abakhulu kanye naBaqondisi eHhovisi Eliyinhloko namaHhovisi Ez","Ngokuhambisana neMithetho Emisha neThuthukiswa, phakathi neminyaka eyishumi nambili yokuqala kuhulumeni wenkululeko, sig"
7437,1334,0.1797,Sidinga ukuthi abafundi bethu bazuze imiphumela ebonakalayo kwibanga ngalinye nakwisifundo ngasinye kulezi. Ngesikhathi ,"Impi yaseSandlwana, eyenzeka ngonyaka we-1879, yenzeka ngesikhathi sokungqubuzana eNingizimu Afrika. KwaZulu, uSuthu noM"
6210,1338,0.1797,"Ukukhetha izihloko eziphathelene nezimpilo zabafundi, ziphinde futhi zibafundise nokunye abangakwazi, Isib. Ukukhetha iz","Lokhu kudala umoya wokungazethembi, ikakhulukazi kubantu abasha abathola ukuthi izinga labo lokuphila lilinganiswa ngemp"
6774,742,0.1797,Ngaphandle kokuhlobana kohlelo lwentuthuko edidiyele emiphumeleni yentuthuko ehambisana kakhulu nezinhloso zomthethosise,Ukubambisana nezinye izikhungo zomphakathi kuzohlale kuba yinto ebalulekile emizamweni kahulumeni nasemsebenzini wawo wo
484,7573,0.1797,"Namanye amalungu uNgqongqoshe angawabona efanele. b kungathi ngokwesigaba 1, aqoke nelinye ilungu elizoshintshana nelung",Usizo ekunyakazeni kwezikebhe lubhekisela kunoma iyiphi indlela esetshenziselwa ukulawula noma ukuhlela ukuhamba kwezike
5705,1617,0.1797,"Iqhaza elibanjwe ngabantu emizamweni yokuthuthukisa amazinga ezimpilo zabo, ukuthuthukisa umbono wobunini kwinqubo, ukuz","Kubonakala sengathi abanye abasebenzi abamnyama bacabanga ukuthi kuphela abantu abamhlophe abadinga uguquko, hhayi bona."
970,3729,0.1797,"Umsebenzi wami : ukusebenzisa izinkantolo ngenhloso yokuxazulula ingxabano, ukugwema ukuzibambela umthetho. Umsebenzi wo",Lesi sakhiwo esivumela sizokwenza ukuthi abantu bakwazi ukufinyelela ngokuphelele amandla abo emphakathini futhi bakhe i
3432,6483,0.1797,Imali yabo bayifakela isikhathi esingaziwa futhi bangafaka izibizo zenzuzo kuphela emva kokukhokhwa kwazo zonke izikwele,"Okokuqala, kubangelwa ukulahleka kwemali kubantu abahlala ezindaweni ezithintekile. Imizi ibhujiswa, izimpahla zibhujisw"
2828,1567,0.1797,b umuntu oqashwe umndeni njengomshayeli wemoto; kanye c nomuntu onakekela noma imuphi umuntu kulowo muzi; kodwa akumband,Ukwakhiwa kweMali Yokuhlinzekwa Ngemali Yokungasebenzi; ukuhlinzeka ngosizo lwezezimali kubantu abathile abangasebenzi k
7046,726,0.1797,Kunemisebenzi evama ukuholela ekuphazamisekeni kweqolo (WRULD) kwabanye abasebenzi. Kunemininingwane eminingi engatholak,Akukho ingxenye yalolu bhali engaphindwa noma idluliselwe ngenye indlela noma ifomu ngaphandle kokuthola imvume ebhaliwe
8103,1478,0.1797,Umnyango ngamunye womugqa kazwelonke uzawuqhubeka uhole ukuhola kanye nokweseka ukusetshenziswa emisebenzini kanye nokwa,"Uhlaka lokuguqula ubuciko, isiko, kanye nezinsiza zomlando wezwe luboniswe kuMthetho Wokwenziwa KwezeMisebenzi, Isiko Ne"
1365,4320,0.1797,"Ukuhlinzeka nokudiliva umanyolo ePulazini lase-Outeniqua Experimental. Imisebenzi yokulima ukugandaya, izingadi zamagile","Lokhu akusilo uhlu oluhlanganisa konke, kodwa uhlu oluncane olunemininingwane engakwazi ukwazisa umphakathi mayelana nal"
2283,6079,0.1797,Umthethosisekelo waseRiphablikhi yaseNingizimu Afrika ka 1996 (uMthetho ongunombolo 8 ka 1996) uthi wonke umuntu unelung,"noma yimaphi umthetho, isikhumbuzo somthetho, isaziso sikahulumeni, noma umyalo ophumelele ngokuhambisana nale mithetho "
7685,6901,0.1797,Ngicela ukubonga bonke abakhokha intela ngokusebenzisana nathi kwabo kanye nokuqonda kwabo ngesikhathi sokuhlanganiswa k,Inqubo yokwenza lokhu okwenziwe ibhizinisi iqondiswa yizinhloso nezifiso ezibekwe kule mithetho. Lezi zindawo ezilandela
267,5170,0.1797,Abantu abavela ngaphandle baqala ngokuba ngabafundi bese bekwazi ukuba ngabeluleki abakhuthazayo. Umnyango wezeNhlalakah,"Ukugunyazwa kokwelashwa (GEMS medical treatment authorization) Kuwo wonke umuntu, impilo iyigugu. Ukuze siqhubeke siphil"
2300,1184,0.1797,c Inqubo yokususa indiza enophephela emhlane ngohlelo lwe-GNSS luyokwenziwa ngomjikelezo wamahlandla angama-70 noma ngap,Lokhu kungaholela ekutheni uhulumeni noma izikhungo ezizimele zibe nezinselelo zokuphatha izinsiza ngendlela efanele. Um
7388,6805,0.1797,"UNgqongqoshe, umphathi womnyango kahulumeni wesifunda noma ilungu lombuso elithunyiwe, lokho okukhona, bangacela odlulis","Ngokusebenzisa imali ethokozisayo futhi echazwe ngezinhlinzeko nemiyalelo yomnyango kanye nohulumeni ukuze ahlinzeke, um"
5313,5908,0.1797,"Lokhu kwenza ngcono isidingo sokuthi izindawo ezisemadolobheni zihlinzeke ngosizo kulabo ababethembele kuzona, okuphinde","Umthelela wesikhathi eside womkhankaso we-Fees Must Fall UMkhankaso we-Fees Must Fall uqale ngo-2015, uwumzamo wokuphiki"
2247,89,0.1797,"Ukuphathwa kwezinga lokusebenza: Uhlelo olunenhloso, oluqhubekayo okuhloswe ngalo ukuphatha nokuthuthukisa indlela yokuz","Umphumela: Isitatimende esibanzi mayelana nenjongo ethile, izinhloso, noma umphumela ohleliwe, odinga ukuthi kube khona "
1052,5977,0.1719,"Nakuba kunjalo-ke, kusekuningi nokho okusafanele ukuthi kwenziwe ukuze kugqugquzelwe usikompilo lokulethwa kwezinsizakal",iGautrain: Ukubuyekezwa Kwezokuthutha Esifundazweni SaseGauteng Isingeniso IGautrain iyinhlangano yokuthutha ebukhoma eG
5044,5982,0.1719,"Ukuze ibhizinisi liphumelele, lifanele liphathwe ngendlela efanelekile. Ukuba namasu aqondile kubalulekile ngoba ayisise","Uma uthengisa ukudla kuphela kuwe, ukuthengisa akusona isihloko. Kodwa uma uqala ukutshala ukudla okuzothengiswa, kuding"
1111,6021,0.1719,"d ukuqashelwa ngaphansi koMthetho waBasebenzi boMphakathi isikhundla sokusebenza noma sokufinyelela eZinganeni, inhloko ","Isu lokuphatha imithombo yamanzi, njengoba lichazwe kumgomo 1, kufanele libhalwe ngokuhambisana nezikhombisi-ndlela zeMn"
7804,2081,0.1719,"Ezinyangeni ezimbalwa ezizayo ngokuncika okhethweni lukazwelonke nolwezifundazwe, sizozama ukuqedela lelo gunya elamukel",Ngiyajabula kakhulu ukwethula isu lokusebenza leMithetho Yezilimi Kazwelonke eyethulwe nguNgqongqoshe. IMithetho Yezilim
1761,5908,0.1719,Izinyathelo ezithathwe ohulumeni besifundazwe kanye nabasekhaya ekunciphiseni imithetho enezivimbelo kanye nezimo zokuph,"Umthelela wesikhathi eside womkhankaso we-Fees Must Fall UMkhankaso we-Fees Must Fall uqale ngo-2015, uwumzamo wokuphiki"
7354,2063,0.1719,Imibandela yokuqashwa komuntu njengomabhalane ngokuyala kwesigatshana (1) ngenhla iyefana nemibandela yokusebenza esents,Umuntu osebenzisa amanzi ngendlela enomthelela omkhulu noma ngenhloso yokwenza inzuzo yokuzijabulisa kufanele afake isic
711,2063,0.1719,Uma izinto zingeke zidayiswe ngokwesigatshana (3) iSikhulu Esigunyaziwe okuyisona esengamele indawo yokugcina impahla si,Umuntu osebenzisa amanzi ngendlela enomthelela omkhulu noma ngenhloso yokwenza inzuzo yokuzijabulisa kufanele afake isic
935,6115,0.1719,Ukuqaphelisisa amagama nezakhiwo zohlelo abazijwayele besesezingeni eliyisisekelo. Ukufunisisa indlela ulimi olwengeziwe,"Abesifazane, ikakhulukazi, bahlala besengozini enkulu yokuthola leli gciwane ngenxa yezindlela zamasiko nezincithakalo z"
7086,6147,0.1719,Kukuwe ukukhetha lezo zeluleko ezizokusebenzela. Kungenzeka uqaphele izinguquko ezithile endleleni yakho yokuziphatha ng,Umphakathi uhlanganisa izifundo eziyisisekelo nezesayensi ukuze kwendawo kukhuthazwe ukudlondlobala kwezimoto eziphuthum
4001,8109,0.1719,Awukho umlingo ongenziwa wokuguqula nokuletha imiphumela esheshayo noma usuthanda kangakanani. Kunesikhathi lapho labo a,"Izinkinga Zamanzi Emiphakathini Isingeniso Namuhla, sizoxoxa ngezinkinga zamanzi ezithinta imiphakathi yethu. Amanzi ayi"
1572,8127,0.1719,Ukugqugquzela ngokuzuza kanye nangendlela efanele kwamanzi kuyintshisekelo yomphakathi. Kungumbalo wezomthetho ngakho fu,Umthelela Wama-Social Media Entsheni Ngiyavuma ukuthi ama-social media ayingxenye ebalulekile yomphakathi wethu namuhla.
6909,6747,0.1719,Abantu besifazane bangaphezu kwesigamu sabantu baseNingizimu Afrika yingakho-ke kumele amazwi abantu besifazane kumele a,"Inkululeko isifinyelelwe, manje sekuyisikhathi sokuthi abantu baseNingizimu Afrika babambe iqhaza ekuguquleni izwe lethu"
1295,6752,0.1719,Kumele kugcizelelwe ukuthi ukuthuthukiswa kwale ncwadi kuyinqubo ebalulekile futhi kuzodinga ukuba ibukezwe ngazo zonke ,Iphrojekthi ye-DNS ikhule yaba nezinye izindlela zokwakha ibhizinisi elibalulekile. I-fund isebenza emhlabeni jikelele f
1347,7893,0.1719,b Ukukhathazeka kungatholwa yibo bobabili umama kanye nengane njengomphumela wesikhathi esithathwa ekunceliseni lapho in,"Izenzo zami zenkampani kufanele zibe nemiphumela engathuthuka, okwenza umphakathi uqaphele nokuthi kumele uxhumane nezin"
3108,6914,0.1719,Amaningi aphuma esikhathini lapho amaqophelo nendlela yokuziphatha beyicindezelwa yimikhakha emibili: izidingo zomphakat,"Umthelela Kwezomnotho Iziteleka zabasebenzi zinezimpawu ezithile ezithinta umnotho. Ngokweqiniso, uma abasebenzi bephuma"
2895,1009,0.1719,Ukunikezela amamaki ezinga lokusebenza konyaka: Ukunikezela ngamamaki okwenziwa komsebenzi konyaka njengengxenye yokuhlo,"Lokhu kungabandakanya ukuqapha ukusetshenziswa kwezinsiza, ukwakha izinqubomgomo ezicacile zokusetshenziswa, kanye nokuh"
6627,5062,0.1719,"Lesi sitatimende sisebenzisa imikhakha yokufunda ukufeza lezi zinjongo, lokho okulindelekile kanye nemiphumela okumele i","Abantu abaningi baphendula ngokunciphisa izindleko zabo, okungaholela ekwehleni kokuthengwa kwezimpahla. Lokhu kubangela"
3526,1350,0.1719,Lokhu sizokwenza ngaphakathi emNyangweni nasemiphakathini. Uhlelo lwethu lokunakekela abasebenzi kanye nalolo olukhuthaz,"Isingeniso Ukubhikisha komphakathi, okwaziwa nangokuthi ""iziteleka zomphakathi,"" kuyinqubo ebalulekile yokuzwakalisa imi"
2916,2651,0.1719,"Ngesikhathi sokungenelela kusukela lapho, sesibhekene nezinselelo eziningi kodwa saphinde sazinqoba. Gcina isikhwama sak",UNgqongqoshe kumele akhiphe imithetho ethile mayelana nanoma yini okufanele ayinqume ukuze kuqinisekiswe ukwenziwa kahle
5847,5303,0.1719,Kwakunababili kuphela ababesalele ukuvula amasango avulwa wumshini uma kwakungenzeka kube khona abakhishwayo. Kunezinhle,Kuyisakhiwo futhi kuhlala kuyisakhiwo solwazi oluphilayo lwemiphakathi ehlukene ezimweni zomlando ezithile. Kuyilokho ul
1389,5764,0.1719,"UMthetho uhlinzekela uhlaka olubanzi kwezomthetho malungana nenani lamakhophi okufanele ukuba agcinwe, isimo okufanele a","Sizokhuluma kakhulu ngendlela izikhungo ezithinta ngayo umphakathi. Njengoba sikhangisa imizwelo ethile, lezo zikhungo z"
5882,5264,0.1719,"Ikhomba ubuthakathaka kohlelo ohlelweni lwezobulungiswa oluqondene nobugebengu, kusukela ekuphenyweni kobugebengu kuye e","Impilo Yengqondo: Ukubaluleka Kwayo Empilweni Yethu Empilweni yamanje, lapho ubuhlungu bempilo yengqondo buvele ngokukha"
7885,923,0.1719,Uhlelo Oludidiyele Lokuphathwa Nokuthuthukiswa Kokwenziwa Komsebenzi (IPMDS): Uhlelo lokuphathwa kokwenziwa komsebenzi o,"Lawa magama afushane angatholakala emibikweni, kuma-MOU, nasemithethweni eshicilelwe yiphalamende. Ku-NLTTA (qaphela lel"
403,923,0.1719,Uhlelo Oludidiyele Lokuphathwa Nokuthuthukiswa Kokwenziwa Komsebenzi (IPMDS): Uhlelo lokuphathwa kokwenziwa komsebenzi o,"Lawa magama afushane angatholakala emibikweni, kuma-MOU, nasemithethweni eshicilelwe yiphalamende. Ku-NLTTA (qaphela lel"
852,956,0.1719,"Noma yiliphi ilungu labasebenzi akufanele, ngaphandle kokuthola imvume ebhaliwe kwisiKhulu esiPhezulu, lenze noma yimuph","Ukusebenza Kwezikhungo Njengama-ATM Ngiyabingelela! Ngabe uzitholele ukuthi izikhungo zethu zisebenza kanjena, njengezik"
1936,3161,0.1719,"Umlando uyasitshela ukuthi ekuvikeleni abantu bawo, amasiko kanye nomhlaba amaKhosi amaningi kufaka phakathi nalawo avel","Okokuqala, kubalulekile ukuqonda ukuthi lezi zingxoxo ziqala kanjani. Izinsuku ezibekiwe ziba yisikhathi sokuphendula im"
6909,931,0.1719,Abantu besifazane bangaphezu kwesigamu sabantu baseNingizimu Afrika yingakho-ke kumele amazwi abantu besifazane kumele a,"Ngaphezu kwalokho, izinsolo zenkohlakalo zenza kube nzima ukufaka izinhlelo zokuthuthukisa umphakathi. Uma abantu benoku"
160,7248,0.1719,"Ngokuqaphela ukubaluleka kwentandoyeningi kanye nokuthatha izintambo ngoxolo, u-Erwin uthe eNingizimu Afrika. Umphumela ","Abafundi abangenayo imfundo efanele bahlala benokungabi nempumelelo ezimpilweni zabo, okwenza kube nzima ukuthola amathu"
4027,931,0.1719,Abantu besifazane bangaphezu kwesigamu sabantu baseNingizimu Afrika yingakho-ke kumele amazwi abantu besifazane kumele a,"Ngaphezu kwalokho, izinsolo zenkohlakalo zenza kube nzima ukufaka izinhlelo zokuthuthukisa umphakathi. Uma abantu benoku"
5745,1094,0.1719,"Kudingeka futhi ukuzilungisela ukuze kube khona intilansipoti, imishini, izimali zokuqala ukutshala endaweni efanelekile",Ukudla enkampanini 3 kugcwaliswe. Imisebenzi enama-lambs angu-100 iqediwe. Lungisa indlu 3 (susa ukulala okudala). Imise
1797,1009,0.1719,Ukunikezela amamaki ezinga lokusebenza konyaka : Ukunikezela ngamamaki okwenziwa komsebenzi konyaka njengengxenye yokuhl,"Lokhu kungabandakanya ukuqapha ukusetshenziswa kwezinsiza, ukwakha izinqubomgomo ezicacile zokusetshenziswa, kanye nokuh"
3590,2365,0.1719,"Ngaphandle kokuzifaka engozini, iyozama ukunqunda abashayeli, ababhekeleli, noma abagibeli ukuba bangaphathi izikhali, f","Umnyango kufanele wenze izivumelwano zokuhweba ezindaweni zokuhweba zomphakathi, ezizoba yisivumelwano phakathi kweKhans"
6774,7770,0.1719,Ngaphandle kokuhlobana kohlelo lwentuthuko edidiyele emiphumeleni yentuthuko ehambisana kakhulu nezinhloso zomthethosise,Izingxoxo zePhalamende ngesikhathi se-Presidential Question Time Izingxoxo zePhalamende zidlala indima ebalulekile ekubh
7035,4489,0.1719,Iqhinga kufanele likwazi ukuzwelana nezinjongo zikazwelonke zentuthuko yomnotho neqophelo elifanele lempilo yazo zonke i,Ukulalelwa Komphakathi Mayelana noMshwalense Wezempilo Kazwelonke (NHI) Uhlelo lweMshwalense Wezempilo Kazwelonke (NHI) 
5300,7708,0.1719,"Nokucwaningwa kwamabhuku ezimali kwangaphakathi, ukulawula kwangaphakathi, izindlela nezinqubo zokubala izimali, izimo e","Lokhu kuthuthukisa umuzwa wokuba nenhlonipho, kanti futhi kunciphisa umthwalo wezinkinga zengqondo. Ngaphezu kwalokho, k"
5065,7770,0.1719,"Kuyisizathu esijwayelekile ukuthi, emva kokudondobala komnotho kwasekuhambeni kweminyaka yama-1980 kanye nasekuqaleni kw",Izingxoxo zePhalamende ngesikhathi se-Presidential Question Time Izingxoxo zePhalamende zidlala indima ebalulekile ekubh
1453,648,0.1719,"I-LiEP ibhekene nalezi zindaba ezifana nolimi/nezilimi zokufunda nokufundisa ezikolweni zikahulumeni, ohlelweni lwezifun",Ngiyajabula ukukwazisa umphakathi waseNingizimu Afrika ngomyalo ophakanyisiwe mayelana nezemidlalo nokuzijabulisa. Lo my
5313,1453,0.1719,"Lokhu kwenza ngcono isidingo sokuthi izindawo ezisemadolobheni zihlinzeke ngosizo kulabo ababethembele kuzona, okuphinde","a Izinga lekhwalithi yomoya okufanele kulandelwe, b Indlela izindinganiso nezikhungo zikamasipala okufanele zibhale ngal"
5810,5564,0.1719,Uhlelo lokuzithuthukisa (PDP) olulekelela ekukhonjweni kwezingxenye ezidinga ukuthuthukiswa kanye nezidingo zesisebenzi ,"Amahlaya - Umqondo, Umsebenzi, Nokubaluleka Kwawo Isingeniso Amahaha, noma amahlaya, ayingxenye ebalulekile yempilo yomu"
2764,1531,0.1719,Uhlu lonke lolwazi kumele lwenganyelwe ngokubhekwa kwesu eliqondile ngokuphathelene nokuthuthukiswa Kwesayensi Yezindaba,"Ngokuhamba kwesikhathi, uhulumeni wavuma ukubaluleka kokusiza abahlanganyeli beGEMS, njengoba kwakukhona izinsizwa ezazi"
8031,1461,0.1719,"a ngokuthanda kwayo noma ngemuva kokuthola isikhalo, iphenye noma yikuphi ukungaziphathi kahle noma ukwephula umthetho o",Izibalo zikhombisa ukwehla okuvela ezimweni eziyi-606 ngo-2007/8 zaya ku-429 ngo-2008/9 phakathi kwalabo abathintekayo k
2519,5497,0.1719,"Isisebenzi sithembekile futhi sizimisele ekusebenziseni imali yeSizwe nempahla kanye nengcebo yeSizwe ngendlela efanele,","Ukwehluleka kwama-boiler eMedupi Power Station, eyakhelwe ukuthuthukisa umthombo wamandla eNingizimu Afrika, kubonakala "
5724,3684,0.1719,Njengamanje kusahlelwa indlela okufanele ilandelwe yilabo okufanele basizakale kulolu hlelo. Kanti nasemahhovisi ethu ez,"Isinyathelo 6: Uhlolo Lokugcina Ngaphambi kokuphuma nomsebenzi, kuhle ukuhlela ukuhlola lokho okukhona. Lokhu kubaluleki"
2150,332,0.1719,"Zonke izisebenzi zibophezelekile ukuthuthukisa izinhlaka zama-PA, ama-KRA kanye nama-GAF nezinye izingxenye zomsebenzi w","Ucwaningo lube negalelo, kubalulekile ukwenza abantu baqonde ukuhlonishwa kwemvelo nokuthatha izinyathelo zokuvikela umf"
1594,3755,0.1719,"Ukuze kulungiswe lokhu, amazwe kufanele ahlanganise ezolimo, ezempilo, ezemfundo ze-NEPAD kanye namakhono entuthuko, ama",Amalungelo phezu komhlaba womunye kanye namalungelo abantu awakwazi ukusetshenziswa ngokomthetho noma adluliselwe kumunt
6142,4265,0.1719,Kanjalo nokungabaza ngesimo sezepolitiki nakho kungadala imibuzo eminingi engaphezu kwezimpendulo ezikhona njengamanje. ,"Ukufakwa Nokucutshungulwa Kwezicelo Zezimangalo Ze-GEMS Emhlabeni wezempilo, izinsiza ezitholakalayo zibalulekile ukuze "
3554,2559,0.1719,Nizokhumbula ukuthi engqungqutheleni yethu yokugcina yogesi ngo-2005 savumelana ngokuthi sizobheka imiphakathi u-ESKOM a,"Lokhu kungasiza ekunciphiseni bezinga lokungasebenzi, futhi kube nomthelela omuhle emnothweni wendawo. Izinkinga Zokuthe"
6142,778,0.1719,Kanjalo nokungabaza ngesimo sezepolitiki nakho kungadala imibuzo eminingi engaphezu kwezimpendulo ezikhona njengamanje. ,"Kukhona umbono omuhle othi ""ukuzinikezela kufanele kube ubuchwepheshe obuthokozisayo.” Ubudlelwano phakathi kwamazwe uku"
5275,3219,0.1719,Isisebenzi sizama ukuzijwayeza kanye nokuvumelana nayo yonke imithetho neminye imiyalo ekhona ephathelene nokuziphatha k,"Ukushoda kwamanzi, ikakhulukazi ezindaweni ezithile, kube yinkinga enkulu, ikakhulukazi ngenxa yezinguquko zesimo sezulu"
1611,5390,0.1719,"Ukuphakamisa izinto, ukuphindaphinda umsebenzi ofanayo kanye nokudedela umzimba uthintwe yizinto ezithile ezilimazayo. B",Lokhu kudala umehluko omkhulu phakathi kwabafundi abavela ezindaweni ezithuthukile nabavela ezindaweni ezisafufusa. Ukun
3521,673,0.1719,"Baningi abagulayo, abanye babo bazobulawa yizifo ezingavimbelekayo. Lapho imilomo yamaphayiphi ivimbekile, amaphayiphi e","Ezokuphathwa Kwezinhlekelele: Ukuhlaziywa Nokubaluleka Kwamathuba Nezinselelo Ezokuphathwa kwezinhlekelele, okuyinqubo y"
1936,4849,0.1719,"Umlando uyasitshela ukuthi ekuvikeleni abantu bawo, amasiko kanye nomhlaba amaKhosi amaningi kufaka phakathi nalawo avel",Ngiyajabula ukukwethulela umphakathi waseNingizimu Afrika umthetho ophakanyisiwe wezokudlala nezokuzijabulisa. Lo mtheth
3849,4846,0.1719,"Iqhinga eliphumelelayo lidinga izindlela ezintsha zokusebenza nokunaka kakhulu amacala womabili, isibalo sabantu abafuny","Lapho abantu bebona imizamo ethile yokuthola ubuhlobo, bazi ukuthi inkampani izimisele ukusiza nokuthuthukisa impilo yom"
1256,6770,0.1719,"ngokubhala, azise zonke izinhlangothi ngosuku Iwesikhalazo, isikhathi kanye nendawo ebekelwe ukuba kulalelwe isikhalazo.",Umvakasheli akufanele abambe iqhaza kunoma yiziphi ezinye izinto ngaphandle kwalokho abavunyelwe. Lokhu kufaka phakathi 
5460,1883,0.1719,Kuleli zinga abafundi kufanele bebe sebekwazi ukukhuluma lolu limi ngokukhululeka nokuzethemba ikakhulukazi uma kuxoxwa.,"Ukufinyelela Kwamahhala Komphakathi Ezikhungweni: Uhambo Olusha Lokuthuthukisa Izinsiza Uhlanga lukaMashi 2023, uHlastwa"
7361,6213,0.1719,Ngakho abathengi kufanele bavumele umphakeli kagesi noma lowo oqokwe ngumphakeli ukuba anikwe ilungelo lokungena ngenhlo,"Ubudlelwano obuqinile phakathi kwabafundi, othisha, nabazali bubalulekile ukuze kufezwe impumelelo yokufunda. Uma ubuchw"
6118,1933,0.1719,"Imfundo kumele ibukwe ngehlo elivulekile ingagcini nje kuphela emfundweni yamazinga aphansi, ephakeme kanye namanyuvesi.",I-Commission yeZinsizakalo Zomphakathi (PSC) iyisikhungo somphakathi esizimele esakhelwe ngaphansi kweSigaba 196 soMthet
3353,2139,0.1719,"Entathakusa ngoLwesihlanu, amaphoyisa aseMelmoth ethula uhlelo lokusebenza ngokubambisana ukubopha abasolwa ngokugqekeza","Izingo, ukulimala, nezifo zingaphazamisa impilo nezinkampani. Izixazululo zivame ukuba lula futhi zingabizi, futhi abant"
4027,6747,0.1719,Abantu besifazane bangaphezu kwesigamu sabantu baseNingizimu Afrika yingakho-ke kumele amazwi abantu besifazane kumele a,"Inkululeko isifinyelelwe, manje sekuyisikhathi sokuthi abantu baseNingizimu Afrika babambe iqhaza ekuguquleni izwe lethu"
7797,5854,0.1719,Labohulumeni baneziphathimandla zabo nombandela obalulekile wokuqhuba intuthuko. Intando yeningi esabalele umhlaba igciz,"Lokhu kusho ukuthi imiphakathi iyakha amathuba emisebenzi, abanemithombo ehlukeneyo, nokwenyusa umnotho wendawo. Ngaphez"
4842,6333,0.1719,Kumele zisebenzise imicabango yazo zithande ukwenza imisebenzi yazo kangcono noma ngokushesha ukuze zethule imiphumela n,Kumele zixhaswe kahle futhi kumele kube nezindinganiso ezibekwe ngendlela ezixhaswa ngayo ukuze kuhlanganiswe izifunda. 
1682,2307,0.1719,Uphawu olugqamile lobuliminingi eNingizimu Afrika ukuthi izilimi zomdabu eziningana zikhulunywa ukweqa nemingcele yezifu,"Njalo ngosuku, abantu namabhizinisi baphuma kakhulu emifuleni nasezizindeni zethu, emanzini aphansi, nakumazinga amanzi."
5891,3098,0.1719,"Noma kunjalo, lolu Hlelo Lokwethula iZidingo zoMphakathi luyonquma inkambo namaqophelo ngokubheka ubukhulu bomphakathi f","Ngaphezu kwalokho, uSuku lweNkululeko akusikho okokuhlonipha kuphela. Kuphinde kube yithuba lokuhlola imiphumela yezenzo"
5783,2273,0.1719,Ithuluzi lokuhlola ukwenziwa komsebenzi kwezisebenzi ezingesiwo amalungu e-SMS (amazinga eholo asuka kwelo-1 kuya kwele-,"Ngakho-ke, ingxenye 6 iyashintshwa ukuze isetshenziswe inqubo yokwazisa nokuphendula ukuze i-MEC yenze isinqumo, futhi i"
6774,5098,0.1719,Ngaphandle kokuhlobana kohlelo lwentuthuko edidiyele emiphumeleni yentuthuko ehambisana kakhulu nezinhloso zomthethosise,"Lokhu kuholela ekwehleni kokutshalwa kwezimali, okwakha isithombe esibi semigomo yokukhula komnotho. Ukwanda kokungabi n"
7797,5051,0.1719,Labohulumeni baneziphathimandla zabo nombandela obalulekile wokuqhuba intuthuko. Intando yeningi esabalele umhlaba igciz,"Ukukhwabanisa okukhuluma: Uma uvuka ekuseni, uthola ukudla kuqala. Abalimi abaningi bahluleka ukuthatha ukulawulwa ngesi"
4741,5507,0.1719,Ukugxila okuyisipesheli emikhakheni ethinteka kakhulu yinhlese yobandlululo kusizile ukuthuthukisa izimpilo zabantu. Izi,INingizimu Afrika imele isithombe esiphelele senhlangano eyisithombe samazwe akhiwe phezu kwamasiko anothile futhi ahluk
2892,4088,0.1719,"Loku kuye futhi kwaholela kukuvalwa kwezinhlangano ezinje kanye nokulahlekelwa ngabasebenzi bakwahulumeni, okwaba nomthe","Umphumela wale simo kube ukungalingani, lapho ukuphathwa kwesiNgisi nesi-Afrikaans kudala ubudlelwano obungalingani phak"
3389,68,0.1719,Ngokuphathelene nalokhu kumele kubhekwe kokubili okuqukethwe kanye nesimo noma indlela esetshenziswayo ekusabalaliseni u,Amazwe amaningi athuthukile kwezomnotho akhiqiza ukudla okuningi kunokudingeka yizakhamuzi zawo. Lapho sikhuluma ngezimo
6746,5673,0.1719,"Eminyakeni yethu eyishumi yokuqala njengohulumeni wentando yeningi, sabhekisa amandla ethu kanye nemizamo yethu yokuhamb","Nokho, kunezindima ezimbili ezingeziwe ezidinga uku fulfilled futhi ezibalulekile ngezizathu zokuthuthukiswa. Eyokuqala,"
863,1754,0.1719,"Mayelana nesayensi nobuchwepheshe, la mazwe amathathu anezivumelwano zesayensi eziyisithupha ezisebenzayo eziyi-biotechn","Abaningi bakholelwa ukuthi uMshwalense Wezempilo Kazwelonke uzodinga izinsiza ezinkulu, izisebenzi zezempilo, nezinsiza "
2643,1778,0.1719,Kukhombisa ubuthakathaka kwizinhlaka zethu zokulwa nobugebengu kusukela ekuphenyweni kwamacala kuya ekuhlunyelelisweni k,"Ushintsho kumgomo 21.06. b Ngaphandle kokugunyazwa yiKomishini, uzokwakha futhi agcine uhlelo lokuhlola imikhiqizo eziny"
279,2315,0.1719,"J.2 Umbiko wokuqala wonyaka, nohlonzwe esiqondisweni- III J.1, uyokwethulwa kwisishayamthetho esifanele ngokonyaka wezim","Lokhu kusho ukuthi udokotela uhlinzeka ngesitifiketi ngokuya ngemiphumela yokuhlola, noma ngenxa yolwazi olutholakele ku"
6020,5664,0.1719,"Loluhlelo lugcizelela ukubaluleka kweqhaza labahlukumezekile, imindeni namalunga omphakathi ngokubenza babe yingxenye yo","Ngaphezu kwalokho, umkhankaso we-Fees Must Fall ube nomthelela omkhulu ekwakheni umqondo wokuzimela phakathi kwabafundi."
2974,6390,0.1719,"Ukumisa inkambiso eyodwa yokuhambisa ngokoMthetho ugesi, igesi ekumapayipi kanye nezimboni zamapayipilayini kaphalafini ","Nokho, ngokuhamba kwesikhathi, kufanele sithole izixazululo ezithile zokuphatha, futhi sihlinze ngokuqondisa kuyo yonke "
4630,4030,0.1719,Uma ohlalayo noma umnikazi enqaba ukuthatha izinyathelo ezibalulwe esazisweni ngaphansi kwale mithetho kamasipala noma e,Ivumela amakhaya ukuba akhuthaze intuthuko yendawo; futhi kulandela ukuhlaziywa okujulile mayelana nezindleko nezinhlelo
594,143,0.1719,"Kuyicala ukukhokhisa imali ngokunikezela izitho zomzimba. a anganikela ngomzimba wakhe noma ngamathishu athile, ukuba as","Ngesikhathi sokusebenza, kubalulekile kubaphathi ukuba bathathe isinyathelo esiphuthumayo ukuze umsebenzi okumele wenziw"
682,8144,0.1719,"Ezweni elifana neNingizimu Afrika, yimaphi amaqhinga akhona okuthuthukisa amathuba ososayense nokwenza baphumelele Kusob","Lokhu kubandakanya ukuhlinzeka ngemininingwane ngezindlela zokupheka eziphilile, izinto ezitholakalayo ezikhiqizwayo nge"
3334,175,0.1719,"Ibhodi yabaqondisi, ngezikhathi ngezikhathi ingahlonza abanye abantu abazosebenza kwibhodi ngokuhambisana nememorandamu ",Isinqumo sokungena esivumelwaneni sokuhlinzeka ngezinsizakalo emphakathini. Noma iyiphi enye indaba enikezwe ngummthetho
6686,1741,0.1719,Lolu qeqesho luqhutshwe abahlinzeki bezinsizakalo abahlonishwayo abakhethwe ngendlela yokwabiwa kwemisebenzi kahulumeni.,"Ngalesi sizathu, abantu kufanele bakhumbule ukuthi imidlalo yeshashalazi ingaba nemiphumela emibi uma ingalungiswa kahle"
4356,6817,0.1641,"Konke ukusika, ukusika isingcezu noma ukugaya inyama kufanele kuhlelwe ngendlela eqinisekisa inhlanzeko ngesikhathi soku",Usizo ekunyakazeni kwemikhumbi lubhekisela kunoma iyiphi indlela esetshenziselwa ukulawula noma ukuhlela ukuhamba kwemik
7706,2721,0.1641,"Inqubomgomo ingethuthukisa ngokwemvelo yayo kanti nesisekelo sokufaka kukontileka ngezokubambisana kunesokungqubuzana, u","Ukungabi khona kwezinsiza ezifanele, njengezikhungo zokunakekelwa kwezempilo, kuholela ekunciphiseni izinga lempilo lemi"
1532,4875,0.1641,Esikhathini esiningi uMnyango weZempilo iwona obonakala uhlehlela emuva. Kanti siseShowe uMnz Lucky Mkhize yena wayebona,"QAPHELA: Umnyango uyazi ukuthi kunezikole ezisanda kuqala inqubo yokwamukela abafundi ngonyaka ka-2000, futhi ezinye zal"
5360,101,0.1641,"12. (1) Bonke abaqondisi beBhodi kumele bangabi ngabaqondisi abaphezulu. Bonke abaqondisi beBhodi kumele, uma bengena ez","Izifundo zesayensi zikhombisile ""ukuthanda okujwayelekile kokubona amadoda njengokwethembeka kakhulu kunabesifazane."" Em"
4628,6031,0.1641,Ukutshala izimali nokonga - ukutshala izimali sekukhulile kule minyaka embalwa edlule. Uhulumeni utshala izigidi ezingam,Ukuchaza amalungelo nezibopho zezingane; ukuchaza izibopho namalungelo abazali; ukwakha izinqubomgomo nemihlahlandlela y
1462,2026,0.1641,Abazenzanga lezi zinto mayelana nokugadwa kwezindawo zamathikithi ngalobo busuku. Umbiko osanda kukhishwa wuMqondisi-Jik,"Ngokuhamba kwesikhathi, uButhelezi waba nomthelela omkhulu ekuthuthukisweni kwezokuthula eNingizimu Afrika, ukuze kube n"
1453,7053,0.1641,"I-LiEP ibhekene nalezi zindaba ezifana nolimi/nezilimi zokufunda nokufundisa ezikolweni zikahulumeni, ohlelweni lwezifun",Uhulumeni bendawo udlala indima ebalulekile ezinhlelweni zokuthuthukiswa lapha eNingizimu Afrika. Uhlelo lokwakha imipha
5972,245,0.1641,"Njengamalungu angabasunguli balesi sikhungo, sifaka isandla ekulungiseni uhlelo lwamazwe omhlaba lwamalungelo esintu. Uk","Kube nokuxoxisana okuthile mayelana nokuchazwa kwesisho ""umtraveller"" nokuthi yiziphi izinkampani ezihlinzeka ngempilo k"
267,225,0.1641,Abantu abavela ngaphandle baqala ngokuba ngabafundi bese bekwazi ukuba ngabeluleki abakhuthazayo. Umnyango wezeNhlalakah,"Iziteleka Zabasebenzi: Ukuphikisa Izimo Nokufuna Amalungelo Ngokuhamba kwesikhathi, iziteleka zabasebenzi zibe yindlela "
5276,4135,0.1641,f Kufuneka aqaphele ukulandelwa kwemithetho ekhishwe nguNgqongqoshe eyedlulisela kuMkhuzi woMbutho wezokuVikela ethule n,"Lokhu kungasiza ekuxhumaneni nezinye amawebhusayithi njengokuthokozisa, futhi noma yisiphi isixhumanisi esinjalo asisho "
4303,2994,0.1641,IKomidi liphinde libe nezimenenja ezinkulu ngokokubona kwe-HOD. Iminyango kumele inqumo ukuthi le-DMC ibuye ilawule nama,Ukuveza kufanele kukhuthazwe. Ukusungulwa kokuphathwa kwezinsiza zabantu okuhle nezindlela zokuthuthukisa ubuchwepheshe.
5838,7069,0.1641,Amalungu eKhabhinethi anezibopho ewonke kanyekanye nangokwelungu ngalinye nePhalamende mayelana nokusetshenziswa kwamand,"Umthetho wezokuphepha ufaneleka ukuthi, njengabaphathi bezokuphepha eNingizimu Afrika, sithande abantu ngobuqotho nangok"
6905,7038,0.1641,"Barker oyisikhulumli sethu esiqavile ezethulweni. Okufakiwe ukukhiqizwa kwezindwangu ezinithiwe , isicaba noma indingili",Ukunakekelwa Kwabantu Abadala: Iphrofayela KaMnumzane Thandazani Ndlovu UMnumzane Thandazani Ndlovu ungumuntu oneminyaka
5889,3008,0.1641,Imisebenzi yamazwe ngamazwe kumithombo ejwayelekile iphathelene imisebenzi ephezulu yezomnotho namhlanje. Ukuthengiswa k,"Ubuhlakani Bokukhetha Izeluleko Ezikhungweni, kunemithetho ethile ekuqondiseni ukunikezwa kolwazi. Izikhungo zifuna ukuq"
6627,6906,0.1641,"Lesi sitatimende sisebenzisa imikhakha yokufunda ukufeza lezi zinjongo, lokho okulindelekile kanye nemiphumela okumele i",Ukusebenza kwezinkundla zokuphepha komphakathi 1. Isingeniso Ukusebenza kwezinkundla zokuphepha komphakathi kubalulekile
1823,6906,0.1641,"Kwabe sekwenziwa isincomo sokuthi kusungulwe i MHSI, eyabe izokugxila kuzindaba zezempilo nokuphepha ezimayini. Lezi zik",Ukusebenza kwezinkundla zokuphepha komphakathi 1. Isingeniso Ukusebenza kwezinkundla zokuphepha komphakathi kubalulekile
473,6918,0.1641,"Ukuzivocavoca, ukudla nokuphila ngendlela enempilo kubalulekile. Gwema imikhuba emibi nezindlela ezingezinhle: Hlonza iz",Izindiza - Ukuhlaziywa Ngezindlela Zokuthengwa Kweminikelo Yezindiza Izindiza zithathwa njengendlela yokuhamba esheshayo
3832,1245,0.1641,"Imiphumela yezivumelwano mayelana nempahla yabashadikazi bomshado wamasiko, abangena kuzo ngaphambi kokuba kuqale ukuseb",Lokhu kuveza ukuhlukahluka komphakathi futhi kuholele ekwakhiweni kwenkulumo nezinkanyezi ezintsha. Uhlanga Lokukhuthaza
7657,6070,0.1641,c kufanele kuyekelwe sikhathi esingaka ngenyanga okungenani kusukela osukwni lwesisimemezelo ukuze kunikwe isikhathi aba,Iphakamisa iziphakamiso kuNgqongqoshe mayelana nanoma yiziphi izindaba ezingase zishiwo ngaphansi kwalesi sikhungo; futh
1451,2013,0.1641,"Ukuswela umsebenzi kuhlanganisa zonke izimo abantu abasha abakuzo, ukusukela kwabanebanga leshumi ukuya kwabaneziqu zemf",Izinhlelo Zokuphatha Ezibanzi: Lezi ziqinisekiso zihlanganisa ukukala ukusetshenziswa kweHlelo Lokuthuthukiswa Kwezimbon
135,6095,0.1641,"Inezimpawu ezikhethekile zalowomkhakha. Ukwakha ulwazi olwanele namakhono kwezobuchwepheshe nobunjiniyela, ngenhloso yok","I-EU ibhekelele izinkinga ezithinta ubulungiswa, ikakhulukazi uma kukhulunywa ngamalungelo abantu, ukuze kuqinisekiswe u"
1761,1000,0.1641,Izinyathelo ezithathwe ohulumeni besifundazwe kanye nabasekhaya ekunciphiseni imithetho enezivimbelo kanye nezimo zokuph,"Ukwakhiwa Kwezindlu ze-RDP: Ukwazisa Ngomcimbi Obalulekile Ngomhlaka 15 kuNhlangulana 2023, umphakathi weNingizimu Afrik"
6774,5314,0.1641,Ngaphandle kokuhlobana kohlelo lwentuthuko edidiyele emiphumeleni yentuthuko ehambisana kakhulu nezinhloso zomthethosise,Ukubambisana nezinye izikhungo zomphakathi kuzohlale kuyinto ebalulekile emizamweni kahulumeni nasemsebenzini wawo wokut
6746,1226,0.1641,"Eminyakeni yethu eyishumi yokuqala njengohulumeni wentando yeningi, sabhekisa amandla ethu kanye nemizamo yethu yokuhamb","Umbuzo 4: Yiziphi izinyathelo ezithathwayo ukuqinisa ukuqoqa izikweletu? Impendulo: Ukuqinisa ukuqoqa izikweletu, i-Esko"
7843,1159,0.1641,Kungenxa yalesi sizathu ukwakhiwa kwamandla okuhlosiwe kufanele kuhambe phambili. Izinhlelo kuzo zonke izindawo kufanele,Inhloso eyinhloko yeNqubomgomo ukuhlinzeka abakhiqizi namaqembu ngokuqondisa kokuyisebenzisa ukuze kuqinisekiswe ukuthi 
1453,6942,0.1641,"I-LiEP ibhekene nalezi zindaba ezifana nolimi/nezilimi zokufunda nokufundisa ezikolweni zikahulumeni, ohlelweni lwezifun","Lokhu kuzohlanganisa ukuhlela kabusha uhlelo lwabasebenzi, ukubandakanya ozakwethu, nokususa imisebenzi engadingekile. U"
556,3055,0.1641,Ngizokufungisa ukuze sidlulise lokho okumele kwenziwe bese siya kubufakazi bakho. Futhi ngenxa yelanga kanye nesimo sezu,"Ngokwesibonelo, kubalulekile ukusho ukuthi kunobunzima obubonakalayo kulabo abadinga ukwelashwa okuphuthumayo, ikakhuluk"
5523,4972,0.1641,"Ukubona lnqubekela phambili eseyenzekile kusu kela kuqala um-buso wentando yeningi, mayelana noguquko kuzinhlelo zobulun",Lokhu kuholele ekwakhiweni kwezinsiza ezikhethekile ezisiza amalungu ukuthi aqonde kahle le migomo. Izinsiza ezifana nez
5829,5242,0.1641,"Kufanele kube umlimi ozoqala ngokuhlanganisa, ozotshela abasebenzi ngalokho okuzohlanganiswa nokuthatha izinyathelo zoku","Ngaphezu kwalokho, iminyaka yeMpi Yezwe I neMpi Yezwe II yafaka izikhumbuzo ezinzima ezizobangela ukuphakanyiswa kwamalu"
2067,961,0.1641,Ukuqinisekisa ukufunda okuqhubekayo okumbandakanya ukukhushulwa kwezinga lemfundo noqoqosho lwabantu abadala (adult basi,"Umhlaba uqaphele uBarack, futhi umoya wokushintsha waqala. Uthando lwakhe lokuhola, kanye namazwi akhe anomthelela, kwap"
1651,7213,0.1641,Izimali noma ezinye izinsiza zinikelwa kwi-NPO ngethemba lokuthola okuthile. Lesi sivumelwano saziwa ngokukhangisa okune,Ukusebenzisana phakathi kwezisebenzi ezithintekayo kulezi zinsizakalo kubalulekile; kufanele kube nokuxhumana okuhle pha
1259,5241,0.1641,Sithole lonke ulwazi olufanele. Ukulunga okukhona kuchaza ukuthi onke amaphuzu abekiwe kumelwe ukuba abhekisiswe kahle y,"Ngaphezu kokuba nesikhundla sokuhlela esasunguliwe ngaphambili, i-IDP ivele njengensiza yokuphatha yamamasipala futhi nj"
418,5200,0.1641,"Imibuzo nezimpendulo sebenzisa ithransipharensi: Umsebenzi 5.5. Lingasesha iphoyisa ngaphandle kwewaranti, uma kunjalo, ","i futhi kuzoletha izinguquko kumali ezikhokhwayo, amaholo, noma kuzoletha izinguquko ezingeni noma izinga lokusebenza ii"
7656,7001,0.1641,"Unyakamali weSigungu seziPhathimandla uyakuba kusukela kumhla I kuApreli kuya kumhaka 31 Mashi onyakeni olandelayo , lez","Inqubo yokulungiselela kufanele ibe nesandla ekulungiseleleni umphakathi ngokusebenzisa inqubo ye-IDP. Ngakho-ke, akekho"
5523,3772,0.1641,"Ukubona lnqubekela phambili eseyenzekile kusu kela kuqala um-buso wentando yeningi, mayelana noguquko kuzinhlelo zobulun",I-SARS iqukethe inani elikhulu lolwazi eliqoqwa ngesikhathi ikwenza imisebenzi yayo yansuku zonke yokuhola imali yokutho
4628,6182,0.1641,Ukutshala izimali nokonga - ukutshala izimali sekukhulile kule minyaka embalwa edlule. Uhulumeni utshala izigidi ezingam,"Abahlanganyeli beGEMS babefanele ukulandela imithetho, ukuze balondoloze izinga eliphezulu lokuphila. Lokhu kwaholela ek"
4027,2160,0.1641,Abantu besifazane bangaphezu kwesigamu sabantu baseNingizimu Afrika yingakho-ke kumele amazwi abantu besifazane kumele a,"I-Viki Yezifunda iqala ukusebenza kwemigomo yomthethosisekelo wezwe, iphoqa i-NCOP ukuthi iqinisekise ukuthi izidingo ze"
166,5754,0.1641,Ulwazi ngezinhlelo ezahlukene ezinikezelwayo alukakakulungeli ukuthi lungatholakala kumbe kufinyelelwe kulo. Kunokwentul,Izibhedlela eMpumalanga Kapa zihlala zibhekene nezinselelo zokwakha amathuba emisebenzi. Imisebenzi emisha ibhekana nezi
3657,2251,0.1641,Kuye kube sekuqhathaniswa umbhalo ohunyushiwe nalo womdabu ukubhekisisa ukusetshenziswa nokubekeka kolimi kanye nokucoph,"Amalungelo abathuthukisi bezitshalo anikezwa kuphela ezitshalweni ezithile, ezimemezelwe ngokuhambisana noMthetho Wamalu"
4538,2273,0.1641,Yilokhu kuhlola konyaka wonke okuzosetshenziswa njengesisekelo ukunquma mayelana nomsebenzi wesisebenzi. Lona lelo thulu,"Ngakho-ke, ingxenye 6 iyashintshwa ukuze isetshenziswe inqubo yokwazisa nokuphendula ukuze i-MEC yenze isinqumo, futhi i"
6872,5375,0.1641,"Imisele yokudonsa amanzi ngaphansi kwemigwaqo, amaphayiphi amanzi ezikhukhula, kanye namadamu aphundlekile ngezinye zezi",Ubuchwepheshe besimanje buwenza kube lula kumaphoyisa ukuhlanganisa abantu nendawo kanye nezinto. Ukuze kusebenze ubuchw
3924,5792,0.1641,"Izidingo, okukleliswe phambili nezinsiza zezakhamizi zomasipala nezimo zendawo ziyosiza ngolwazi imisebenzi yentuthuko e","Lokhu kudinga ukuthi izinkampani zithobele izinqubo ezimisiwe, kuhlanganiswe nemigomo yokusebenza evumela izisebenzi uku"
3245,5407,0.1641,Umklamo wezindlu uveza ukuthuthukisa kabusha izindawo ezivele zikhona kusetshenziswe ikakhulukazi imixhaso yezindlu yesi,Phatha ukuqeqeshwa kwabasebenzi bakahulumeni ngokomthetho. I-yardstick iqinisekisa ukuthi izinkantolo zisebenzisa amandl
5374,5401,0.1641,Lentuthuko yasemakhaya kumele ihambisane nokwenziwa ngcono kwengqalasizinda bese ngaleyo ndlela kuphucuke nezinga lempil,Lo mthetho uhlanganisa umthetho wesakhiwo. Uthuthukisa ulwazi nokuqonda ngezindaba zase-Afrika ngokusebenzisa ososayensi
4782,6271,0.1641,"m ukwenza-ngcono ukusebenza ngokunekhono, ukuthembeka nomnotho ngasohlangothini lwalabo abanamalayisensi , okuhambisana ",Umthumeli kufanele futhi abhaliswe uma ethatha isinqumo sokubhalisela uMqondisi ukuthi uzosebenzisa ama-laboratories nam
4741,6284,0.1641,Ukugxila okuyisipesheli emikhakheni ethinteka kakhulu yinhlese yobandlululo kusizile ukuthuthukisa izimpilo zabantu. Izi,"Eminyakeni edluleyo, amaZulu abhekane nezinselele eziningi, futhi lezi zinto zikhombisa ubunzima obukhona. Ukuphila emip"
3099,6158,0.1641,Izinkinga zomshwalense uma ngabe uvelelwa yingozi bese kutholakala ukuthi imoto yayithwele ngokweqile. Ukugibela ibhayis,"Kuyaphawuleka ukuthi lokhu kuhlangene neNamibia, okuyisixazululo esisodwa sokuphatha izidingo zokuthuthukiswa. Ngokusebe"
5257,5062,0.1641,"Ngenxa yohlobo loluchwepheshe bezigubhu zogesi okhokhelwa kuqala, kubalulekile ukuba abathengi bakwazi ukufinyelela esik","Abantu abaningi baphendula ngokunciphisa izindleko zabo, okungaholela ekwehleni kokuthengwa kwezimpahla. Lokhu kubangela"
6142,3098,0.1641,Kanjalo nokungabaza ngesimo sezepolitiki nakho kungadala imibuzo eminingi engaphezu kwezimpendulo ezikhona njengamanje. ,"Ngaphezu kwalokho, uSuku lweNkululeko akusikho okokuhlonipha kuphela. Kuphinde kube yithuba lokuhlola imiphumela yezenzo"
4252,5106,0.1641,Ekulimeni kukhona amathuba amaningi ukuqamba amanga nokwenza izinto ezimbi. Cabanga ngabantu ababoleka imali kodwa abayi,Yiziphi izinyathelo engizithathayo ukuphatha izilokazane nezifo ezindaweni zami? Ngibhekana kanjani nezihlahla? Ngiyazi 
7859,7589,0.1641,"Ukuphazamiseka kogesi okungahlelwanga okukhomba ugesi olahleka ngenxa yamaphutha ezintanjeni zogesi kulandela isiphepho,","Umbuzo: Zithini izizathu ezikhulu zokungcola komoya eNingizimu Afrika? Impendulo: E-Ningizimu Afrika, izizathu ezinkulu "
326,3448,0.1641,Inhloko yomnyango ingasidinga ukuba isisebenzi sisebenze ngesikhathi samahora angabekelwe ukusebenza uma umsebenzi kudin,"Ngemuva kokuphothula le nqubo, uMnumzane Mthembu waqonda ukuthi ukuqinisekiswa kwezinkokhelo akukhona nje ukubaluleka, k"
1761,410,0.1641,Izinyathelo ezithathwe ohulumeni besifundazwe kanye nabasekhaya ekunciphiseni imithetho enezivimbelo kanye nezimo zokuph,"Ukuhloliwe ngezinto eziluhlaza nezokwakha izindawo eziqinisekisiwe, isikhathi sokuphila asiqhamuki. Ubuchwepheshe bahluk"
4781,401,0.1641,Enye yezindlela zokwehlisa izindleko zokungenayo kanye nokwenza ngcono ukuqhudelana kwezomnotho wethu ukuze kube ngcono ,"Isinyathelo esilandelayo wukufa uma kungaphathwa. Ngemuva kwesikhathi, izilonda ezingapholi zingase zivele. Ukutheleleka"
7021,524,0.1641,"Esigabeni sangemuva kokuba usuyithathile imalimboleko, amakhasimende asizwa ngezinto eziningi zezokuphathwa kwebhizinisi",e ukubheka izithelo zezimfanelo zeNingizimu Afrika eziphathelene nokuphila kwezingane ngokuhambisana nezinhlinzeko zezin
4977,486,0.1641,Iwaranti kumele isetshenziswe emini ngaphandle kokuthi kugunyazwe ngokunye. Iwaranti iyohlala isebenza ize isetshenziswe,Ukutholakala Kukagesi Emakhaya Isingeniso Kuyaziwa ukuthi ugesi udlala indima ebalulekile empilweni yansuku zonke. Ngaph
6884,7660,0.1641,"[UNgqongqoshe] ILungu leBandla lesiGungu , ngokubonisana noNgqongqoshe , angenza imithethonkambiso mayelana nanoma yilup","(Ukuze kuqinisekiswe ukuthi lo mthetho wephuliwe, akudingeki kuboniswe ubufakazi bokuthi le nja ibonakale ibonisa ukuzip"
1701,758,0.1641,Ukuba nengane kuyoba enye yezigameko eziklomelisa kakhulu kodwa futhi ezifaka ingcindezi empilweni yakho. Kwelinye icala,"Ukuthuthukiswa Kwezikhathi Zokuphendula Ezimeni Eziphuthumayo Ezinsukwini zanamuhla, sikhula nezinselelo ezithokozisayo "
5851,777,0.1641,Qiniseka ukuthi imvula engena emhlabathini iyakwazi ukungena emhlabathini lowo; ugcine ingaphezulu lomhlabathi lisesimwe,Izitshalo ezifana namahlanga afana ne-forage zingalima ezindaweni lapho umlimi engafuni khona ukulima isitshalo esingaph
2239,4679,0.1641,Ukuqinisekisa ukuthi iNhlangano ihlinzekwe ngesisekelo ngesikhathi nangendlela engaqageleka nemithombo eyidingayo ukwenz,"Inqubekela phambili yokuqedwa kwezindlu zangasese zemigodi ezikoleni Ngokuhamba kwesikhathi, izikole ezisemigodini ziye "
3392,3462,0.1641,zivumele abantu abafisayo ukuba bahlole ibhuku lokubhaliswa futhi benze nomfanekiso noma ingxenye yalelo bhuku ngemuva k,Ukwephula okukhulunywe ngalolu sigaba kuyicala. Umthengisi othengisa ngengilazi akavunyelwe ukuthengisa noma ukuhlinzeka
5195,4716,0.1641,Ukwakhiwa kwewayini elengezwe okuthile elifana ne-sherry kanye ne-marsala nakho kufakiwe. Ukusebenzisana okufana nalokhu,Umnyango Wezokulungiswa Uthumele umthetho ozovumela umphakathi nabanye ababambiqhaza njengomnyango wezobulungiswa kanye 
936,3324,0.1641,"Ababili kubasolwa abathathu abaqola umnikazi wesitolo bemkhombe ngombese eMogwase, baboshiwe. Siyaqhubeka nokuhlala sima",Isivumelwano Sokusebenza sakhuluma ngezinsizakalo zokuphepha (i-SAPS ne-SANDF) kanye nezinsizakalo zabo zomthetho. Izich
6825,561,0.1641,"Ngakho-ke , ngesibonelo, i-ofisa yomthetho ingafuna amagama afanayo esiXhosa 'okugcina' noma 'ukuthola' ngoba loku kuyaq","Izinhlelo zokwakha ukuthula zibuye zibe nzima, njengoba ukuxoxisana phakathi kwezinhlangano ezahlukene kuholela ezinking"
3405,6625,0.1641,"Ngokungangabazi, isimo siyaba yimbangela ngezindlela eziningi ekuzinzeni ngokujulile kwentando yabantu ezweni. Ezobuchwe",Kubalulekile ukuhlaziya ukuthi imakethe ifuna ini nokuthi bazokhokha malini ukuthenga umkhiqizo. Akulungile ukusebenza k
1347,4779,0.1641,b Ukukhathazeka kungatholwa yibo bobabili umama kanye nengane njengomphumela wesikhathi esithathwa ekunceliseni lapho in,Nazi izinyathelo ezithile ezingathathwa: 1. Ukuthuthukisa Izinsiza: Izikole kufanele ziqinisekise ukuthi zinezinsiza eza
3197,7619,0.1641,Inhloso wukusiza ababambe iqhaza ekusebenziseni kangcono ukuhlela intuthuko edidiyele njengesikhali esinomthelela omkhul,"Ngomhla ka-15 kuMfumfu 2023, uhulumeni wendawo wethule imiphumela yokuhlolwa kwamabhuku komasipala, ebonisa izinga lokup"
7778,7519,0.1641,"ImiThetho yokuLinganisa eqondene nalabo abahlukunyezwe ubugebengu, ingumqulu wolwazi, owabhalelwa ukuchaza kabanzi ngama",Lo mthetho uveza ukuthi uma ilungu leNingizimu Afrika Police Service lingahambisani nemithwalo echazwe kuMthetho Wokuhlu
444,3236,0.1641,Ukulumbana neminyango yezifundazwe kungafezwa ngokuba izifundazwe zivakashele izifunda. Ukubunjwa kwesakhiwo esixube izi,"Uhlelo lwe-digital migration luhloselwe ukuqeda ukusebenzisa izinhlelo zokuxhumana ezindala, okuyinto ethinta kakhulu iz"
6305,4906,0.1641,Nokwakha iNingizimu Afrika ebuswa ngentando yeningi nebumbene futhi ezokwazi ukubamba iqhaza layo elifanele njengombuso ,Imali edingekayo yokwakha izinhlelo zokuvikela kufanele ibekwe phambili. Lokhu kusho ukuthi uhulumeni kumele anikeze izi
3964,680,0.1641,Amarekhodi omuntu akuMnyango noma inhlangano kahulumeni. Ulwazi ngabanye abantu besithathu noma amarekhodi kuphela ngoku,Inhloso yeMthetho Wokukhuthaza Ukufinyelela KwiMininingwane ukuqinisekisa ukuthi abantu bangasebenzisa ilungelo labo leM
5421,686,0.1641,"Ungaphuzi utshwala ngaphambi noma ngesikhathi ubhukuda, utshuza noma uhamba ngesikebhe. Iqembu lizovakashela izikhungo n",Imicimbi Yezempilo Nenhlalakahle Yomphakathi: Isingeniso Imicimbi yezempilo nenhlalakahle yomphakathi ibalulekile ekwakh
7337,4849,0.1641,"Amarali kanye nemihlangano yomphakathi yabanjwa ezingxenyeni ezehlukene zase-Republic of Congo, lokhu kufaka nenhlokodol",Ngiyajabula ukukwethulela umphakathi waseNingizimu Afrika umthetho ophakanyisiwe wezokudlala nezokuzijabulisa. Lo mtheth
6282,4811,0.1641,"Njengesifunda sakwa Zulu-Natal, kuyasijabulisa ukubona igxathu esesilithathile emizameni yokubuyisa isithunzi sobuholi b",Ukugcina umhlabathi wethu - singakwenza kanjani? Singasho ukuthi ukungabi nolwazi kuholele ekwehlisweni komhlaba onenani
6909,2160,0.1641,Abantu besifazane bangaphezu kwesigamu sabantu baseNingizimu Afrika yingakho-ke kumele amazwi abantu besifazane kumele a,"I-Viki Yezifunda iqala ukusebenza kwemigomo yomthethosisekelo wezwe, iphoqa i-NCOP ukuthi iqinisekise ukuthi izidingo ze"
2994,2156,0.1641,Ukubuyekezwa ulwazi olungeziwe olusha kukhokhelwa imali ku futhi umsebenzi wasemtatsheni wolwazi unomsebenzi wokwazisa i,"Noma ubani, iqembu labantu, noma inhlangano ingafaka isicelo kuPhalamende. Isicelo siyisicelo esisemthethweni kumagunya "
5538,2210,0.1641,Umnyango Wemisebenzi Yokuhlumisa Izimilo (Amajele) wethula umthetho ozovumela okokuqala ukuba umphakathi nabanye ababamb,Lena ucwaningo ejwayelekile mayelana nendlela isiko lokufundisa amalungelo abantu likhule ngayo eNingizimu Afrika. Ngoku
4216,2012,0.1641,"Ezikoleni zamabanga amancane, ababambi qhaza abakhulu ngokuphathelene nokuphatha kuhlanganisa abazali kanye nothisha. Le","Ukushoda Kothisha Ezikoleni: Isifundo Esibalulekile Namuhla, ukuhamba phambili kwemfundo kuncike ekutholeni izinsiza eza"
1194,1932,0.1641,"Uhlelo lokuSebenza malubhekele isimo sendawo (isibonelo, izikhathi zemihlangano yomkhandlu) lihambisane nesikhathi sokuh","Lokhu kunciphisa isikhathi sokuphendula ezinkingeni, okuholela ekwenzeni ngcono ukusebenza kwe-Eskom. Izinkinga Nezinsel"
4889,619,0.1641,Ukuthintana nabanye omasipala asebenayo inqubomgomo. Abazimele abakhuluma ngezindaba zokuqasha nezinye izindaba namanyun,"IHIV/AIDS emiphakathini yasemakhaya Isingeniso IHIV/AIDS iyisifo esithinta kakhulu umphakathi, ikakhulukazi emiphakathin"
1437,7686,0.1641,"Ukuhlola kwesikhashana noma okuqhubekayo kokusetshenziswa kwephrojekthi ngokwayo ukuqinisekisa ukuthi okufakwayo, imiseb",Kwafinyelelwa esivumelwaneni emhlanganweni womhlaba wonke sokuthi ukuthuthukiswa okuqhubekayo kusekelwe ezinsikeni ezint
8031,7627,0.1641,"a ngokuthanda kwayo noma ngemuva kokuthola isikhalo, iphenye noma yikuphi ukungaziphathi kahle noma ukwephula umthetho o","I-GEMS ibeka imikhawulo ethile mayelana nokuthi lezi zinsiza zingasetshenziswa kanjani. Ngokwesibonelo, isoftware ethile"
267,3541,0.1641,Abantu abavela ngaphandle baqala ngokuba ngabafundi bese bekwazi ukuba ngabeluleki abakhuthazayo. Umnyango wezeNhlalakah,"Ukuba nomqondo ophumelelayo, ukusebenza kahle, nokugxila ekuthuthukiseni ngokukhula kungaba umphumela wezinyathelo zaban"
3438,3826,0.1641,Ubufakazi beholo lomphakathi liyabonakala futhi ekwenziweni ngcono okukhulu kokufinyelela ezinsizeni zempilo eziyisiseke,"Zihlinzeka ngokuqwashisa ngempilo, zifundisa abantu ngezindlela zokuphila eziphilile, futhi zikhuthaza abantu ukuba babe"
7424,3826,0.1641,Ubufakazi beholo lomphakathi liyabonakala futhi ekwenziweni ngcono okukhulu kokufinyelela ezinsizeni zempilo eziyisiseke,"Zihlinzeka ngokuqwashisa ngempilo, zifundisa abantu ngezindlela zokuphila eziphilile, futhi zikhuthaza abantu ukuba babe"
2220,3755,0.1641,Ukuphathwa kwalezi zigcawu ezintsha kuyodluliselwa kwiNhlangano Yamacebo Amasha Obuchwepheshe lapho seyibunjiwe. I-ICT i,Amalungelo phezu komhlaba womunye kanye namalungelo abantu awakwazi ukusetshenziswa ngokomthetho noma adluliselwe kumunt
6305,275,0.1641,Nokwakha iNingizimu Afrika ebuswa ngentando yeningi nebumbene futhi ezokwazi ukubamba iqhaza layo elifanele njengombuso ,"Lezi zifundo zigcizelela ukuthi umuntu uthola ukufundiswa okukhuthazayo, okwenza kube lula ukuzazi izimo zabo. I-Psychot"
2529,7817,0.1641,Lokhu kuyingxenye yomphumela wezinhlelo zamabomu ezenziwe uhulumeni ukwandisa ingqalasizinda yomphakathi. Kungumphumela ,"Intuthuko ecaleni lokushushiswa kukaJacob Zuma ngasese UJacob Zuma, owayenguMongameli waseNingizimu Afrika, ubhekene nez"
5515,7810,0.1641,"Nangaphezu kwakho konke, I-MHSI ingumlingani wakho kwezempilo nokuphepha. Kungabe ngokwehhovisi lezokuhlola, uhlelo olwe",Uma ukusetshenziswa kwamanzi kungahlanganisiwe ezidingweni zokubhaliswa ngokuhambisana nesaziso esikhishwe ngaphansi kwe
326,6479,0.1641,Inhloko yomnyango ingasidinga ukuba isisebenzi sisebenze ngesikhathi samahora angabekelwe ukusebenza uma umsebenzi kudin,Ukuthuthukiswa kwasemakhaya kuzokuqinisekisa ukuthi abaningi bethu abalayishi. Lokhu kuthuthukiswa kwasemakhaya kufanele
2745,1604,0.1641,Isivumelwano sokwenizwa komsebenzi siyisisekelo sokuphathwa kokwenziwa komsebenzi ezingeni lomuntu ngayedwana. Zonke izi,"Okwesithathu, ama-podcast anikeza indawo yokukhuluma ngezindaba ezithinta abantu abaningi, njengezindaba zomphakathi, ez"
144,5478,0.1641,"Nkosi, amaKhosi ahloniphekile, iziMeya, amaKhansela, iziNduna, amaLungu ePhalamende, abasebenzi bemiNyango kaHulumeni ey","Umnyango noma isifunda ngasinye singakhetha ulimi lwabo lokusebenza. Nokho, kufanele kuqashelwe ukuthi akekho ophoqelelw"
5421,614,0.1641,"Ungaphuzi utshwala ngaphambi noma ngesikhathi ubhukuda, utshuza noma uhamba ngesikebhe. Iqembu lizovakashela izikhungo n",Ngiyabonga ngoba isimo sezwe sikhulume ngithole ithuba lokubika ePhalamende nasezweni ngalezi zenzakalo eziyi-24 ezihlel
6894,648,0.1641,ILayisense yobuSakazi beMiphakathi inenhloso yokuhlangabezana nezidingo zobusakazi kumphakathi ukufinyelela kwiminyaka e,Ngiyajabula ukukwazisa umphakathi waseNingizimu Afrika ngomyalo ophakanyisiwe mayelana nezemidlalo nokuzijabulisa. Lo my
6439,5614,0.1641,UNgqongqoshe wezeMvelo nezokuVakasha wenze imithetho ebekwe kuleli sheduli ngokwesigaba 24 sifundwa nesigaba 44 soMtheth,Umphakathi uyaziswa ukuthi uMongameli uvumile umthetho olandelayo owashicilelwa lapha ukuze wazise umphakathi wonke. Ama
785,2479,0.1641,Kwenzeka lapho abantu bengasakwazi ukuhamba emigwaqeni yezwe ngaphandle kokwesabela ukuqhunyiswa isiqhumane sasemayini. ,"""IBhasi"" kusho imoto eyenzelwe, noma eyakhiwe ngokomthetho ukuze ifanele, ngumkhiqizi obhalisiwe ngokuhambisana neMtheth"
3395,6516,0.1641,b iLungu elifanele loMkhandlu oMkhulu ngemuva kokubonisana nelingu lesigungu esikhulu esiphethe izindaba zika hulumani b,Izivumelwano Zokufinyelela Kosonkontileka Besithathu: Ukuthuthukisa Ukusebenza Kwezimali Zomphakathi Ngokuhamba kwesikha
5150,6516,0.1641,"Imisebenzi yeKhansela leSifunda leZempilo kuzoba ukuqhubekisa ukubusa ngokubambisene, ukuqinisekisa ukusiza ukuhlela, uk",Izivumelwano Zokufinyelela Kosonkontileka Besithathu: Ukuthuthukisa Ukusebenza Kwezimali Zomphakathi Ngokuhamba kwesikha
6606,5688,0.1641,Kumele kwenziwe indlela yokubiza nokulondoloza izinhlobo zokomlomo ze-IK ukufakela kokokwenza kwendawo yokugcina okwakud,"Okokugcina, ukusimama kubalulekile ekwakheni isu eliqhubekayo lokuphathwa kwemithombo. I-GEMS ibeka phambili izindlela z"
1687,2346,0.1641,b ukuthuthukisa nokwenza lula ubudlelwano phakathi kohulumeni mayelana nemboni yotshwala; kanye c nokwenza- lula ukuxazu,"Ukuze sithole umphumela omuhle, kubalulekile ukuthi sihlole izindlela zokubhekana nemililo, njengokwakha izinhlelo zokut"
2011,2360,0.1641,"Uma ichazwa kabanzi, inkulumo ethi intuthuko elondolozekayo isho lokhu: ukufinyelela izidingo zesizukulwane samanje ngap","Isingeniso Ama-social media, noma imithombo yolwazi yokuxhumana, abe negalelo elikhulu empilweni yabantu abayizigidi emh"
4312,3483,0.1641,Kungaba ukutholakala kwe HIV kanye nengculaza futhi nokungabibikho kokuhlonishwa kwempilo nje. Amaqenjana aphakamisa uku,### Ukhetho Lukazwelonke: Imibuzo Nezimpendulo Umbuzo 1: Yini ukhetho lukazwelonke? Impendulo: Ukhetho lukazwelonke wumc
6137,7770,0.1641,Imibuzo - Zilungiselele imibuzo eqhamuka kumaLungu eKomidi. Kuwumqondo omuhle ukuthi ucabange ngemibuzo okungenzeka ibuz,Izingxoxo zePhalamende ngesikhathi se-Presidential Question Time Izingxoxo zePhalamende zidlala indima ebalulekile ekubh
7361,4334,0.1641,Ngakho abathengi kufanele bavumele umphakeli kagesi noma lowo oqokwe ngumphakeli ukuba anikwe ilungelo lokungena ngenhlo,"Izindleko zokwehla kwezimpahla. Lokhu kuyindleko engahambisani nemali, ehambisana nokwehla kwezimpahla ngoba zisetshenzi"
2764,2318,0.1641,Uhlu lonke lolwazi kumele lwenganyelwe ngokubhekwa kwesu eliqondile ngokuphathelene nokuthuthukiswa Kwesayensi Yezindaba,"Ngokuphathelene nezinhlelo zayo, iNyuvesi yasePitoli ibonakala ibeka phambili izifundo ezihambisana nezidingo zomphakath"
6724,6364,0.1641,Ukubeka imboni yamaminerali namandla ezimweni sokuncintisana emazingeni omhlaba. Ukuba negalelo ekuthuthukeni ngempumele,"Lokhu kubangela ubudlelwano phakathi kwabantu, lapho bejabulisa futhi befundisa ukuba basebenzisane. Izinsiza ezitholaka"
7754,159,0.1641,Imigomo ye-AU yokusebenza ngempumelelo kumele ukuba namaqembu angaphansi kwezifunda nawo ayisebenzise. Ezinye zalezi zin,"Phambilini, sakhuluma ngezizinda eziphila ngaphansi komholo othile. Ukuze sakhe lezi zikhungo, sahlola umgomo ukuze sihl"
6501,7964,0.1641,"Ngeminyaka edlule inzuzo etholakala ekulimeni, kakhulukazi ukukhiqiza ukudla okuzinhlamvu, beyicindezekile. Ngonyaka odl",Kunzima ukukholwa ukuthi intengo ye-maize ku-Safex ngoFebhuwari 2007 yayiphansi kuka-R1880 ngentoni uma sicabanga ukuthi
4149,1741,0.1641,"Ngesikhathi ukukhula komnotho wabathengi, obekubhebhezelwa ukwenyuka kwamathuba omsebenzi kanye namaholo kanjalo nokweny","Ngalesi sizathu, abantu kufanele bakhumbule ukuthi imidlalo yeshashalazi ingaba nemiphumela emibi uma ingalungiswa kahle"
3388,1746,0.1641,Faka isiliphu somholo sakamuva noma incwadi esho ukuthi uqashiwe uma ungumsebenzi omusha. Sicela ufake isitifiketi sobul,"Umuntu, inhlangano, noma ikhomishini ebhekiswe esigabeni 20 salo Mthetho, efuna ukulethela udaba phambi kwenkantolo noma"
5245,4118,0.1641,"namaPhini oSihlalo amabili. Lezi zikhulu ziphatha umsebenzi we-NCOP kanye nokwengamela izinkulumompikiswano, ziqinisekis","Lokhu kuqinisa ukuphepha, kepha kungaholela ekutheni kube nezithiyo ezithile kumabhizinisi amancane, ikakhulukazi uma en"
7089,4141,0.1641,Isigaba sokuphathwa kokufakelela sibhekene nokusungula iminikelo yokwahlukaniseka kwamabhrendi kanye nokuthengisa imikhi,"U-Mnu. Mthembu uthe, ""Siyazi ukuthi izinsiza zethu zibalulekile empilweni yabantu, futhi sizokwenza konke okusemandleni "
5783,4135,0.1641,Ithuluzi lokuhlola ukwenziwa komsebenzi kwezisebenzi ezingesiwo amalungu e-SMS (amazinga eholo asuka kwelo-1 kuya kwele-,"Lokhu kungasiza ekuxhumaneni nezinye amawebhusayithi njengokuthokozisa, futhi noma yisiphi isixhumanisi esinjalo asisho "
3998,7833,0.1641,Isitatimende esibukeziwe sohlelo lwezifundo sikazwelonke sihlose ukuthuthukisa ulwazi kanye namakhono asezingeni eliphez,"Ukuhlola Ukuqhubeka kweNational Development Plan Ngonyaka ka-2030, iRiphabhuliki yaseNingizimu Afrika ibheke phambili ek"
3197,7847,0.1562,Inhloso wukusiza ababambe iqhaza ekusebenziseni kangcono ukuhlela intuthuko edidiyele njengesikhali esinomthelela omkhul,"Abantu abangenayo imithi abayidingayo bahlala besaba ukuvela kwezifo, okwandisa umphumela wokugula. Lokhu kuholela ekwan"
3197,7893,0.1562,Inhloso wukusiza ababambe iqhaza ekusebenziseni kangcono ukuhlela intuthuko edidiyele njengesikhali esinomthelela omkhul,"Izenzo zami zenkampani kufanele zibe nemiphumela engathuthuka, okwenza umphakathi uqaphele nokuthi kumele uxhumane nezin"
76,4176,0.1562,"Leli cebo ligxile ekwehliseni isibalo sesikweletu kusabelo mali, ukwakha kabusha umkhakha womphakathi kanye nokusimamisa","Qinisekisa ukuthi abasebenzi bezeposi bayahambisana noma bayavuma umthetho, kanye nemigomo nemibandela ye-licence kanye "
895,4135,0.1562,"Ukuhlinzeka ngokusetshenziswa kwezimali, ukuhlola, 2. Ukulawula izinhlelo zezimali kanye nezezibalo kwezidingo nezimfuno","Lokhu kungasiza ekuxhumaneni nezinye amawebhusayithi njengokuthokozisa, futhi noma yisiphi isixhumanisi esinjalo asisho "
4467,8054,0.1562,Ukunwebeka kwamandla okulalela amacala emibango nawegazi kumele kuhlale njalo kuhambelana nezidingo ezibekwe wuMthethosi,"Ukubhekana nezinkinga zempilo kungaba yindlela yokubona amandla ethu okuphila, sithole ukukhula okungaphakathi. Izifundo"
4538,71,0.1562,Yilokhu kuhlola konyaka wonke okuzosetshenziswa njengesisekelo ukunquma mayelana nomsebenzi wesisebenzi. Lona lelo thulu,"D.1 Lapho kungase kube nokungqubuzana kwesithakazelo uma kwenziwa noma iyiphi inqumo mayelana nokuqashwa, umphakathi omk"
3521,8091,0.1562,"Baningi abagulayo, abanye babo bazobulawa yizifo ezingavimbelekayo. Lapho imilomo yamaphayiphi ivimbekile, amaphayiphi e",Lokhu kubalulekile ukuze kuqinisekiswe ukuthi abasebenzi bahlala benomzwangedwa ophusile futhi beqonda izinjongo zenkamp
1067,8074,0.1562,g lonke ulwazi olungabekwa wumgomo. b yinoma iyiphi inkantolo odabeni lwecala lobugebengu noma lokuhlukumezeka komuntu l,"Bika ochwepheshe bezilwane mayelana nezilwane eziphatha ngendlela engajwayelekile, futhi kuthathwa ukuthi kunokhukhula. "
4203,8054,0.1562,Kuba nzima ukuhamba uma uvelelwa yile nkinga. Ukuhlala ngokuzivocavoca nokudla ukudla okunempilo yizona ndlela ezimbili ,"Ukubhekana nezinkinga zempilo kungaba yindlela yokubona amandla ethu okuphila, sithole ukukhula okungaphakathi. Izifundo"
3197,4049,0.1562,Inhloso wukusiza ababambe iqhaza ekusebenziseni kangcono ukuhlela intuthuko edidiyele njengesikhali esinomthelela omkhul,"Ngaphezu kwalokho, kufanele sikhulume ngokubaluleka kokufaka izinhlelo zemvelo ezithuthukisa imisebenzi. Izinhlelo zokul"
5783,4030,0.1562,Ithuluzi lokuhlola ukwenziwa komsebenzi kwezisebenzi ezingesiwo amalungu e-SMS (amazinga eholo asuka kwelo-1 kuya kwele-,Ivumela amakhaya ukuba akhuthaze intuthuko yendawo; futhi kulandela ukuhlaziywa okujulile mayelana nezindleko nezinhlelo
2238,160,0.1562,Ukuba yisibonelo esihle: ngokuthi kukhuthazwe ukuzibophezela kothisha babuye futhi baveze amakhono abo athile. Ukuqinise,Ukuhlola Ukuqhubeka KweNational Development Plan I-National Development Plan (NDP) iyisicwangciso esibhekene nokuthuthuk
1863,119,0.1562,"Usendaweni oyijwayele, ethokomele ngenkathi ubeletha ingane yakho. Uma uba nezinkinga, usizo ozoluthola luncike ebungcwe","Ukwehla kwemvula okuphakathi nendawo ezweni kungu-500 mm (Joubert, 2003), okuphansi kakhulu uma kuqhathaniswa nezinga lo"
279,1726,0.1562,"J.2 Umbiko wokuqala wonyaka, nohlonzwe esiqondisweni- III J.1, uyokwethulwa kwisishayamthetho esifanele ngokonyaka wezim","Umuntu ophumile, mayelana nenja esetshenziselwa lowo muntu njengenjini yokuhola, uma le nja ingahlinzekwa yiNhlangano Ye"
3526,1747,0.1562,Lokhu sizokwenza ngaphakathi emNyangweni nasemiphakathini. Uhlelo lwethu lokunakekela abasebenzi kanye nalolo olukhuthaz,"Ngaphezu kwalokho, izikhungo zezempilo kufanele ziqinisekise ukuthi zikhona izinhlelo zokuvikela abantu. Lokhu kubalulek"
6377,1749,0.1562,Yingakho efuna uHenk aphendule imibuzo embalwa. Umqondisi Jenene Simelane wanikeza umphakathi inombolo yeselula yakhe ye,"Ikheli lewebhu: www.nemisa.co. Ngokusho kwesigaba 10 se-Promotion of Access to Information Act, ""Umphakathi Wamalungelo "
2493,6457,0.1562,"Ngakho, ngiyaphinda ngiyanamuhle nonke eNingizimu Afrika, ikakhulukazi esifundazweni sethu nizozihlanganisa nathi kulo m",Umbiko wezinsuku uhlelwa ngompheki ophakanyisiwe bese usayinwa ngompheki osekelayo ophumelele ukwenza lokhu. Ucwaningo n
378,5678,0.1562,"Ngesikhathi esifanayo, sithola isithombe nezinkomba zezidingo zezinsiza ukuze umsebenzi uqhubeke ngendlela egculisayo. S","Izinhlelo zokusebenza ezithuthukisiwe, izinhlelo zokulandelela, kanye nezinsiza zokuxhumana zenza kube lula ukuhlela nok"
7424,5681,0.1562,Ubufakazi beholo lomphakathi liyabonakala futhi ekwenziweni ngcono okukhulu kokufinyelela ezinsizeni zempilo eziyisiseke,"Izinqubo zokufaka isicelo sobulungu be-GEMS I-GEMS, okuyiGrootte Excellent Medical Scheme, iyinsiza ebalulekile yokuhlin"
3438,5681,0.1562,Ubufakazi beholo lomphakathi liyabonakala futhi ekwenziweni ngcono okukhulu kokufinyelela ezinsizeni zempilo eziyisiseke,"Izinqubo zokufaka isicelo sobulungu be-GEMS I-GEMS, okuyiGrootte Excellent Medical Scheme, iyinsiza ebalulekile yokuhlin"
3607,2315,0.1562,"a ngokwezimiso zesigaba- 923b zoMthethosisekelo, siyofakela ulwazi olubekwe esiqondisweni- III J.2 noma- J.3 embikweni w","Lokhu kusho ukuthi udokotela uhlinzeka ngesitifiketi ngokuya ngemiphumela yokuhlola, noma ngenxa yolwazi olutholakele ku"
1462,2219,0.1562,Abazenzanga lezi zinto mayelana nokugadwa kwezindawo zamathikithi ngalobo busuku. Umbiko osanda kukhishwa wuMqondisi-Jik,"Ukuphendula Kwezimo Eziphuthumayo Ngezimoto Eziningi Ukuphendula kwezimo eziphuthumayo, ikakhulukazi lapho kuhlangene ne"
6746,6446,0.1562,"Eminyakeni yethu eyishumi yokuqala njengohulumeni wentando yeningi, sabhekisa amandla ethu kanye nemizamo yethu yokuhamb","I-Microsoft Iqhubeka Nokuhola Emhlabeni Wezobuchwepheshe Ngokuhamba kwesikhathi, iMicrosoft, inkampani edume kakhulu emh"
7606,1599,0.1562,Isaziso okukhulunywa ngaso esiqeshaneni asiphoqelelwe ukusebenza uma umasipala ehluleka ukususwa kwengxenye yepulani lom,"Ukuhlwanyela umhlaba kanye nokucindezela kwawo kuhambisana nazo zonke izenzo emapulazini: ukuhweba, ukujova, ukuvuna, nj"
76,6505,0.1562,"Leli cebo ligxile ekwehliseni isibalo sesikweletu kusabelo mali, ukwakha kabusha umkhakha womphakathi kanye nokusimamisa","Qinisekisa ukuthi abasebenzi beposi bayavuma noma bayahambisana nomthetho, kanye nemigomo nemibandela yeziqu nezitifiket"
6304,1699,0.1562,"Siyethemba ukuthi zonke izinhlangano zezepolitiki lapho ziqedela izinhlu zazo zokhetho, zizofaka isandla kulo mzamo omuh","Lokhu kuhlanganisa ukwakha izinhlelo zokuvikela ezindaweni ezibhekene nezingozi, ukuhlela izinhlelo zokuphila ezimeni ez"
1849,1699,0.1562,"Siyethemba ukuthi zonke izinhlangano zezepolitiki lapho ziqedela izinhlu zazo zokhetho, zizofaka isandla kulo mzamo omuh","Lokhu kuhlanganisa ukwakha izinhlelo zokuvikela ezindaweni ezibhekene nezingozi, ukuhlela izinhlelo zokuphila ezimeni ez"
5879,6519,0.1562,"Abaholi bamaNPO basheshe bakuqonde ukuthi banezibophezelelo ezintathu emisebenzini yabo, nokuhambisana nokufeza impokoph","Ngokomthetho, ukuhola kumaqembu omphakathi kusho ukufaka umoya nokuhola izenzo zabantu eqenjini lomphakathi nasemphakath"
6389,5561,0.1562,Thina njengabasebenzi boMnyango Wezobuciko kanye Namasiko Kazwelonke sinikezwe imithombo yombuso ehlukahlukene ebekwe ng,"Ngenxa yokudubula, abesifazane ababili ababejolile kuphela balimala, kanti omunye umsolwa udubuliwe enyameni. Awukwazi u"
6218,5525,0.1562,Ukwamukelwa kwalo Mthetho-sisekelo kubeka isisekelo esiqinile sokuba abantu baseNingizimu Afrika banqobe ukuhlukana nezi,"Inhloso yokubuyekeza umthetho ophathelene nezinga lomoya ukuvikela, ukuvuselela, nokuthuthukisa izinga lomoya eNingizimu"
2862,2382,0.1562,Kumele kube yindlela endlalekile futhi ebandakanya wuwonke wonke ekuhlelweni kolimi nasekusetshenzisweni kwenqubomgomo e,"Lokhu kuzinikela emnothweni wezwe, ukuze kube nezinhlelo eziningi zokuxhasa abafundi. Ukubhikisha kukaJuliette, uKabelo "
1858,5652,0.1562,"UMthetho weKhomishani yokuLingana ngokobulili ongunombolo-39 we-1996 yiwona omisa umsebenzi weKhomishani okungukuvikela,","Kumele sinakekele lezi zinsiza, sigcizelele ukubaluleka kokuxhasa odokotela nabahlengikazi emsebenzini wabo. Lokhu kunga"
1347,6585,0.1562,b Ukukhathazeka kungatholwa yibo bobabili umama kanye nengane njengomphumela wesikhathi esithathwa ekunceliseni lapho in,"Ngaphezu kwalokho, ukuhlinzeka ngempumelelo ngesikhathi se-Presidential Question Time kudinga ukuthi kudaleke umoya ophi"
1231,6600,0.1562,"Ngokuhambisana nesigatshana 3, lowo obefaka imali eSikhwameni kufanele akhokhelwe umehluko phakathi kwenzuzo yokuyobelet",Imithetho ngeke isebenze kumakhono athile nakwabanye. Isahluko 1 - Ababambiqhaza embonini yezeMkhumbi badinga ukuba nezi
3429,2553,0.1562,"Kodwa-ke, sizoqinisekisa ukuthi amazinga okweboleka okwenziwa uhulumeni ahlakaniphile futhi ayaqhubeka. Lokhu futhi kush","Ngaphezu kwalokho, umthetho ubhekana nokuvikeleka okuhlobene nokudluliswa kwebhizinisi le-SARS lapho lokhu kungase kube "
6564,2553,0.1562,"Kodwa-ke, sizoqinisekisa ukuthi amazinga okweboleka okwenziwa uhulumeni ahlakaniphile futhi ayaqhubeka. Lokhu futhi kush","Ngaphezu kwalokho, umthetho ubhekana nokuvikeleka okuhlobene nokudluliswa kwebhizinisi le-SARS lapho lokhu kungase kube "
1813,1432,0.1562,IKhula yasungulwa ngo-1996 futhi igxile ekuqinisekiseni ukutholakala kalula kwezimalimboleko kanye nezimali zokusungula ,"Umthetho wokuhlanganisa intela ngenani, ka-1991. Imithetho ehlukene ebhalwe kuSheduli 1 yomthetho ophatha i-South Africa"
6118,1393,0.1562,"Imfundo kumele ibukwe ngehlo elivulekile ingagcini nje kuphela emfundweni yamazinga aphansi, ephakeme kanye namanyuvesi.",Inhloso yeKomidi lendawo ukuqinisa ukubamba iqhaza komphakathi ekuphathweni kwendawo. Izinkomiti zendawo zingezinye zezi
4367,6724,0.1562,I-GLPF ibuye ibhekele izidingo zoMthetho Ongamele Izikole eNingizimu Afrika ka 1996 ngokubuka indlela okusetshenziswa ng,"Kwezinye izinguquko ezivela enqubweni ejwayelekile kanye nomzamo wokwandisa amandla ezisulu zobugebengu, izisulu zezinye"
1267,2655,0.1562,Uhlelo kumele lube ngoluguquguqukayo futhi kumele likwazi ukuguqulwa kuye ngesidingo. Yenza isiqiniseko sokuthi imiseben,"ISahara Desert: Umlando Wempilo ISahara, okuyi-Desert enkulu kunazo zonke emhlabeni, inembali ethakazelisayo nolwazi olu"
3508,2656,0.1562,Ukuchazela bonke abathintekayo ngenqubo yokhetho njengobaumthetho uhlinzekela ngokwezindawo nemikhakhaokungakhethwa kuyo,"Imali yesicelo sezakhiwo zikGovernment ingama-R35. Umfaki-sicelo unelungelo lokuhambisa isikhalazo sangaphakathi, uma ku"
2846,2704,0.1562,Umkhakha Wemfundo Esemazingeni Aphakeme kanye nokuQeqesha namakholishi awo angama-50 kanye nezikhungo zemfundo ephakeme ,"Eminyakeni yethu yokuqala eyishumi njengohulumeni obusayo, siqondise amandla ethu nemizamo yethu ekushintsheni kusukela "
3395,5353,0.1562,b iLungu elifanele loMkhandlu oMkhulu ngemuva kokubonisana nelingu lesigungu esikhulu esiphethe izindaba zika hulumani b,"Kodwa-ke, ubuchwepheshe obusha obusetshenziswa ekwakhiweni kwephrojekthi ye-flue gas bukhombisa ithemba lokuthi lezi zin"
1906,5379,0.1562,"Thina kulo Mnyango siyazinikela ukubeka imigomo elandelayo ye "" People First "" ekusetshenzisweni ngaphandle kokuchitha i","Ezamandla: Ukubaluleka Kwezamandla Emhlabeni Wethu Ezinsukwini zethu zanamuhla, amandla (energy) abe yinsika ebalulekile"
6822,6226,0.1562,"Sebenze kwahlanganiswa izindlela zamazwe zokukhiqiza nezezimali, futhi bubonakala ekukhuleni kwezinga lokushintshiselana",Ngimi lapha phambi kwabantu baseNingizimu Afrika ngenkululeko ngesikhathi engithole khona ithuba lokubamba isikhundla es
5013,1846,0.1562,Okubaluleke kakhulu wukuqiniskisa ukuthi uhlelo lolu luyasetshenziswa. NjengomNyango nonyaka sizoqala sihlole izindlela ,"Ukuthengwa kwezindiza kuphinde kube nendawo ebalulekile. Ukuze uthole imo engcono yokuhamba, kubalulekile ukucabanga nge"
3303,1855,0.1562,Iyofaka futhi indawo yezemidlalo enkulu ezokwazi ukusebenziseka ohlwini lwezinhlobo zemidlalo kanye nezikhungo zemidlalo,"Izinselele Eziqhubekayo Izikole zikahulumeni zibhekene nezinselele eziningi. Okokuqala, ukuntuleka kwemali yokusebenza k"
7847,2249,0.1562,Alunawo umqondo owodwa ogxile kuphela ezindabeni zikahulumeni wendawo noma obhekele izindaba zangaphandle. inqubo yokuhl,Izinkampani Zobuchwepheshe: Imibuzo Nezimpendulo Umbuzo 1: Yini imisebenzi eyinhloko yezinkampani zobuchwepheshe? Imiseb
7573,2312,0.1562,Uma sizivocavoca ndawonye lokho kuzosiza ekutheni sikhuthazane ngabanye. Pic. Ngizoqala ngokuchaza ukuthi kwenzekani emz,Lokhu kuzokwenza kube lula emzimbeni wakho ukwakha indawo efanele yokukhulelwa. Isinyathelo 4: Ukuhlola Impilo Yezokwela
7892,2262,0.1562,"Isigameko seGNSS sichaza isigameko kanjalo nezimo ezifuze ukungasebenzi kahle komshini, izinkomba noma iphutha lomuntu n","Amanzi Ahlanzekile Ingxoxo NokuChaza Isidingo Samanzi Ahlanzekile Umxhumanisi: Sanibonani, baphumelelayo. Namuhla sizoxo"
1445,5708,0.1562,UMasipala umema bonke abantu amalungelo abo angase aphazamiseke ngalokhu kudliwa kwalo mhlaba okuhlongozwayo ukuba babha,Umthetho ophatha ukuhlanganiswa kwentela lapho kudluliswa ubunikazi bemikhiqizo ka-1949 noma yimuphi omunye umthetho oph
5523,2285,0.1562,"Ukubona lnqubekela phambili eseyenzekile kusu kela kuqala um-buso wentando yeningi, mayelana noguquko kuzinhlelo zobulun","Lokhu kubalulekile ukuze kuqinisekiswe ukuthi amalungu azithola izinsizakalo ezihamba phambili, futhi ahlale enolwazi ol"
8016,6148,0.1562,"Sisebenza ngenqubo yomhlaba wonke enesimo esiguqukile kusuka esisekelweni, ehlala ishintsha njalo, ilokhu iletha izinsel","Lokhu kwenza kube nzima ukuhlela izinhlelo zokuhamba. Futhi, uma sikhuluma ngezinsizakusebenza, akufanele singakhohlwa u"
6824,6176,0.1562,Endaweni yokuqala engisebenza naye ofundile akakwazi ukuzoma phambi kwenu mayelana nekhasimende elingekho. Ukhombe endaw,Siyacela ukuthi ungene emncintiswaneni ngoba sithanda ukuzwa ukuthi i-GEMS ikwenze kanjani kube ngcono empilweni yakho. 
6020,6873,0.1562,"Loluhlelo lugcizelela ukubaluleka kweqhaza labahlukumezekile, imindeni namalunga omphakathi ngokubenza babe yingxenye yo","Ukusetshenziswa Kwezobuchwepheshe Ezikoleni: Izingqinamba Nezinzuzo Ekuqaleni, kufanele siqonde ukuthi ubuchwepheshe buy"
2331,6868,0.1562,Uhambo oluhlelwe ngumuntu ngamunye lutholakala ngokucela. Wumqondo omuhle ukusebenzisa imizila emkhulu hhayi emincane - ,"Ukuxhumana okukhululekile nokuqondile kunciphisa isikhathi sokuphendula, futhi kunciphisa amathuba okuba nezinselelo ezi"
2400,6822,0.1562,Emsebenzini isisebenzi sigqoka futhi siziphatha ngendlela ekhulisa igama lalowo osebenzela iSizwe. UHulumeni kanye nomph,UBongi uthatha zonke izinsimbi anazo ukuze athenge utshwala ngenkathi umndeni wakhe uthola ubuhlungu ngoba lelo mali kuf
738,1339,0.1562,"Ngibhalise eNyuvesi yaseDurban-Westville ngenza iziqu ze-Bachelor of Science, ngigxile kakhulu ku-Mathematics nakuPhysic",Izivumelwano zokufinyelela zenza kube nokwenzeka ukuthi osonkontileka bahlale bejolise ekwenzeni izinsizakalo eziphumele
5726,2721,0.1562,Ingabe beziseningi yini izimoto zezikhulu ezisalindele ukujikela enkudleni? Imisakazo yangasese kumele iphoqwe ukuthi ik,"Ukungabi khona kwezinsiza ezifanele, njengezikhungo zokunakekelwa kwezempilo, kuholela ekunciphiseni izinga lempilo lemi"
7657,2643,0.1562,c kufanele kuyekelwe sikhathi esingaka ngenyanga okungenani kusukela osukwni lwesisimemezelo ukuze kunikwe isikhathi aba,"Ngokucabangela ukuthi kukhona izidingo zokuphila nezomnotho ezikhona, ngesikhathi sokusebenza kwalolu mthetho, uhulumeni"
1394,2768,0.1562,Sesizibekele umgomo wamathuba emisebenzi ayi 24 000 kulonyaka wezimali njengoba sikwazile ukudala ayi 20 755 ngonyaka ka,Izimpawu ezikhombisa izikhungo noma amahhovisi omphakathi kumele zibe ngazo zombili izilimi ezizosebenza. Bonke abatheng
8104,1228,0.1562,e oluqukethe izindlela ezikhomba ukuthi ulwazi ngemisebenzi yomnyango luzohlinzekwa kanjani; futhi f oluchaza uhlelo nom,"Ngakho, sithuthukise ikhono elithile lokubheka nokuphepha ezingeni lendawo. Ukuxhumana phakathi kwalabo abathole izinzuz"
7706,1208,0.1562,"Inqubomgomo ingethuthukisa ngokwemvelo yayo kanti nesisekelo sokufaka kukontileka ngezokubambisana kunesokungqubuzana, u","Abantu kufanele bazi izingozi ezihambisana nezikhukhula, bazi ukuthi bangaziphatha kanjani ezimeni ezinjalo. Ukuze sikhu"
5726,1208,0.1562,Ingabe beziseningi yini izimoto zezikhulu ezisalindele ukujikela enkudleni? Imisakazo yangasese kumele iphoqwe ukuthi ik,"Abantu kufanele bazi izingozi ezihambisana nezikhukhula, bazi ukuthi bangaziphatha kanjani ezimeni ezinjalo. Ukuze sikhu"
2567,1245,0.1562,"intuthuko kanye nempilo engcono kuwo wonke umuntu. Kulesibalo sabantu, imindeni engamaphesenti angu 84, ihlala ezindawen",Lokhu kuveza ukuhlukahluka komphakathi futhi kuholele ekwakhiweni kwenkulumo nezinkanyezi ezintsha. Uhlanga Lokukhuthaza
2519,6928,0.1562,"Isisebenzi sithembekile futhi sizimisele ekusebenziseni imali yeSizwe nempahla kanye nengcebo yeSizwe ngendlela efanele,","Ukukhuphuka Kwezindleko Zokuphila: Ukuhlaziywa Kwezimo Zamanje Njengoba uhamba phambili, umphakathi ubhekene nezinguquko"
6627,6762,0.1562,"Lesi sitatimende sisebenzisa imikhakha yokufunda ukufeza lezi zinjongo, lokho okulindelekile kanye nemiphumela okumele i",Umbiko: Intsha YaseNingizimu Afrika Isingeniso Intsha yaseNingizimu Afrika ibalulekile ekwakheni ikusasa lezwe. Njengoba
2220,3027,0.1562,Ukuphathwa kwalezi zigcawu ezintsha kuyodluliselwa kwiNhlangano Yamacebo Amasha Obuchwepheshe lapho seyibunjiwe. I-ICT i,Isicabha siqala ukukhula ngokushesha. Izicabha ezine-silk ziqala ukuvela ngokushesha ezikhala eziyi-6 kuya kweziyi-8 phe
5200,7017,0.1562,a ingenqabela ummangalelwa ukuba abonane naleyongane; noma b ilawule ukubonana kommangalelwa nengane ukuba kube ngaphans,Siphatha ukusungulwa kweBhodi Yezempilo Kazwelonke lapho uNgqongqoshe ezosebenzisana namalungu eBhunga Lezempilo Kazwelo
415,1076,0.1562,Isiyonke imali yamathenda anikwe ama-co-operatives kusukela ngoNcwaba kuya kuZibandlela nyakenye ingu-R11 million kumath,"Abantu abaningi abathandi ukungena emsebenzini wokunakekela abantu abadala, nokwenza kube nzima ukuhlinzeka ngensiza eya"
3336,969,0.1562,"Ukulalela okusebenzayo ngumsebenzi onzima futhi omunye umuntu uyakwazi loku. Uma ulalela ngokusebenzayo, wenza ubufakazi","Lokhu kuhlanganisa ukusebenzisa izinhlelo zokuxhumana ezisheshayo, izinhlelo zokusebenza ezithuthukisiwe, kanye nezinhle"
7485,3070,0.1562,"E-Uganda, ngokwazekayo, isilinganiso sabasebenzi abelapha ngamakhamba esintu uma siqhathaniswa nezakhamuzi siphakathi kw",Ukusebenza kohlelo lokuqinisekisa lwe-Home Affairs online Uhlelo lokuqinisekisa lwe-Home Affairs online luhloselwe ukuhl
4027,5006,0.1562,Abantu besifazane bangaphezu kwesigamu sabantu baseNingizimu Afrika yingakho-ke kumele amazwi abantu besifazane kumele a,"Impendulo: Ukuze kuthuthukiswe izinga lezokwelapha, kudingeka kube nezinhlelo eziphumelelayo zokuphatha izibhedlela. Lok"
6909,5006,0.1562,Abantu besifazane bangaphezu kwesigamu sabantu baseNingizimu Afrika yingakho-ke kumele amazwi abantu besifazane kumele a,"Impendulo: Ukuze kuthuthukiswe izinga lezokwelapha, kudingeka kube nezinhlelo eziphumelelayo zokuphatha izibhedlela. Lok"
494,3120,0.1562,"Utshalo-mali emisebenzini yokulungisa nokuhweba ngezinhlanzi. Ngaphambi kokuqalisa unyaka wesibili, umnikazi welungelo k",Mayelana nohlobo olusha lwezilwane noma uhlobo olusha lwalesi silwane okufanele lungene ezweni noma lukhulunywe eRiphabh
4027,5098,0.1562,Abantu besifazane bangaphezu kwesigamu sabantu baseNingizimu Afrika yingakho-ke kumele amazwi abantu besifazane kumele a,"Lokhu kuholela ekwehleni kokutshalwa kwezimali, okwakha isithombe esibi semigomo yokukhula komnotho. Ukwanda kokungabi n"
6909,5098,0.1562,Abantu besifazane bangaphezu kwesigamu sabantu baseNingizimu Afrika yingakho-ke kumele amazwi abantu besifazane kumele a,"Lokhu kuholela ekwehleni kokutshalwa kwezimali, okwakha isithombe esibi semigomo yokukhula komnotho. Ukwanda kokungabi n"
5150,948,0.1562,"Imisebenzi yeKhansela leSifunda leZempilo kuzoba ukuqhubekisa ukubusa ngokubambisene, ukuqinisekisa ukusiza ukuhlela, uk","Ngakho-ke, kubalulekile ukuba nezinhlaka ezilungile ukuze zikwazi ukusiza abantu ngesikhathi esiphuthumayo. Izinhlelo Zo"
5374,952,0.1562,Lentuthuko yasemakhaya kumele ihambisane nokwenziwa ngcono kwengqalasizinda bese ngaleyo ndlela kuphucuke nezinga lempil,Lo mthetho ufaka phakathi umthetho wesakhiwo. Uthuthukisa ulwazi nokuqonda kwezindaba zase-Afrika ngokusebenzisa ososaye
7284,7363,0.1562,"I.5 Ukusiza ukucwaninga ukuqashwa ezisebenzini zikahulumeni, isikhulu esiphethe siyohlanganisa zonke izikhundla emnyangw",Ukuhlinzeka ngama-rating wokusebenza ngonyaka: Ukuhlinzeka ngama-rating wokusebenza emsebenzini wonyaka njengengxenye yo
3607,7363,0.1562,"a ngokwezimiso zesigaba- 923b zoMthethosisekelo, siyofakela ulwazi olubekwe esiqondisweni- III J.2 noma- J.3 embikweni w",Ukuhlinzeka ngama-rating wokusebenza ngonyaka: Ukuhlinzeka ngama-rating wokusebenza emsebenzini wonyaka njengengxenye yo
1721,3161,0.1562,"Amaphoyisa azokwazisa ukuthi ungeza yini ezinqubeni zasenkanto-lo, nangosuku noma izinsuku. Unelungelo lokwazi ngosuku l","Okokuqala, kubalulekile ukuqonda ukuthi lezi zingxoxo ziqala kanjani. Izinsuku ezibekiwe ziba yisikhathi sokuphendula im"
6389,7086,0.1562,Thina njengabasebenzi boMnyango Wezobuciko kanye Namasiko Kazwelonke sinikezwe imithombo yombuso ehlukahlukene ebekwe ng,"Lokhu kuhlinzeka ngendawo yokubambisana, lapho abantu benza imisebenzi ehlose ukuthuthukisa impilo yabo, futhi bakha ubu"
6942,1147,0.1562,"IDP, sikubona kuzoba nomthelela omuhle kakhulu ekuphuculeni izimpilo zabantu ngokusheshisa, nokulethwa kwezidingo. Sonke",Izinsiza Zokwakha Izinsiza ezisetshenziswa kwezakhiwo zithinta kakhulu umphumela wokugcina. Izinsiza ezifanele zifaka ph
3603,6198,0.1562,"Kulungiselelwa ukutholakala, ukuba nakho, ukuncibilikisa, ukucolisa, ukunikeza abafanele, ukusetshenziswa kanye nokuchit",U-Mlawuli weZizwe zeNgesi osunguliwe ngengxenye 3 yeMthetho Wokulawulwa Kagesi ungumgibeli nomgibeli wendlela yokulawula
1554,1903,0.1562,Imininingwane ehluziwe ibe isihlelwa ukuze ikhiphe isethi yemininingwane eliqiniso. Imibiko evela emazweni aphesheya kwe,"Izinsizakalo Zokubeletha Ezibhedlela Ukubeletha kuyisigcawu esibalulekile empilweni yomuntu, futhi izinsizakalo zokubele"
720,2154,0.1562,Ukuthuthukiswa kwamazinga empilo kwalabo abashiywe ngaphandle kungaveza amathuba amningi okukhula komnotho emhlabeni won,"Lokhu kufaka phakathi ukonakaliswa kwemvelo, ukuphazamiseka kokuphila kwabantu abaseduze, kanye nezingozi ezithinta abas"
4969,5888,0.1562,Kodwa i-Africa kufanele izinikele yona ngokwayo ukuba ingagudluli imithombo yayo iyisuse kuleyo mikhakha ethola usizo ng,"Lokhu kukhuphuka futhi kubheka zonke izindleko ezihlobene nabasebenzi, ikakhulukazi umthelela ophakanyisiwe ovela esivum"
7424,7454,0.1562,Ubufakazi beholo lomphakathi liyabonakala futhi ekwenziweni ngcono okukhulu kokufinyelela ezinsizeni zempilo eziyisiseke,"Lokhu kuzokwenza ukuthi abadlali babe nesiqiniseko sokuthi bakhona abantu ababaxhasayo, okwenza kube lula ukubhekana nez"
3438,7454,0.1562,Ubufakazi beholo lomphakathi liyabonakala futhi ekwenziweni ngcono okukhulu kokufinyelela ezinsizeni zempilo eziyisiseke,"Lokhu kuzokwenza ukuthi abadlali babe nesiqiniseko sokuthi bakhona abantu ababaxhasayo, okwenza kube lula ukubhekana nez"
6305,780,0.1562,Nokwakha iNingizimu Afrika ebuswa ngentando yeningi nebumbene futhi ezokwazi ukubamba iqhaza layo elifanele njengombuso ,Izinhlelo zokufundisa ezisekelwe emiphakathini zingakhuthaza abantu ukuba babe nomqondo ophumelelayo mayelana nokuphila 
6137,887,0.1562,Imibuzo - Zilungiselele imibuzo eqhamuka kumaLungu eKomidi. Kuwumqondo omuhle ukuthi ucabange ngemibuzo okungenzeka ibuz,"Ngenxa yesigaba 7, ""indaba yokusetshenziswa komhlaba"" kusho indaba ephathelene nezinguquko ekusetshenzisweni kwanoma yil"
4556,876,0.1562,"Umsolwa washintsha amapuleti endleleni ngesikhathi ehambisa izinto. Uma onke amathenda esehlukanisiwe, izinga lokusebenz","Ngoba ufuna ukukshowa kulabo abazokusiza ukuthi unamandla nezakhono zokukhiqiza, futhi ukuthi kukhona abanye abalimi noc"
7041,4660,0.1562,"Ikomishina yabaSebenzela iSizwe inikezwe igunya ngokuphathelene nomthetho sisekelo wonyaka ka 1996, ukuba ikhuphule futh","Ukuncintisana okukhulu, ukucindezeleka, kanye nezindleko ezihambisana nemidlalo kungaba yizinto ezinzima. Abanye abadlal"
5635,4497,0.1562,Isikhathi sokuvuna siyasondela futhi kusekhona amasimu amaningi agcwele ngokhula. Ukuxoxa kwethu njalo kuyabuyela lokhu:,"Ngemuva kokhetho, uNelson Mandela waba nguMongameli wokuqala omnyama weNingizimu Afrika. Lokhu kwaba yisikhathi sokwakha"
144,3583,0.1562,"Nkosi, amaKhosi ahloniphekile, iziMeya, amaKhansela, iziNduna, amaLungu ePhalamende, abasebenzi bemiNyango kaHulumeni ey","Lokhu kungabandakanya ukuhlinzeka ngokudla okuyisisekelo, ukuxhasa imindeni ngezinsiza, kanye nezinhlelo zokuqinisa umno"
6942,7736,0.1562,"IDP, sikubona kuzoba nomthelela omuhle kakhulu ekuphuculeni izimpilo zabantu ngokusheshisa, nokulethwa kwezidingo. Sonke","Ngaphezu kwalokho, kubalulekile ukwakha umqondo wokubambisana phakathi kwemiphakathi, uhulumeni, kanye nezinkampani ukuz"
2774,7770,0.1562,Lokhu kwenza ukuba ingane ikwazi ukucindezela ulimi kanye nedami kuthintane nethambo kanti futhi ngokwenza njalo bese ik,Izingxoxo zePhalamende ngesikhathi se-Presidential Question Time Izingxoxo zePhalamende zidlala indima ebalulekile ekubh
6020,3388,0.1562,"Loluhlelo lugcizelela ukubaluleka kweqhaza labahlukumezekile, imindeni namalunga omphakathi ngokubenza babe yingxenye yo","Uma umuntu enza iphutha, kungaholela ezinkingeni ezinjengokuhlinzekwa kwezinsizakalo zokwelashwa okungakuhle, ukungafune"
530,3409,0.1562,Uma umuntu ethole amaphuzu okungaziphathi kahle iziphathimandla ezikhipha isaziso okukhulunywa ngazo esigabeni 262 umkha,"R. 386 kanye No. R. 387 ka-2006, kuhlanganise nezinye izimemezelo ezingase zikhishwe ngokuhambisana nesigaba 24D seMthet"
4741,7635,0.1562,Ukugxila okuyisipesheli emikhakheni ethinteka kakhulu yinhlese yobandlululo kusizile ukuthuthukisa izimpilo zabantu. Izi,"Alukho uhlelo oluhamba phambili, futhi lokho kuthinta izinqumo zabantu. Ngaphezu kwalokho, ukuhlola okunembile nokunembi"
5313,410,0.1562,"Lokhu kwenza ngcono isidingo sokuthi izindawo ezisemadolobheni zihlinzeke ngosizo kulabo ababethembele kuzona, okuphinde","Ukuhloliwe ngezinto eziluhlaza nezokwakha izindawo eziqinisekisiwe, isikhathi sokuphila asiqhamuki. Ubuchwepheshe bahluk"
1550,421,0.1562,Uyayikhumbula indawo laphi indiza yahlala khona? Abaningi abantu enkabeni yedolobha abangenamakhaya besuswe babekwa eSou,"Ukuhlinzeka ngamanzi ahlanzekile akusikho kuphela ukuxazulula inkinga, kodwa futhi kubalulekile ekwakheni umnotho oqinil"
284,460,0.1562,"Okuqaphelekayo kulezi zimiso wukuthi ziyimikhuba eyenziwa emiphakathini yendabuko ekhuthaza ukuzwana kwemiphakathi, ukup","Ukulima – Umsebenzi Wokwakha Ikusasa Ukulima, umkhakha othokozisayo nonomsebenzi omkhulu, ube yinsika yempilo emhlabeni."
7509,532,0.1562,UMnyango Wezabasebenzi unomthwalo osemahlombe awo wokubhekela amazinga amabili okuqala - izinga lomsebenzi osepulazini k,"Uma ungavikela idatha yakho, ungase ube sengozini yokulahlekelwa yizinsiza ezibalulekile. Ngabe uyazi ukuthi izinhlelo z"
2627,7770,0.1562,"Kuyisizathu esijwayelekile ukuthi, emva kokudondobala komnotho kwasekuhambeni kweminyaka yama-1980 kanye nasekuqaleni kw",Izingxoxo zePhalamende ngesikhathi se-Presidential Question Time Izingxoxo zePhalamende zidlala indima ebalulekile ekubh
5983,3538,0.1562,"Ngokulandela imithetho elawula abasebenzi bakahulumeni , uMqondisi-Jikelele kufanele aqashe isikhulu sezicelo, ukuze sis","c uma ophule umthetho ekhetha ukuvela enkantolo, okungenzeka kuphela uma kucelwa ummeleli, izinhlinzeko zesigaba 22 zizo"
5635,3543,0.1562,Isikhathi sokuvuna siyasondela futhi kusekhona amasimu amaningi agcwele ngokhula. Ukuxoxa kwethu njalo kuyabuyela lokhu:,"Ukuqonda imiphumela yokwenziwayo kuyadingeka, ukuze abaqondisi bepolitiki, osomabhizinisi, nezinye izikhulu bakwazi ukuh"
1554,3755,0.1562,Imininingwane ehluziwe ibe isihlelwa ukuze ikhiphe isethi yemininingwane eliqiniso. Imibiko evela emazweni aphesheya kwe,Amalungelo phezu komhlaba womunye kanye namalungelo abantu awakwazi ukusetshenziswa ngokomthetho noma adluliselwe kumunt
969,7795,0.1562,Wakhalaza kuphela ngodaba lokuthi wayengathokozile ngohlelo lokunikwa kwenye inkampani umsebenzi kanye nokwabelanwa ngen,"Ezokumbiwa Kwezinsiza: Ingxoxo Ngemiphumela Nezindlela Zokuphila Ezokumbiwa kwezinsiza, noma ""resource extraction"" ngesi"
6859,7801,0.1562,Imisebenzi ethulwe lapha ngezansi ngeyokukhombisa kuphela. Uhla oluphelele lwemisebenzi lungatholakala egosini yokuHlang,Ukuzibophezela ekulandeleni imithetho yesikhwama (GEMS member scheme compliance commitment) Ekuqaleni kweminyaka yama-20
1353,326,0.1562,"Uma kukhona ama-coliforms kwimikhiqizo evela ezilwaneni, kuhlale kuchaza ukuthi kukhona amagciwane onakalisayo. Ukukhula","Ukuhlola okuqhubekayo kwezimali nezinsizakalo ezihlinzekwayo kuhlelwa ngokuqinile, kwenza kube nokwenzeka ukugwema izink"
4687,7840,0.1562,"Ngizwa ngigculiseka uma ngidlulisela kwabanye kanti ngiyaneliseka uma kuthathwa, kuguqulwa futhi kusetshenziswe kanye ne",Amahlathi anikela ngamathuba okucwaninga nezifundo ngezinto eziphilayo. Umbuzo 5: Yiziphi izingozi ezibhekene namaahlath
5974,383,0.1562,"UMkhandlu uyokuba nelungelo lokuvala okwesikhashana noma iyiphi irenki esungulwe ngaphansi kwale Mithetho kanti, uma kun",Ukwenza isinqumo mayelana nesicelo sakho. UKomishana weMihla Yezakhamuzi. ukuqoqa izintela; nokulawula ukufika kwezimpah
3373,332,0.1562,Imboni yezikhali ethuthukile eNingizimu Afrika isiyethule ubuchwepheshe besayensi kanye nezinto ezinganikela ekwakhiweni,"Ucwaningo lube negalelo, kubalulekile ukwenza abantu baqonde ukuhlonishwa kwemvelo nokuthatha izinyathelo zokuvikela umf"
1415,4270,0.1562,UHulumeni waKwaZulu-Natali ukholelwa ekutheni isidingo sobukhona bamakhosi kanye nezikhungo ezikhethwe ngokwentando yeni,"Lokhu kuhlobene kakhulu nezinsiza zempilo, eziqinisekisa ukuthi izindlela zokuphila zabantu zihlala zikhanya. Ukuze imis"
5313,3732,0.1562,"Lokhu kwenza ngcono isidingo sokuthi izindawo ezisemadolobheni zihlinzeke ngosizo kulabo ababethembele kuzona, okuphinde","Ukuze kuqinisekiswe ukuthi lezi zindlela ziziphumelelayo, izikhungo zidinga ukuhlela izinhlelo ezikhethekile ezihlinzeka"
6341,6059,0.1562,Isivumelwano ekusulweni kwezikweletu zawo eonke amazwe amazwe athuthuka kancane. Isivumelwano ngezikhathi ngokuchithwa k,"""Amaphothi"" abhekisela kumaphothi ezohwebo akhishwe ngaphansi kweMthetho Wamaphothi Kazwelonke waseNingizimu Afrika. Kuz"
5686,1980,0.1562,"Le Ndlu ehloniphekile izokhumbula ukuthi ngamemezela kusabelozimali sonyaka wezimali owedlule se-Voti lesi- 8, ukuthi is","Lokhu kwavumela izikhungo ukuba zihlaziye izimo eziphuthumayo, ziqonde kahle ukuthi yini engasebenzi kahle, futhi zithut"
2569,2081,0.1562,"ngokuphoqelela nokuqapha ukuphoqelelwa kwamapulani okulingana, izindlela zokuziphatha namasu okulungisa ezithuthukiswe y",Ngiyajabula kakhulu ukwethula isu lokusebenza leMithetho Yezilimi Kazwelonke eyethulwe nguNgqongqoshe. IMithetho Yezilim
7078,2125,0.1562,izinguquko ezisemthethweni ezingaphazamisa i-EPMDS zaziswa ngendlela okuyiyo. uphiko kanye nezisebenzi zinikezelwa ukwes,"Isingeniso Ukulimala kwezemidlalo kuyinto evame ukwenzeka ezindaweni zokudlala, ngakho kubalulekile ukuthi siqonde izind"
2566,2081,0.1562,"Umdlavuza wamasende uyelapheka, ikakhulukazi uma utholakala futhi welashwe ngokushesha. Ukwakha izisebenzi, kuhlanganisa",Ngiyajabula kakhulu ukwethula isu lokusebenza leMithetho Yezilimi Kazwelonke eyethulwe nguNgqongqoshe. IMithetho Yezilim
5523,3919,0.1562,"Ukubona lnqubekela phambili eseyenzekile kusu kela kuqala um-buso wentando yeningi, mayelana noguquko kuzinhlelo zobulun","Ngokwamukela le migomo, amalungu akwazi ukufinyelela ezinsizakalweni ezahlukahlukene, ezifana nezokwelapha, izinsizakalo"
1951,4077,0.1562,"Uma isikhathi esingama hora ngama -48 esikhonjwe kwisigatshana- 1 siphela ngo Mgqibelo, ISonto noma iholide lomphakathi,","Ukuze kufezwe le njongo, le mithetho isungula uhlaka oluhlosiwe lokuthuthukisa izinhlelo zokuphepha zemikhumbi nezinye i"
5783,71,0.1562,Ithuluzi lokuhlola ukwenziwa komsebenzi kwezisebenzi ezingesiwo amalungu e-SMS (amazinga eholo asuka kwelo-1 kuya kwele-,"D.1 Lapho kungase kube nokungqubuzana kwesithakazelo uma kwenziwa noma iyiphi inqumo mayelana nokuqashwa, umphakathi omk"
2354,8153,0.1562,"Ukukhululwa ekulandeleni umthetho kusho ukukhululwa kuzimiselo ezithize zoMthetho, imithethozimiso, izaziso noma imiyalo","Imfuno ethathwe ngokomthetho yenziwa ngumuntu ofungayo ethi lezi zisho ezilandelayo: ""Ngifunga ukuthi okuqukethwe kule a"
7924,33,0.1562,Kumele siwushitshe lo mqondo wokuthi kuyazitamuzelwa kwahulumeni uma sifuna kuhlomule bonke abantu. Izinsuku zokunika iz,"Izinkondlo: Umcimbi Wokubhalwa Kwezinkanyezi Ngaphansi kwezinkanyezi ezikhanyayo, umcimbi wokubhalwa kwezinkondlo uhlelw"
3521,171,0.1484,"Baningi abagulayo, abanye babo bazobulawa yizifo ezingavimbelekayo. Lapho imilomo yamaphayiphi ivimbekile, amaphayiphi e",Ukusetshenziswa kwe-AI emsebenzini: Ukuhlaziywa Kwezinguquko Nokuqonda Amazwi Okuzayo Emhlabeni ogcwele izinguquko eziba
5543,7915,0.1484,Lolu hlelo luqhutshwa ngokuqashwa kwamavolontiya. Asebenza emiphakathini eyahlukene ukwenza ucwaningo bese ebhala phansi,"Izikhombisi ze-IDP, ezakhelwe ithimba elihlukile le-DPLG ngoxhaso lwe-GTZ, ziphakamisa inqubo ehlelekile yokuhlela nokup"
2336,4053,0.1484,"Lezi zinhlaka zakhiwa emazingeni kazwelonke, ezifundazwe ezifundeni kumbe omasipala. Esikhathini esiningi ke ngokoMtheth","Inqubo yokuhlola yonyaka evamile ibizwa ngokuthi isiphakamiso noma ukuhlola ukusebenza, kuyilapho eyingxenye engafanele "
2170,7884,0.1484,Ngokwejwayelekile izitshalo azimili kahle. Lokhu kuyinto edingekayo phakathi kwama-amino esidi namaphrothiyini. Ngoba ku,Ulwandle luthatha izigaba ezintathu ezibalulekile zabathwebuli bezinhlanzi noma ukudoba: abathwebuli bezinhlanzi abaphil
1120,990,0.1484,Ungqongoshe usebenzise isigaba 24 ukuthi akhulule amalunga emiphakathi eseduze namahlathi kahulumeni ukuba kungadingeki ,"Lokhu kudala umuzwa wokuthi abantu baphikisana nezinqubomgomo zohulumeni, okungaholela ekutheni kube nezinkinga ezinkulu"
1830,4939,0.1484,"Uhlaka Lweziqu Lukazwelonke (i-NQF) lwamukela isimiso sempilo ende yokufunda, bese lukhumbula futhi nokuthi loku akwenze",Ukuqeqeshwa okuvamile nokuhlinzweni kwezinsiza zidinga ukufakwa ezinhlelweni zansuku zonke. Umbuzo 8: Kungani kunzima uk
3398,4940,0.1484,Izitshudeni ezifuna ukufaka izicelo zalo mfundaze kumele kube yilezi ezikwazile ukufeza imigomo ebekwe ngumNyango. Izits,Ukuqoqwa Kwemininingwane: Sasebenzisa izinhlelo zokusebenza ezithuthukisiwe ukuze siqoqe idatha ngalesi sikhathi sokuphe
5362,4945,0.1484,Wonke amafa ashiywe ngabantu ngaphandle kokubhala izifiso zabo ayosingathwa ngokulandisa koMthetho weziNdlalifa ezingaqo,"Ngamanye amazwi, abantu abajeziswe esikhathini esedlule ngaphambi kokuphathwa komthetho omusha akufanele balindele ukuth"
134,4863,0.1484,ISikhwama Sokuthuthukisa sigxile ekubhekeleleni ikakhulu imakethe ye- SME futhi sihlelwa ngendlela yokuthi zonke izinhla,Kumele baphakamise abalimi abasafufusa abazophumelela. Kuvame ukuba nabantu abathembela kuphela enhlanhleni kodwa bengen
5100,7078,0.1484,Izinkulumo zikangqongqoshe zingabonakala lapha noma kuwebhusayithi ye-South African Government Information. Ngenxa yezig,"Nokho, umbiko owandulele umehluko phakathi kwemiphakathi. Lokhu kungaholela ekwandeni kokuxabana phakathi kwemiphakathi "
1021,7086,0.1484,iv. Ukwehlukana kwabantu: Indlela okuhlelwe ngayo isakhiwo seqhaza lomphakathi kumele sihlinzekele ukwehlukana okukhona ,"Lokhu kuhlinzeka ngendawo yokubambisana, lapho abantu benza imisebenzi ehlose ukuthuthukisa impilo yabo, futhi bakha ubu"
4835,4958,0.1484,"Ngivumele, Mama Somlomo nawe Sihlalo, ukuthi ngigqugquzele bonke abantu baseNingizimu Afrika abanelungelo lokuvota ukuth","Isimo Somnotho WaseNingizimu Afrika: Ingxoxo Ngobuchwepheshe Isingeniso Sanibonani, nonke abathandi bezindaba. Namuhla s"
2564,4916,0.1484,Khuluma nomhlengikazi wasemtholampilo ukuze akusize ngesisindo esifanele somzimba wakho. Uma umuntu edla ukudla okuningi,Amabhizinisi Amancane: Indaba Yempumelelo Kwakukhona idolobha elincane elalibizwa ngokuthi uMzimkhulu. Leli dolobha lali
212,956,0.1484,I-Peacebuilding Commission izosetshenziswa kodwa izodlala indima ebalulekile esikhathini sezinguquko kusukela esikhathin,"Ukusebenza Kwezikhungo Njengama-ATM Ngiyabingelela! Ngabe uzitholele ukuthi izikhungo zethu zisebenza kanjena, njengezik"
741,3145,0.1484,Yenza uhlu lwezinhlangano zomphakathi - laba ngabantu ngabathintekayo ababalulekile ekomitini lewadi. 'Abathintekayo' ku,"Le ndlela isebenzisa izindlela nezinto ezikhuthaza ukubambisana phakathi kwabesilisa, abesifazane, nezingane. Ukwandisa "
3395,948,0.1484,b iLungu elifanele loMkhandlu oMkhulu ngemuva kokubonisana nelingu lesigungu esikhulu esiphethe izindaba zika hulumani b,"Ngakho-ke, kubalulekile ukuba nezinhlaka ezilungile ukuze zikwazi ukusiza abantu ngesikhathi esiphuthumayo. Izinhlelo Zo"
6142,950,0.1484,Kanjalo nokungabaza ngesimo sezepolitiki nakho kungadala imibuzo eminingi engaphezu kwezimpendulo ezikhona njengamanje. ,"iPitoli: Isixazululo Sokwakha Ikusasa Elingcono I-Pitoli, inhlokodolobha yeNingizimu Afrika, iyindawo enothile ngamasiko"
1951,931,0.1484,"Uma isikhathi esingama hora ngama -48 esikhonjwe kwisigatshana- 1 siphela ngo Mgqibelo, ISonto noma iholide lomphakathi,","Ngaphezu kwalokho, izinsolo zenkohlakalo zenza kube nzima ukufaka izinhlelo zokuthuthukisa umphakathi. Uma abantu benoku"
83,3143,0.1484,"Funda ngamaphutha akho esikhathi esedlule uphumelele kulokhu. Nquma usuku ozoyeka ngalo ukubhema. (Musa UKUZAMA ukuyeka,","Kusho ukuthi, ukuthola imfundo oyithola emkhakheni wakwaHulumeni kudala izinga eliphezulu lokuwina izifundo ezinzima, ez"
7978,7814,0.1484,"Nomake ukutshalwa kwezimali kubalulekile, ukubuyela endaweni kwezomnotho kuncike kakhulu ekuzinzeni kwezwe ngakwezombusa",Umbiko: Izinselelo zokuxhasa imisakazo yomphakathi Umphakathi unendima ebalulekile ekuthuthukiseni imisakazo yomphakathi
6511,7832,0.1484,Isigceme sobugebengu sihlanganisa nendawo esemaphethelweni naleyonkundla kanti singenabela endaweni ebanzi. Kulendawo en,"Lezi zikhalazo noma izicelo zicutshungulwa njengezizimele. Uma kwenzeka insongo engase ibe khona, umhloli angavimbela is"
1347,7847,0.1484,b Ukukhathazeka kungatholwa yibo bobabili umama kanye nengane njengomphumela wesikhathi esithathwa ekunceliseni lapho in,"Abantu abangenayo imithi abayidingayo bahlala besaba ukuvela kwezifo, okwandisa umphumela wokugula. Lokhu kuholela ekwan"
1370,1907,0.1484,"Ukudalulwa kwanoma yiziphi izibizo, okunanyathiselwe, njll. ngezinye izikhungo zezezimali. Isidingo sokuhlinzeka ngepula",Izokuvakasha zihluke futhi zisebenza ngendlela ehlukile kunezinye izimboni kulokhu. Sifake imibuzo ejabulisayo eMkhakhen
3849,1926,0.1484,"Iqhinga eliphumelelayo lidinga izindlela ezintsha zokusebenza nokunaka kakhulu amacala womabili, isibalo sabantu abafuny",Abantu abaphumelelayo ngezinye izikhathi bayazi ukuthi kufanele bathule futhi bagcine ukuzola kwabo. Ukuphikisana nezith
1594,5709,0.1484,"Ukuze kulungiswe lokhu, amazwe kufanele ahlanganise ezolimo, ezempilo, ezemfundo ze-NEPAD kanye namakhono entuthuko, ama","Ngokuhamba kwesikhathi, izinqubo zokwazisa ngesibhedlela zamahora angama-48 zikhombisa ukuthi ziwusizo kakhulu empilweni"
4807,2281,0.1484,Siye saqala izikole zokugxilisa ingqondo ngenxa yalokhu kwanda nezinto ezintsha ezilethwa yintuthuko. Igwema ukugxila ek,"Lokhu kuveza ukuthi, uma abahlengikazi behlupheka, imiphumela ibalulekile kubaguli, okwenza ukuthi inkinga ikhokhelwe ng"
7089,6179,0.1484,Isigaba sokuphathwa kokufakelela sibhekene nokusungula iminikelo yokwahlukaniseka kwamabhrendi kanye nokuthengisa imikhi,I-SARS iqukethe inani elikhulu lolwazi eliqoqa ngesikhathi ikwenza imisebenzi yayo yansuku zonke yokuhlanganisa imali ye
4280,5759,0.1484,Isiqundu 195 (a) soMthetho siSekelo sidinga ukuba kukhushulwe futhi kugcinwe izinga eliphakeme lokuziphatha ngokulungile,3 ka-2000) ibhekisela ezinqubweni ezimbili ezishintshashintshayo lapho umphathi wehhovisi kufanele akhiphe isinqumo esin
3371,5766,0.1484,Faka izipuni ezincane ezingu-8 zikashukela nengxenye yesipuni esincane elingene kasawoti. Yihabule kaningi ngangokunokwe,Uhambo Nokuzijabulisa: Ukuhamba Ngemizwa Nezikhathi Ezinhle Uhambo lokuzijabulisa lusebenza njengomkhumbi obalulekile op
82,6089,0.1484,"Lokhu akufanelanga nje kuphela, kodwa kungamandla okwenza uma sifuna ukufinyelela izidingo ezifanele ezidingwa izakhamuz",Amalungu omphakathi anelungelo lokuhlanganyela emihlanganweni yeKomidi futhi abambe iqhaza ezinkulumweni zomphakathi nge
7862,6054,0.1484,"Isisebenzi akufanelanga, ngaphambi kokuthola imvume ebhaliwe kumphathi omkhulu sithole noma samukele izipho zangasese, o","Ngesikhathi sokwenziwa komsebenzi, abasebenzi kufanele bathole umlayezo kubaphathi ukuze bafunde; lokhu kusiza ekunikeze"
6480,5736,0.1484,Inkampani yaphesheya ngeke yakwazi ukwenza isicelo sokubhalisa eNingizimu Afrila. Zinkampani ezibhalise lapha ezweni kup,Ungacela ukubona imibuzo ngaphambi kokuthi unqume ukuthi uzobamba iqhaza kulolu cwaningo noma cha. Ulwazi oluhlinzekayo 
4247,4849,0.1484,Manjeke usethi kwamkhanyela bha ngesikhathi esesibhedlela. Ukuqhakambisa izindaba zabadlule odlameni oluhambisana nobuli,Ngiyajabula ukukwethulela umphakathi waseNingizimu Afrika umthetho ophakanyisiwe wezokudlala nezokuzijabulisa. Lo mtheth
8181,940,0.1484,"Uma kungukuthi ngenxa yokwakhiwa, ukunakekela noma ukuchezula umgwaqo wesifundazwe noma ulayini wajantshi, u-MEC ubona k",Kumele bathumele ikhophi yesinqumo senkantolo kubo bonke ababambiqhaza nodaba; futhi bazise/benze bonke ababambiqhaza no
2473,3027,0.1484,"Inselelo yesibili ngukwakha amakhono ezikhungo zaseAfrika - Ohulumeni bakaZwelonke, ama-RECs kanye ne-AU. Ngale kokuba k",Isicabha siqala ukukhula ngokushesha. Izicabha ezine-silk ziqala ukuvela ngokushesha ezikhala eziyi-6 kuya kweziyi-8 phe
7618,3011,0.1484,Loku kuthelela ngamandla uhulumeni ukuthi ahlole izindleko kanyen nezinzuzo zemisebenzi yakhe kanye nokuchazela umphakat,"Lokhu kudinga ubuchwepheshe obuphambili, futhi kubalulekile ukuthi abenzi bama-robot baqonde kahle izimiso zokuqhuba imi"
3331,5020,0.1484,Isekela Lomphathihhovisi Lolwazi kumele lazise umfaki sicelo (ngaphandle kozicelela ngokwakhe) ngezidingongqangi zokukho,Izinyathelo Zokubeletha Ezibhedlela: Imibuzo Nezimpendulo Umbuzo 1: Yini okumele ngiyilindele uma ngifika esibhedlela uk
413,5009,0.1484,"Ukuze kuthuthukiswe umsebenzi owenzelwa ababuthakathaka njengabantu abadala, abesifazane, nentsha, sizobuyekeza amakomid","Ezinye izindlela ezithathwe yiBhodi zifaka ukuqeqesha ababhali bethelevishini, umsakazo, kanye nevidiyo kulezi zilimi, k"
6389,4729,0.1484,Thina njengabasebenzi boMnyango Wezobuciko kanye Namasiko Kazwelonke sinikezwe imithombo yombuso ehlukahlukene ebekwe ng,"Inhlangano yethu ifuna ukuthi ulandele indlela efanele yokuziphatha endaweni yokusebenza! Ngokwenqaba ukukopela, ukweba,"
2633,6236,0.1484,Kwathi ezinsukwini ezintathu kwase kukhishwe izwi neziyalo zokuthi yini ekufanele yenziwe ngalelo langa. NgoLwesithathu ,"Ulimi lwabantu ngandlela-thile ""luyisikhumba sesibili,"" lumele okuthile okungokwemvelo kwabantu, ngalo sikhombisa ithemb"
6259,6246,0.1484,Lezi zilwane zivalele endaweni eseduze nendlu ukuze izihambi ezingaziwa zingasondeli kalula kuzona. Abantu abangaziwa en,"IKomidi elidumile leziqinisekiso neZokubuyisela, elagxila kakhulu ezinhlekelweni ezenziwa kubantu baseNingizimu Afrika, "
6259,6360,0.1484,Lezi zilwane zivalele endaweni eseduze nendlu ukuze izihambi ezingaziwa zingasondeli kalula kuzona. Abantu abangaziwa en,"Isu leRestorative Justice alikabi lisha lapha eNingizimu Afrika, futhi kukhona izimo lapho lezi zimiso seziye zafakwa ng"
3197,1859,0.1484,Inhloso wukusiza ababambe iqhaza ekusebenziseni kangcono ukuhlela intuthuko edidiyele njengesikhali esinomthelela omkhul,"Lokhu kuhlanganisa ukuhlukunyezwa, ukuxhashazwa, nokuthola ulwazi olungekho emthethweni. Ngenxa yokuthi abantu bavame uk"
2764,1872,0.1484,Uhlu lonke lolwazi kumele lwenganyelwe ngokubhekwa kwesu eliqondile ngokuphathelene nokuthuthukiswa Kwesayensi Yezindaba,"Ukuhlola izikhungo, ama-ambulensi, nezisebenzi kuyasiza ukuze kuqedwe amabala nemiphumela engalindelekile. Ukwenza izivi"
1255,1873,0.1484,c ukukhuthaza ukuthuthuka ngendlela eyiyo kwamabhizimisi okusansimbi eyigugu eRiphabhulikhi; kanye d ukunquba izinhloso ,"c uma lowo ophule umthetho ekhetha ukuvela enkantolo, okungaba kuphela uma kuceliwe kummeleli, imithetho yesigaba 22 izo"
418,1784,0.1484,"Imibuzo nezimpendulo sebenzisa ithransipharensi: Umsebenzi 5.5. Lingasesha iphoyisa ngaphandle kwewaranti, uma kunjalo, ",Isivumelwano kumele siqinisekise ukuhlela kwabasebenzi abakule khabhinethi ephethe ukuhlinzeka ngamanzi abahilelekile ek
6389,2346,0.1484,Thina njengabasebenzi boMnyango Wezobuciko kanye Namasiko Kazwelonke sinikezwe imithombo yombuso ehlukahlukene ebekwe ng,"Ukuze sithole umphumela omuhle, kubalulekile ukuthi sihlole izindlela zokubhekana nemililo, njengokwakha izinhlelo zokut"
8031,2346,0.1484,"a ngokuthanda kwayo noma ngemuva kokuthola isikhalo, iphenye noma yikuphi ukungaziphathi kahle noma ukwephula umthetho o","Ukuze sithole umphumela omuhle, kubalulekile ukuthi sihlole izindlela zokubhekana nemililo, njengokwakha izinhlelo zokut"
3564,2319,0.1484,"Isibonelo, kuzongena imininingo emisha ezothatha indawo yezingqalasizinda ezikhona njengamanje njengoba iphrojekthi iqhu",Ngihlose ukufaka malini umanyolo futhi kwaba yini umphumela? Yiziphi izinyathelo engizithathayo ukuphatha izilokazane ne
5767,1808,0.1484,"Senze konke okusemandleni eminyakeni eyi-15 eyedlule ukulwa nalesi siqalekiso ngamaholo omphakathi. Okokuqala, indlala y","Ukukholelwa kwabanye kwezinkolo nemiphakathi, u-Tutu ukhonjiswa ukubambisana kuyo yonke imigqa noguquko oluhlukahlukene."
66,6276,0.1484,"Ingoma yesizwe yaseRiphabhuliki iyonqunywa nguMongameli ngokuthi enze isimemezelo. Ifulegi lesizwe linombala omnyama, os","Ukuze izivumelwano zokufinyelela zisebenze kahle, kubalulekile ukuba nezindlela ezicacile zokuphatha, ezihlanganisa izin"
3526,3735,0.1484,Lokhu sizokwenza ngaphakathi emNyangweni nasemiphakathini. Uhlelo lwethu lokunakekela abasebenzi kanye nalolo olukhuthaz,"Amaqembu Ezepolitiki: Iqhaza Labo Emphakathini Wethu Amaqembu ezepolitiki ayingxenye ebalulekile yomphakathi wethu, futh"
2315,3683,0.1484,"Ngaphezu kokunquma ukusetshenziswa kolimi kanye nokufunwa yimiphakathi yabo, ohulumeni basemakhaya kumele ngokuxhumana o",Inhloso yale ncwadi ukusiza othisha nabafundi bezigaba zika-10 kuya ku-12 enqubweni yokufunda nokufundisa ngokuqamba oku
441,308,0.1484,I-Boiler-turbine sets noma injini emile enobhoyilane ophelisayo. Ukhomishana angafaka isikhalo esakhiweni esilawulayo. I,"Amalungelo Abasebenzi Amalungelo abasebenzi ayingxenye ebalulekile yomphakathi, okukhuluma ngalezo ziqinisekiso ezivumel"
5422,326,0.1484,"Esikhathini eside esizayo, lokhu kusebenzisana kufanele kukhuthaze izindlela nezindawo zokuhlangana nokwakha umbimbi olu","Ukuhlola okuqhubekayo kwezimali nezinsizakalo ezihlinzekwayo kuhlelwa ngokuqinile, kwenza kube nokwenzeka ukugwema izink"
160,3655,0.1484,"Ngokuqaphela ukubaluleka kwentandoyeningi kanye nokuthatha izintambo ngoxolo, u-Erwin uthe eNingizimu Afrika. Umphumela ","Lokhu kungahlanganisa ukuxhaswa okuvela kuhulumeni, abaninimasheya, kanye nezinkampani ezizimele. Ukutshala imali ezinsi"
145,7542,0.1484,Kodwa nokujabulela ukuzivocavoca nakho kubalulekile ngokufanayo. Ziningi izinto ozithokozelayo eziyingxenye yokunyakazis,2.3 Izinkinga Zobuchwepheshe Ubuchwepheshe busebenza njengesikhumbuzo esibalulekile ekwakheni imisakazo yokuphila. Nokho
4741,779,0.1484,Ukugxila okuyisipesheli emikhakheni ethinteka kakhulu yinhlese yobandlululo kusizile ukuthuthukisa izimpilo zabantu. Izi,"I-ward yesiguli, ikakhulukazi izinsizakalo zokukhululeka zenhliziyo, zidinga ukuthi kube khona uxolo nothando phakathi k"
2529,4765,0.1484,Lokhu kuyingxenye yomphumela wezinhlelo zamabomu ezenziwe uhulumeni ukwandisa ingqalasizinda yomphakathi. Kungumphumela ,"Isiphakamiso sokwandiswa kwe-Gautrain: Ingxoxo noMnu. Thabo Mthembu, Umphakathi Wokuthuthuka Umphakathi: Sawubona, Mnu. "
3023,4716,0.1484,"Erna Mostert, angathanda ukusiza ngazo zonke izidingo zazo zonke izikhulu zeminyango kanye nothisha. Nokombiko wamaphoyi",Umnyango Wezokulungiswa Uthumele umthetho ozovumela umphakathi nabanye ababambiqhaza njengomnyango wezobulungiswa kanye 
2303,4716,0.1484,Uhlelo lokufunda kanye nelokunikezela ngokudla ezinganeni ezifunda ezinkulisa lizingenisa ekuhambeleni indlu yamagugu ng,Umnyango Wezokulungiswa Uthumele umthetho ozovumela umphakathi nabanye ababambiqhaza njengomnyango wezobulungiswa kanye 
2784,4702,0.1484,Kusetshenziswa izimbobo ezingafanelekile (khumbula ukusebenzisa umlomo wembobo ofana nekhoni lapho ufafaza phezu kwezits,"Ukwamukela Umehluko Ubudlelwano buphinde buhlangane nezimo ezahlukene. Abantu bahluka ngezindlela eziningi, okuhlanganis"
711,7533,0.1484,Uma izinto zingeke zidayiswe ngokwesigatshana (3) iSikhulu Esigunyaziwe okuyisona esengamele indawo yokugcina impahla si,"Uma kungekho mholi noma nganoma yisiphi isizathu bengakwazi ukwenza imisebenzi yabo njengomholi, umphakathi ophakathi, n"
441,5261,0.1484,I-Boiler-turbine sets noma injini emile enobhoyilane ophelisayo. Ukhomishana angafaka isikhalo esakhiweni esilawulayo. I,"Imiphumela yesinqumo sikaPistorius ibonakala ngokuhlanganiswa kwemicabango emisha ezimweni zomthetho, njengoba izinkanto"
6494,7380,0.1484,Okuyikhona okuyingqikithi yomkhakha wesifundo senhlaliswano yabantu amakhono awulwazi lomlando walabo bantu kanye nesimo,"Lokhu akugcini nje ngokwenza ukufunda kube mnandi, kodwa futhi kukhuthaza abafundi ukuba babe neqhaza elikhulu emfundwen"
936,6984,0.1484,"Ababili kubasolwa abathathu abaqola umnikazi wesitolo bemkhombe ngombese eMogwase, baboshiwe. Siyaqhubeka nokuhlala sima",Isivumelwano Sokusebenza sakhulunywa neziMali Zokuphepha (i-SAPS ne-SANDF) kanye nezinsizakalo zabo zomthetho. Izichibiy
2220,7064,0.1484,Ukuphathwa kwalezi zigcawu ezintsha kuyodluliselwa kwiNhlangano Yamacebo Amasha Obuchwepheshe lapho seyibunjiwe. I-ICT i,"iBolt: Ukuguqula Indlela Esihamba Ngayo Emhlabeni wanamuhla, ubuchwepheshe buye buguqula izindlela eziningi zokuphila kw"
2196,2831,0.1484,"Impendulo ilula, ivela emphakathini lowo othola lezozinsiza. Kodwa-ke akwanele ukutshela abantu ukuthi kumele bakhokhe, ",Bakhokhelwa ngokusebenzisa okuningi ekupheleni kwenyanga ngayinye. Abasebenzisi begesi abangenayo amandla agridi bangahl
4835,2759,0.1484,"Ngivumele, Mama Somlomo nawe Sihlalo, ukuthi ngigqugquzele bonke abantu baseNingizimu Afrika abanelungelo lokuvota ukuth","Izinhlelo ezisizayo kumele ziqhubeke, futhi ukubamba iqhaza okuhle kuzobonisa ukuthi sibhakabhakela phambili. Umphakathi"
4467,2734,0.1484,Ukunwebeka kwamandla okulalela amacala emibango nawegazi kumele kuhlale njalo kuhambelana nezidingo ezibekwe wuMthethosi,"Asinazo izinhlelo ezibekwe ze-SAMSA zokubandakanya umphakathi ukuze umphakathi uthinteke lapho izinqubomgomo zisungulwa,"
3593,5330,0.1484,Umhlangano wemukela njengerekhodi eliyiqiniso lalokhu okwakubhungwe ngakho. Azibanga biko izindaba ezivuka emaminithini.,Kuyinkinga engaziwa. U-Commissioner wamaphoyisa e-Ekombe ubonga amalungu ngomsebenzi wabo onzima wokubuyisela izikhali e
8151,1295,0.1484,"Ukuqopha ulwazimagama olusha kusichazimagama sakhe azakhele sona. Ukuphimisa amagama, nokwazi ukuthi igama ligcizelelwa ",Ezokwakhiwa Kwezindlu: Ukuhlaziywa Kwezinselelo Nezindlela Zokuthuthukisa Ezokwakhiwa kwezindlu zibalulekile ekuthuthuki
31,6788,0.1484,"f akhokhe imali ebekiwe ku Mbuso; futhi g ngokuhambelana nesigaba 20, akhokhe inkokhelo yo Mbuso ngokwanoma yimaphi amam",- Lungisa izinhlelo ngendlela efanele ukuze uqinisekise ukusebenza okuthuthukayo. Izinselelo Ezibhekelele 6.1 Isimo Sezu
3336,6930,0.1484,"Ukulalela okusebenzayo ngumsebenzi onzima futhi omunye umuntu uyakwazi loku. Uma ulalela ngokusebenzayo, wenza ubufakazi","Lokhu kungenza uzizwe ungcono, futhi ungathola izixazululo ezithile ezinkingeni zakho. Ngaphezu kwalokho, intsha kufanel"
6142,1325,0.1484,Kanjalo nokungabaza ngesimo sezepolitiki nakho kungadala imibuzo eminingi engaphezu kwezimpendulo ezikhona njengamanje. ,"Lokhu kuqinisekisa ukuthi izigameko eziphuthumayo ziphathwa kahle, futhi abantu bathola usizo oludingekayo. Ukubambisana"
6690,6856,0.1484,17. (1) IBhodi kumeele lihlangane okunenani kathathu ngonyaka ngezikhathi ezithile nasezindaweni ezithile ezinganqunywa ,Owayeduze kithi wahlukana abantu babeziqoqela ezigabeni ezimbili - umugqa wabantu abakhipha imali kanye nalabo abahlawul
711,6863,0.1484,Uma izinto zingeke zidayiswe ngokwesigatshana (3) iSikhulu Esigunyaziwe okuyisona esengamele indawo yokugcina impahla si,"I-National Ports Authority kufanele yenze konke okudingekayo ukuze iphathwe kahle nangokuphumelelayo, ihlele futhi ilawu"
711,3380,0.1484,Uma izinto zingeke zidayiswe ngokwesigatshana (3) iSikhulu Esigunyaziwe okuyisona esengamele indawo yokugcina impahla si,"Umgomo wokulawula ungase ucele olunye ulwazi kumuntu osebenzisa amanzi ngenhloso yokuzijabulisa, njengendaba yomgomo 2 f"
76,6902,0.1484,"Leli cebo ligxile ekwehliseni isibalo sesikweletu kusabelo mali, ukwakha kabusha umkhakha womphakathi kanye nokusimamisa","Izindawo eziningi zidinga izindlu eziphumelelayo, kodwa akufanele sizame ukuhlinzeka izixazululo ezisheshayo ngaphandle "
6210,6906,0.1484,"Ukukhetha izihloko eziphathelene nezimpilo zabafundi, ziphinde futhi zibafundise nokunye abangakwazi, Isib. Ukukhetha iz",Ukusebenza kwezinkundla zokuphepha komphakathi 1. Isingeniso Ukusebenza kwezinkundla zokuphepha komphakathi kubalulekile
5250,1208,0.1484,Abenzi bezicelo abangasebenzi nalabo okungekho holo abalithola njalo bangase bacatshangelwe. Kuzocatshangelwa kuqala abe,"Abantu kufanele bazi izingozi ezihambisana nezikhukhula, bazi ukuthi bangaziphatha kanjani ezimeni ezinjalo. Ukuze sikhu"
2566,1163,0.1484,"Umdlavuza wamasende uyelapheka, ikakhulukazi uma utholakala futhi welashwe ngokushesha. Ukwakha izisebenzi, kuhlanganisa","Uma ukhululiwe ejele futhi unecala elihlobene nezepolitiki elenzeka ngaphambi kosuku lwe-16 kuJuni 1999, noma uma usuphe"
7725,6817,0.1484,"Inyama ebomvu yangaphakathi kufanele igezwe ngamanzi ahlanzekile agelezayo, ziphanyekwe emahukeni noma zibekwe ezitsheni",Usizo ekunyakazeni kwemikhumbi lubhekisela kunoma iyiphi indlela esetshenziselwa ukulawula noma ukuhlela ukuhamba kwemik
7891,3297,0.1484,Ukushisa kuphumuza isende okwenza kube lula ukubona noma yikuphi okungahambi kahle. Miningi imihlangano yomhlaba edinga ,"Kubalwa ukuthi phakathi kuka-68% no-80% babasebenzi bemigodi basebenza ezingeni lokuzwa elingu-85 dB noma ngaphezulu, ok"
7536,7681,0.1484,Amaconsi emvula awela phezu kwezinhlanga namakhasi alahlekelwa amandla awo ukudala ingozi emhlabathini ngoba nawo amacon,Le mhlahlandlela ubhalwe ukuze ubhekane nezempilo nokuphepha kwabasebenzi eNingizimu Afrika. Inhloso yalo ukuhlinzeka ng
7438,523,0.1484,"Uhlelo lokuhlola intuthuko lokuhlola ukuthi ingane yakho ikhula ngendlela efanele ngokuphathelene nokuhamba, ukukhuluma,",Umgwaqo wezokulungisa ulethe umthetho ozovumela umphakathi nezinye izithakazelo ezifana noMnyango wezobuJustice kanye ne
863,437,0.1484,"Mayelana nesayensi nobuchwepheshe, la mazwe amathathu anezivumelwano zesayensi eziyisithupha ezisebenzayo eziyi-biotechn","Wayengaboni kahle, kodwa wayezwa umoya ungena ezindlebeni zakhe. Ngemuva kwezinyanga ezimbalwa, umhlaba waqala ukuguquka"
1517,4389,0.1484,Umehluleli Langa uphinde abhekele umthetho wesiko lesintu obuka umlando womuntu wesilisa okuyinto esivame ukusetshenzisw,I-Bhili ihlose ukusungula uhlaka lokuphumeza imithetho nemigomo ezohambelana nomkhakha wezempilo kulo lonke elaseNingizi
1370,5676,0.1484,"Ukudalulwa kwanoma yiziphi izibizo, okunanyathiselwe, njll. ngezinye izikhungo zezezimali. Isidingo sokuhlinzeka ngepula",I-MIG iyindlela yokudlulisela izinsiza ezintsha ezihloselwe ukuhlinzeka ukudluliswa kwezimali kumamunicipality ngendlela
6389,5657,0.1484,Thina njengabasebenzi boMnyango Wezobuciko kanye Namasiko Kazwelonke sinikezwe imithombo yombuso ehlukahlukene ebekwe ng,"Ukuhlolwa Nokunakekelwa Ngemva kokubhaliswa, isiguli sithola ukuhlolwa. Lokhu kuhilela izinyathelo ezithile zokuhlola im"
6994,414,0.1484,"c uma umephuli mthetho ekhetha ukuvela enkantolo, nokuyinto engenzeka kuphela ngokweseleluleko salowo omumele, kuyoseben","Izinqubomgomo zokulawula zingase zicela olunye ulwazi kumuntu osebenzisa amanzi ngezinjongo zokuzijabulisa, njengokuthi "
4449,4304,0.1484,"Lapho sifuna ukuphatha izifo ngokwanele, kufanele sizame ukususa eyodwa into yetrayengele lezifo. Lokhu kungenzeka kuphe","Njengokwakha izicwangciso, ngaphakathi kokuhlanganiswa kwalezo zicwangciso, ummeli kufanele azibophezele ekwenzeni imise"
767,6422,0.1484,"Nokho wazitshela ukuthi cishe kabezwanga ngenxa yomsakazo naye awufice uklabalasa. ""Indaba yenu,"" wanikina ikhanda uPame","Imiyalelo ye-Debit Order kanye nemininingwane yasebhange ye-GEMS Ngokuhamba kwesikhathi, izinkampani zempilo ziye zathut"
1642,2255,0.1484,Ekufezeni isibophezelo seBhodi nenjongo yeSkimu yokuhlinzeka bonke abasebenzi bemisebenzi kahulumeni ngamathuba alingana,Uhlelo oluhlanganisa i-NHISSA luzokwakhiwa futhi luzoba uhlelo olujwayelekile oluhlanganisa izingxenye ezahlukene. Kuyaj
4630,2273,0.1484,Uma ohlalayo noma umnikazi enqaba ukuthatha izinyathelo ezibalulwe esazisweni ngaphansi kwale mithetho kamasipala noma e,"Ngakho-ke, ingxenye 6 iyashintshwa ukuze isetshenziswe inqubo yokwazisa nokuphendula ukuze i-MEC yenze isinqumo, futhi i"
2784,2236,0.1484,Kusetshenziswa izimbobo ezingafanelekile (khumbula ukusebenzisa umlomo wembobo ofana nekhoni lapho ufafaza phezu kwezits,"Yini amalungelo ezemvelo? Ngonyaka ka-1994, umthethosisekelo omusha wasungula ilungelo lokuphila endaweni enempilo njeng"
8178,2246,0.1484,kuqinisekiswe ukuthi zonke izakhamuzi ziyazi ngelungelo lazo elishicilelwe kumthethosisekelo mayelana nolimi; nokuthi ku,Ukuhweba phakathi kwezizwe ezahlukene kwadinga ukuthi abantu bakwazi ukuqonda izilimi ezahlukene. Lokhu kwaholela ekuthe
5745,3477,0.1484,"Kudingeka futhi ukuzilungisela ukuze kube khona intilansipoti, imishini, izimali zokuqala ukutshala endaweni efanelekile","Imisebenzi enama-lambs angu-100 iqediwe. Lungisa indlu 3 (susa ukhuluma okudala). Imisebenzi evamile yansuku zonke, izin"
2566,3437,0.1484,"Umdlavuza wamasende uyelapheka, ikakhulukazi uma utholakala futhi welashwe ngokushesha. Ukwakha izisebenzi, kuhlanganisa",Ngiyajabula kakhulu ukwethula isu lokusebenza leMithetho Yezilimi Kazwelonke ethulwe nguNgqongqoshe. IMithetho Yezilimi 
5768,3322,0.1484,"b Uhlobo C2 - ukukwazi ukuthola umkhondo endleleni, nasesikhumulweni kuphela, ukuhlinzeka i-RAIM. Qaphela: Umshini we-GN","Isingeniso I-Bolt iyinsiza yokuhamba esheshayo, ethokozisayo, futhi esebenzisa ubuchwepheshe obuphambili ukuze inikeze a"
852,2700,0.1484,"Noma yiliphi ilungu labasebenzi akufanele, ngaphandle kokuthola imvume ebhaliwe kwisiKhulu esiPhezulu, lenze noma yimuph","Kuhle ukuthi abantu babe nehloso enembile ukuze bathole ulwazi oluqondile oluhamba phambili. Okwesithathu, ukuxhumana ka"
511,2644,0.1484,"d Ukuvuma ukwenza izivumelwano, zokwelekelela ngezimali, nezikhungo zezimali kanye nezinye nje izikhungo ezinezinjongo e","Iqukethe izingxenye ezahlukene (iZizwe Ezihlangene ziyibiza ngokuthi ""izindatshana""). Ibhalwe ngolimi lwezomthetho ukuze"
5150,5353,0.1484,"Imisebenzi yeKhansela leSifunda leZempilo kuzoba ukuqhubekisa ukubusa ngokubambisene, ukuqinisekisa ukusiza ukuhlela, uk","Kodwa-ke, ubuchwepheshe obusha obusetshenziswa ekwakhiweni kwephrojekthi ye-flue gas bukhombisa ithemba lokuthi lezi zin"
6774,2648,0.1484,Ngaphandle kokuhlobana kohlelo lwentuthuko edidiyele emiphumeleni yentuthuko ehambisana kakhulu nezinhloso zomthethosise,"Iflegi kazwelonke inemibala emnyama, igolide, eluhlaza, emhlophe, ebomvu, noluhlaza okwesibhakabhaka, njengoba kuchazwe "
7754,2652,0.1484,Imigomo ye-AU yokusebenza ngempumelelo kumele ukuba namaqembu angaphansi kwezifunda nawo ayisebenzise. Ezinye zalezi zin,"108 ka-1996), ngokusekelwe kumfuneko yokuthi ukusetshenziswa kwazo kufanele kube ngu-98% wabantu bonke. Izilimi eziyi-11"
1453,7770,0.1484,"I-LiEP ibhekene nalezi zindaba ezifana nolimi/nezilimi zokufunda nokufundisa ezikolweni zikahulumeni, ohlelweni lwezifun",Izingxoxo zePhalamende ngesikhathi se-Presidential Question Time Izingxoxo zePhalamende zidlala indima ebalulekile ekubh
415,4598,0.1484,Isiyonke imali yamathenda anikwe ama-co-operatives kusukela ngoNcwaba kuya kuZibandlela nyakenye ingu-R11 million kumath,Inselelo enkulu ukuwenza lo msebenzi ube yimpumelelo futhi uqinisekise ukuthi uqhubeka nokusiza umphakathi ngendlela efa
8118,4594,0.1484,Isibalo sabantu abangama-200 (amakhulu amabili) abahaqwe yisifo esithile kwabayi-100 000 (ikhulu lezinkulungwane) senza ,"Kufanele sikhumbule ukuthi ivoti lethu linomthelela omkhulu,” kusho uNaledi, ethokozisa umoya wakhe. UThabo wavuma, “Ngi"
5257,4568,0.1484,"Ngenxa yohlobo loluchwepheshe bezigubhu zogesi okhokhelwa kuqala, kubalulekile ukuba abathengi bakwazi ukufinyelela esik","Futhi uma sizobe sikhuluma ngalezi zindaba, kufanele siyikhumbule le ndlela esiqhuba ngayo nokuthi yini esizama ukuyenza"
8029,2414,0.1484,"Ukhula lungamila umnyaka owodwa (annual) - ezinye izinhlobo zimila iminyaka emibili (biennial), ezinye zimila isikhathi ","Kwakuyisikhathi sokukhuluma, sokuxhumana, nokwakha izixazululo ezizokwenza kube nokuthula. Ngemuva kwemihlangano emining"
293,5633,0.1484,Kungani kubekhona izinsuku zabalimi nezifundo zezibonakaliso? Iphrogramu Lokuthythukisa Abalimi liqonda ukuvusa nokuphat,"Ulwazi olungamanga ezinkundleni zokuxhumana ngesikhathi sokhetho Ezinkundleni zokuxhumana, indima edlalwa kulezi zikhath"
66,1695,0.1484,"Ingoma yesizwe yaseRiphabhuliki iyonqunywa nguMongameli ngokuthi enze isimemezelo. Ifulegi lesizwe linombala omnyama, os","Uma usuhlinzekile ngemininingwane yakho, i-GEMS izoqinisekisa ukuthi zonke izinkokhelo zikhokhwa ngesikhathi esifanele. "
5545,5585,0.1484,Inhloso yokumiswa kwe-CMA ukubandakanya imiphakathi yendawo ekuphatheni imithombo yamanzi. I-CMA iphatha imithombo yaman,"Izinqubo Zokuthunyelwa Kwama-Ambulensi Umuntu: UThando Mthembu Umxhumanisi: UZanele Nkosi UZanele Nkosi: Sawubona, Thand"
6233,3560,0.1484,"Isivumelwane saseKhartoum sika-1988 sabeka sathi: ""Ngoba umuntu uyisizinda sayo yonke intuthuko, isimo senhlalo yomuntu ",Nkk. Mthethwa: Kubalulekile ukuhlinzeka ngohlelo lokuhlola olunembile nolwakhiwe kahle. Lokhu kuhlanganisa ukuhlola izic
4490,3565,0.1484,"Ngale kwalokhu, uma ngabe lelo rekhodi lingabhaliwe ephepheni lingabonwa ngaleyo ndlela elicelwe ngayo, uma kwenzeka. Um","Njengoba lokhu kuyisisekelo esibalulekile esakhiwe ekwenzeni kahle nasekuziphatheni kahle, umqashi kumele aqinisekise uk"
7130,6457,0.1484,"Vikela i-geyser yakho ngokuyisonga yona kanye namapayipi amanzi ashisayo ngamaphephandaba, izingubo ezindala noma ezinye",Umbiko wezinsuku uhlelwa ngompheki ophakanyisiwe bese usayinwa ngompheki osekelayo ophumelele ukwenza lokhu. Ucwaningo n
1914,6478,0.1484,"Umsebenzi wokulima awupheli. Lapho sicabanga ukuthi ukuvuna nokuthengisa umvuno sekuphelile, sekuqala umsebenzi wonyaka ","Uma ufuna ukufaka isicelo sokufinyelela kulwazi olukhona ku-SARS, kufanele ugcwalise ifomu lesicelo elitholakala kuShedu"
4587,5485,0.1484,Izwe elisathuthuka lidinga ukwenziwa ngcono kwezidingo zabantu kanye nokuqiniswa kwezikhungo zentando yeningi. Sakhe imi,Inombolo yesikhumbuzo: 4.3.2.4-... Amagama aphelele omyeni/umkakho:... Inombolo nezinsuku zokuzalwa zazo zonke izixhaso:
7504,4389,0.1484,"Yenza ngcono ukufinyelela kwezamandla kanye nezinsiza ongathembela kukona, okukwaziyo ukuzimela ngokwezezimali, okwamuke",I-Bhili ihlose ukusungula uhlaka lokuphumeza imithetho nemigomo ezohambelana nomkhakha wezempilo kulo lonke elaseNingizi
663,4384,0.1484,Uma zingekho izicelo zokuphikisa noma umlawuli-sikhungo esezicubungulile lezo zicelo ngemuva kokubonisana nenhlangano ez,"Uma usuku olubekwe lokuqala kwesikhathi singelona usuku lwenkantolo, lesi sikhathi sizoqala ngosuku lwenkantolo olulande"
5596,7783,0.1484,"Nokho, kunezindima ezimbili ezengeziwe okumelwe uzifeze futhi ezibalulekile ngenxa yezizathu zentuthuko. Eyokuqala kulez","Izinkinga Zamanzi: Ingxoxo Nenduna Yendawo Isingeniso Uthando lwamanzi luyimpilo, kodwa ezindaweni eziningi zethu, izink"
3849,3597,0.1484,"Iqhinga eliphumelelayo lidinga izindlela ezintsha zokusebenza nokunaka kakhulu amacala womabili, isibalo sabantu abafuny",Ingxoxo Ngemiphumela Yokulamula Kwe-Life Esidimeni Okwesithathu: Ngiyabonga ngokungithokozisa ukuthi sibe nalesi sikhath
6894,7709,0.1484,ILayisense yobuSakazi beMiphakathi inenhloso yokuhlangabezana nezidingo zobusakazi kumphakathi ukufinyelela kwiminyaka e,Ezokudoba: Umcimbi Wokukhulisa Imiphakathi Nokuqinisa Ubudlelwano Ezokudoba zidlala indima ebalulekile empilweni yomphak
7222,613,0.1484,Izikhalo zangaphakathi ziyodluliselwa phambili yilelo phini elisebenza ngezolwazi eliqondene naleso sikhalo kwiSekela li,"4.2. Qhathanisa imiphumela yobufakazi nezinhlelo ezikhona, ukuze uqonde ukuthi zidinga ukuvuselelwa noma cha. Isinyathel"
6627,4568,0.1484,"Lesi sitatimende sisebenzisa imikhakha yokufunda ukufeza lezi zinjongo, lokho okulindelekile kanye nemiphumela okumele i","Futhi uma sizobe sikhuluma ngalezi zindaba, kufanele siyikhumbule le ndlela esiqhuba ngayo nokuthi yini esizama ukuyenza"
378,4543,0.1484,"Ngesikhathi esifanayo, sithola isithombe nezinkomba zezidingo zezinsiza ukuze umsebenzi uqhubeke ngendlela egculisayo. S",Imithetho nemigomo ye-GEMS ibalulekile ukuze kuqinisekiswe ukuthi izinsizakalo ezitholakalayo zihlala zisezingeni eliphe
7239,2576,0.1484,Namhlanje kufanele sikusho ukuthi isifundazwe siyaqhubeka nokuhlaselwa yi-HIV. Izifunda ezingu 3 kwezingu 4 ezinakekela ,"Siqhubeka nokuzama ukufezekisa izinhloso azilwele impilo yakhe yonke - umphakathi ophumile nowedemokhrasi, lapho imiphak"
5261,2576,0.1484,"Ithebula 1 no 2 likhombisa izibalo zeNingizimu Afrika eminyakeni eyishumi edlule, njengamanje nesilindelwe eminyakeni ey","Siqhubeka nokuzama ukufezekisa izinhloso azilwele impilo yakhe yonke - umphakathi ophumile nowedemokhrasi, lapho imiphak"
7561,548,0.1484,Ziningi izimbangela zalokhu phakathi kokunye yisomiso esivamise ukuhlasela kulendawo. Kodwa kuze kube yimanje uHulumeni ,Ikhaya liyikhaya uma kukhona indlu ephephile; asifuni abantu bethu bahlale besaba ngalokho okungase kwenzeke noma nini u
7466,1525,0.1484,"Uhlelo lwe-urp uhlelo lukahulumeni, olwenziwa Ngumnyango Wesifunda kanye Nohulumeni Wendawo. Lwaziswa NguMongameli u-Tha","Imihlangano ivame ukuhlelwa nalowo muntu kwezinye izindawo, futhi uma lowo muntu ese kulowo mhlaba, ipasipoti yakhe iyat"
1761,1453,0.1484,Izinyathelo ezithathwe ohulumeni besifundazwe kanye nabasekhaya ekunciphiseni imithetho enezivimbelo kanye nezimo zokuph,"a Izinga lekhwalithi yomoya okufanele kulandelwe, b Indlela izindinganiso nezikhungo zikamasipala okufanele zibhale ngal"
1539,2548,0.1484,"b ukutshela uMlunganisi ukuthi anikeze imvume enjalo kuloyo muntu, uma kuphumelela imibandela yalesi sigaba; noma c enze","Uma kukhona isicelo, isikhungo sombuso singase sithathe isinqumo sokwandisa ngokubhala isikhathi esichazwe esigabeni - ("
3046,5395,0.1484,"Uma kunomlando emndenini wesifo senhliziyo noma ukufa kohlangothi, hlala uzihlolela lokhu njalo ukuze kusheshe kutholaka","Ngokwezibalo zokubalwa kwabantu zonyaka ka-1996, umphakathi wase-Okhahlamba ulinganiselwa ku-119,319, iningi labo bahlal"
3197,6585,0.1484,Inhloso wukusiza ababambe iqhaza ekusebenziseni kangcono ukuhlela intuthuko edidiyele njengesikhali esinomthelela omkhul,"Ngaphezu kwalokho, ukuhlinzeka ngempumelelo ngesikhathi se-Presidential Question Time kudinga ukuthi kudaleke umoya ophi"
2338,5387,0.1484,"Lokhu kuyingqayizivele yokwenza izinto ngobuciko kwi-systematic ichthyology. Angazi noma lokhu kuyiqiniso, kodwa uzwile ","Abafuna umsebenzi bangase babhekane nezinselelo eziningana, kuhlanganisa ukuncintisana okuqine phakathi kwabafuna umsebe"
1221,1563,0.1484,I -NA igunyazwe uMthethosisekelo ukuqoka uMongameli waseNingizimu Afrika phakathi kwaMalungu ayo. I -NA inamaLungu ePhal,"Incazelo, njengoba iboniswe kwi-National Heritage Resources Act (Umthetho No. 11 ka-1999) kanye ne-National Heritage Res"
4142,1515,0.1484,"Inhloso yomngenela kuwo wonke amazinga wukufinyelela ezingeni elifunekayo lomsebenzi wenhlalo. Noma kunjalo, kukhona ley","Ukwakha Izimiso Zokuziphatha Nokuhlonipha Okwengeziwe, kubalulekile ukusiza izingane zikhule zisendaweni efanele yokuzip"
3249,6043,0.1484,Bangabamba iqhaza futhi ekuhleleni kanye nasekusebenzeleni iqembu abalikhethile kanye nangokukhethwa bafakwe ezinhlakeni,"Izinselelo zomthetho we-Electoral Amendment Act Ngokuhamba kwesikhathi, umthetho we-Electoral Amendment Act ubonakale un"
4538,4030,0.1484,Yilokhu kuhlola konyaka wonke okuzosetshenziswa njengesisekelo ukunquma mayelana nomsebenzi wesisebenzi. Lona lelo thulu,Ivumela amakhaya ukuba akhuthaze intuthuko yendawo; futhi kulandela ukuhlaziywa okujulile mayelana nezindleko nezinhlelo
3952,8062,0.1484,"R35,00. f Ukucinga nokwenza amalungiselelo okudalula umbhalo, R15,00 ihora ngalinye noma ingxenye yalo, ngaphandle kweho","f Uma isicelo senziwa egameni lomunye, ubufakazi bokuthunyelwa komfaki-sicelo kumele bukhishwe ngendlela ejabulisa iMene"
5545,106,0.1484,Inhloso yokumiswa kwe-CMA ukubandakanya imiphakathi yendawo ekuphatheni imithombo yamanzi. I-CMA iphatha imithombo yaman,INingizimu Afrika imele isithombe esiphelele somphakathi esiyisithombe sezinhlanga ezakhiwe phezu kwefa elicebile nelihl
3193,4092,0.1484,Ukuguquka ukusukela kwindlela yokubuka izinto ngokusekela kwizinsiza ukuya kwindlela yokwenza izinto ngokusekela kubantu,"Ukuhlupheka, ukungabi namsebenzi, nemingcele yezomnotho kusekhona, okwenza kube nzima ukuthi abantu benze izinqumo ezint"
221,3974,0.1484,Lolo hlelo luzogcina esifundweni sikazwelonke sokuhlola umthelela womkhankaso ka-2011. Ukukhiqiza ulwazi oluqoqiwe oluth,Isu lokukhula nokuthuthukiswa kweGauteng lihambisana ngqo nezibopho zethu zokubeka umgomo emkhankasweni kazwelonke wokun
2150,3976,0.1484,"Zonke izisebenzi zibophezelekile ukuthuthukisa izinhlaka zama-PA, ama-KRA kanye nama-GAF nezinye izingxenye zomsebenzi w","U-Eskom: Umcimbi Wokubuyiselwa Kwamandla Eminyakeni edlule, i-Eskom, uMnyango wezokuhlinzekwa kwamandla eNingizimu Afrik"
5882,3992,0.1484,"Ikhomba ubuthakathaka kohlelo ohlelweni lwezobulungiswa oluqondene nobugebengu, kusukela ekuphenyweni kobugebengu kuye e","ENingizimu Afrika, kuze kube manje, siqinisekisile amacala angu-2,844 kanye nezinsuku eziyisithupha. Ngemuva komhlangano"
879,6043,0.1484,Bangabamba iqhaza futhi ekuhleleni kanye nasekusebenzeleni iqembu abalikhethile kanye nangokukhethwa bafakwe ezinhlakeni,"Izinselelo zomthetho we-Electoral Amendment Act Ngokuhamba kwesikhathi, umthetho we-Electoral Amendment Act ubonakale un"
711,4079,0.1484,Uma izinto zingeke zidayiswe ngokwesigatshana (3) iSikhulu Esigunyaziwe okuyisona esengamele indawo yokugcina impahla si,Isitifiketi esithi sigunyazwe nguRegistrar sizoba nomthelela wokuthi ukubhaliswa akwenziwanga noma ukuthi noma yini enye
4095,77,0.1484,Mina nomthathi wezithombe saya enkundleni ngamkhombisa ezinto ezithile. U- Akol wathi iKhartoum ivumile ukuthi ukulawulw,Q6: Abasebenzi bakahulumeni bangabhalisela izitifiketi zabo zakamuva kanjani? A6: Abasebenzi bangabhalisela izitifiketi 
1132,8031,0.1484,c kungathi uma ubona kufanele emva kokuvumelana nomsebenzi udlulise noma wesekele umsebenzi ukuba ayokwenza umsebenzi ot,"97 ka-1998; futhi ngokuhambisana nesigaba 3, umuntu owathumele kuMali kufanele ulungele futhi akwazi ukusebenza. Umuntu "
6128,3911,0.1484,"Kunoma yiluphi uhlobo olucacile lolu hlobo lokuxhasa ngezimali lungabhekwa ekuthuthukiseni ingqalasizinda, uma kulandela","Isibonelo, abafundi abanezimfuno ezikhethekile bangakusebenzisa lokhu ukuze bathole usizo, okwenza kube lula ukufunda fu"
327,7178,0.1484,Izindlela ezisebenzayo zokukhipha nokuthutha okungamanzi okulahlwayo kuzonikezelwa. izinhloso zenu zizobheka iyiphi intu,"Ubumfihlo bolwazi lwabancikile (GEMS dependent information confidentiality) Ngaphansi kwelanga elikhanyayo, kumadokhumen"
4807,7180,0.1484,Siye saqala izikole zokugxilisa ingqondo ngenxa yalokhu kwanda nezinto ezintsha ezilethwa yintuthuko. Igwema ukugxila ek,Uhulumeni kuzo zonke lezi zinkalo uphumelele ezinhlelweni ezahlukene zokuhlukumeza ubuphofu nokungathuthukiswa ngokuphel
7848,23,0.1484,Inhlangano eqondwe esigatshaneni 1 ithathwa njengeqokwe njengenhlangano yokuvikela izingane isikhathi esiyiminyaka emihl,"Okwamanje, kukhona impumelelo yezomnotho, umgomo kahulumeni obanzi wokuhlukahluka okukhulu, izinhlelo zamasu, nezinye iz"
863,61,0.1484,"Mayelana nesayensi nobuchwepheshe, la mazwe amathathu anezivumelwano zesayensi eziyisithupha ezisebenzayo eziyi-biotechn",e ukubheka izithelo zezibopho zeNingizimu Afrika eziphathelene nempilo yezingane ngokuhambisana nezinhlinzeko zamathuluz
4971,1,0.1484,"Kanjalo-ke besingakwazi ukufaka zonke izinto ezibalulekile kulesi sifundo sokuqala maqondana nokukhiqiza nokumaketha, be","UJane uthi... Ngaphezu kwesikhathi kufanele simise futhi sizibuze ukuthi senzeni. Uma sifuna ukuthola impendulo ecacile,"
1359,4096,0.1484,"Uma singazi ukuthi isimo somhlabati sinjani, asingeke sikwazi ukulinganisa ukuthi kuzodingeka umanyolo onjani nongakanan",Ucabanga ukuthi impilo yengqondo ibalulekile kangakanani emiphakathini yethu? Mnu. Mthembu: Impilo yengqondo iyisici esi
1823,2200,0.1484,"Kwabe sekwenziwa isincomo sokuthi kusungulwe i MHSI, eyabe izokugxila kuzindaba zezempilo nokuphepha ezimayini. Lezi zik","Okwesibili, kukhona ukuhlinzeka ngezinsiza ezanele zokuphatha imfucuza. Ukushintsha izikhungo zokuhlunga ukuze kube nzim"
1259,1994,0.1484,Sithole lonke ulwazi olufanele. Ukulunga okukhona kuchaza ukuthi onke amaphuzu abekiwe kumelwe ukuba abhekisiswe kahle y,"Ukuze usebenzise kahle izicwangciso zakho zesikhathi esizayo futhi ufeze izinhloso zebhizinisi lakho, kubalulekile ukuhl"
7078,2137,0.1484,izinguquko ezisemthethweni ezingaphazamisa i-EPMDS zaziswa ngendlela okuyiyo. uphiko kanye nezisebenzi zinikezelwa ukwes,"Amaphutha Emigomweni: Ukuhlinzeka ngemigomo engacacile mayelana namaholo, izikhala ezingenakuhambisana nezinye izixazulu"
1813,6079,0.1484,IKhula yasungulwa ngo-1996 futhi igxile ekuqinisekiseni ukutholakala kalula kwezimalimboleko kanye nezimali zokusungula ,"noma yimaphi umthetho, isikhumbuzo somthetho, isaziso sikahulumeni, noma umyalo ophumelele ngokuhambisana nale mithetho "
382,7806,0.1484,Iphoyisa kumele limazise futhi limchazele wonke la malungelo lowo muntu oboshwayo futhi lenze isiqinisekiso sokuthi uyaw,"Ukuthutha kwezemfundo kungasebenzisa izimoto ezincane, ama-minibus, amabhasi amancane, amabhasi ajwayelekile, amabhasi o"
5974,4210,0.1484,"UMkhandlu uyokuba nelungelo lokuvala okwesikhashana noma iyiphi irenki esungulwe ngaphansi kwale Mithetho kanti, uma kun",Ukwenza isinqumo mayelana nesicelo sakho. Umhlahlandlela weKomishini Yamalungelo Abantu. Ukuqoqa izintela; nokulawula uk
3771,4217,0.1484,"Okwesibili, zibunjwe ngendlela yokuvikela abantu besiko noma bolimi oluthile noma abantu. Umbuso nabantu kufanele baqaph","Ubugebengu bokuxhumana, lapho abanye abantu bezama ukukopela amakhasimende, bukhona futhi bukhathaza umkhakha. Izinkampa"
7859,3749,0.1484,"Ukuphazamiseka kogesi okungahlelwanga okukhomba ugesi olahleka ngenxa yamaphutha ezintanjeni zogesi kulandela isiphepho,","Ngaphezu kwezindaba, ithelevishini inikeza nemidlalo ehlukeneyo, okuhlanganisa ama-soap operas, ama-reality shows, kanye"
7887,3752,0.1484,Noma yimuphi umuntu oweqayo noma owehluleka ukulandela isigaba se-5 unecala. Kuze kube yisikhathi lapho izithuthi zikaja,Noma yimuphi umuntu osebenzisa amanzi ngenhloso yokuzijabulisa kufanele abhekane nezidingo zokugcina amarekhodi okusetsh
4312,4182,0.1484,Kungaba ukutholakala kwe HIV kanye nengculaza futhi nokungabibikho kokuhlonishwa kwempilo nje. Amaqenjana aphakamisa uku,"Umphakathi wavuka, bahlangana futhi bahlasela lesi sifo, benza konke okusemandleni ukuze kuvinjelwe ukuhamba kwesitho so"
2892,7839,0.1484,"Loku kuye futhi kwaholela kukuvalwa kwezinhlangano ezinje kanye nokulahlekelwa ngabasebenzi bakwahulumeni, okwaba nomthe","Sikhuluma ngenhlalakahle, lezi zindaba zinjengezibopho esizibophezele kuzo. Bayakusa, abanye bethu bahlala ezindaweni la"
2176,238,0.1484,Zama ukudluliseka izingozi ngokuthatha inshuwalense nokuthola abankontilaki masinya ngaphambi kwesikhathi. Zama ukwehlis,"Uma usebenzisa umhlaba ophathelene nabantu bonke, ungakwazi ukuqala kule ndawo enikezwe umholi. Njengoba uqhubeka ubona "
6840,245,0.1484,"Ngakho, kuyacaca ukuthi uMthetho uhambisana nabantu abathile, usebenza kuphela ebantwini bomdabu baseNingizimu Afrika, i","Kube nokuxoxisana okuthile mayelana nokuchazwa kwesisho ""umtraveller"" nokuthi yiziphi izinkampani ezihlinzeka ngempilo k"
3373,210,0.1484,Imboni yezikhali ethuthukile eNingizimu Afrika isiyethule ubuchwepheshe besayensi kanye nezinto ezinganikela ekwakhiweni,Izimfanelo zingethulwa kusetshenziswa izinhlobo ezahlukene zomthombo noma izinto ezibonakalayo. Umfanekiso olandelayo ub
2285,7850,0.1406,"Ngale kweqhaza lokuhlela olwenziwe phambilini, uhlelo lwentuthuko edidiyele selubonakala njengomsebenzi wokusingatha oma","Lokhu kungaholela ekwandeni kwezinga lokungasebenzi, okukhathaza umphakathi, ikakhulukazi abantu abasha abafuna umsebenz"
4260,7865,0.1406,"Ngale ndlela, umthetho wendabuko uyahambisana nesigaba 8 soMthethosisekelo futhi awubandlululi izingane ngemvelaphi noku","Enye yezinselelo ezinkulu ukufinyelela ezinsizeni ezidingekayo, njengoba izinsiza eziningi zidinga imali eningi, futhi k"
1932,244,0.1406,Leli fomu likuvumela ukuba ubike amaphutha owabonayo emkhandlwini. Ukuqala ukusebenzisa umthetho kazwelonke ukuvikela uk,"Izinsiza Zokwesekwa Kwabantu Abakhubazekile: Ukubaluleka Nobunzima Obubhekene Nabo Ezweni lethu, abantu abakhubazekile b"
944,228,0.1406,"Impela inamuhla libonakala lihaqwe yizithandani ezingathandani okuwubuphofu kanye nokunotha, indlala kanye nenala, intut","Ukugunyazwa Kodokotela Nokuxhumana: Umqondo Ohloniphekile Ezinsukwini zanamuhla, ukuxhumana phakathi kodokotela neziguli"
3438,172,0.1406,Ubufakazi beholo lomphakathi liyabonakala futhi ekwenziweni ngcono okukhulu kokufinyelela ezinsizeni zempilo eziyisiseke,"Lokhu kubangela ukuthi abafundi bahlale bephoqeleka ukuba baphendule ezidingweni zemali, kunokuba baphendule ezidingweni"
1640,190,0.1406,"Bheka incazelo ngokuGunyazwa okukhona njengamanje esigabeni 4. Ukubhalisa Ingxenye 2J: ukususa, ukuchitha nokulahla aman",Lapho isicelo sokusebenza okudingayo izimvume zemvelo ngaphansi kwale mithetho kufanele senziwe ngokuhambisana neminye i
2473,3755,0.1406,"Inselelo yesibili ngukwakha amakhono ezikhungo zaseAfrika - Ohulumeni bakaZwelonke, ama-RECs kanye ne-AU. Ngale kokuba k",Amalungelo phezu komhlaba womunye kanye namalungelo abantu awakwazi ukusetshenziswa ngokomthetho noma adluliselwe kumunt
4538,4135,0.1406,Yilokhu kuhlola konyaka wonke okuzosetshenziswa njengesisekelo ukunquma mayelana nomsebenzi wesisebenzi. Lona lelo thulu,"Lokhu kungasiza ekuxhumaneni nezinye amawebhusayithi njengokuthokozisa, futhi noma yisiphi isixhumanisi esinjalo asisho "
4630,4135,0.1406,Uma ohlalayo noma umnikazi enqaba ukuthatha izinyathelo ezibalulwe esazisweni ngaphansi kwale mithetho kamasipala noma e,"Lokhu kungasiza ekuxhumaneni nezinye amawebhusayithi njengokuthokozisa, futhi noma yisiphi isixhumanisi esinjalo asisho "
102,3806,0.1406,"Ukuthuthukiswa okuqhubekayo kothisha, amaqembu abaphathi bezikole kanye nosizo oluvela ezisebenzini zomnyango wemfundo k","Eminyakeni yamuva, ukukhiqizwa kwe-platinum kukhule, kuholela emisebenzini eminingi. Ngeshwa, lokhu kuphinde kwaholela e"
2331,3742,0.1406,Uhambo oluhlelwe ngumuntu ngamunye lutholakala ngokucela. Wumqondo omuhle ukusebenzisa imizila emkhulu hhayi emincane - ,Ungashaywa/ushaywe imoto edlula lapho ibhasi/taxi okuphume kuyo likhona. Wela kuphela uma uphakathi kokukhanya kwabahamb
7003,5888,0.1406,Kubandakanya futhi izinto okuhloswe ngazo ukusetshenziswa njengezilawula ukukhula kwezilwane; njengesibulala maqabunga; ,"Lokhu kukhuphuka futhi kubheka zonke izindleko ezihlobene nabasebenzi, ikakhulukazi umthelela ophakanyisiwe ovela esivum"
279,5844,0.1406,"J.2 Umbiko wokuqala wonyaka, nohlonzwe esiqondisweni- III J.1, uyokwethulwa kwisishayamthetho esifanele ngokonyaka wezim",Noma iyiphi inja yentombazane efanele ukuhlinzeka ngaphandle kokuthi le nja yentombazane igcinwe ngaphansi kokulawula ok
3244,5810,0.1406,"Loku ukuqedelelwa komsebenzi owaqalwa ngonyaka we-1995, lapho ngaqoka iQembu lokuSebenza lokuHlela uLimi (LANGTAG) ukuze","Amasampula omhlaba akufanele aqoqwe ezindaweni ezingajwayelekile ezifana nezindawo ezingenela olwandle, imifula eyomile,"
7630,1974,0.1406,"Ekukhumbuleni laba bafundi beminyaka edlule kunemiyalezo ehleli, leyo yokomela inkululeko nolwazi olutheleka nangamandla","Ukubeka izinhlelo ezikhangayo zokuxhumana, ezifana nezikhangiso ezisemphakathini, kungasiza ekwandiseni ulwazi lwezempil"
7112,1974,0.1406,"Ekukhumbuleni laba bafundi beminyaka edlule kunemiyalezo ehleli, leyo yokomela inkululeko nolwazi olutheleka nangamandla","Ukubeka izinhlelo ezikhangayo zokuxhumana, ezifana nezikhangiso ezisemphakathini, kungasiza ekwandiseni ulwazi lwezempil"
5034,1996,0.1406,"Ukuba wugqinsi kuchaza ukukalwa kophawu kwi-engela ekahle yobude. Ngokwethula lezi zimali azozikhokhelwa, kwatholakala u","Ukushoda kwemithi ezibhedlela zikahulumeni Ezindaweni eziningi eNingizimu Afrika, kusekhona ukukhathazeka okukhulu mayel"
711,2076,0.1406,Uma izinto zingeke zidayiswe ngokwesigatshana (3) iSikhulu Esigunyaziwe okuyisona esengamele indawo yokugcina impahla si,Irekhodi lizoba yisibonakaliso esiqinile sezozinto zonke ezikhulunywe noma ezinamandla ngalesi sikhathi ukuze zibhaliswe
5613,7227,0.1406,Eziningi zalezi zinhlangano ziye zatholwa ukuxhaswa ngezezimali ngokunikeswa ingxenye ethile. Ezinye zalezi zinhlangano ,"Ukhetho lokuqala lwezokhetho olukhululekile ezweni lethu lwenzeka ngomhla ziyi-27 kuMbasa, ngonyaka ka-1994, futhi manje"
767,8132,0.1406,"Nokho wazitshela ukuthi cishe kabezwanga ngenxa yomsakazo naye awufice uklabalasa. ""Indaba yenu,"" wanikina ikhanda uPame","Uma ukhokha ngeposi noma usebenzisa i-ATM, ukukhokha kumele kwenziwe ngesikhathi sokuthi ifomu lakho lifike kusenesikhat"
6303,3938,0.1406,Kukhona manje isidingho esisheshayo sokuthuthukisa inqubomgomo ezakuqinisekisa ukuthi uMnyango uyakwazi ukwethula izinsi,Izingxoxo zePhalamende ngesikhathi se-Presidential Question Time Isingeniso I-Presidential Question Time iyisikhathi esi
5724,3942,0.1406,Njengamanje kusahlelwa indlela okufanele ilandelwe yilabo okufanele basizakale kulolu hlelo. Kanti nasemahhovisi ethu ez,I-SARS iqukethe inani elikhulu lolwazi eliqoqwa ngesikhathi yenziwa imisebenzi yayo yansuku zonke yokuhlanganisa imali y
5500,3877,0.1406,"Ngenkathi siqhubeka sigxile ekugcineni ngendlela ibhalansi yezomnotho ezinkulu , sikhethe ukubheka kakhulu izindaba zezo","Enye inkinga ukuhlinzekwa kwemigwaqo. Ukuze umnotho ukhule ngaphezu kwalokhu, sidinga ukutshalwa kwezimali ekuthuthukise"
6020,4088,0.1406,"Loluhlelo lugcizelela ukubaluleka kweqhaza labahlukumezekile, imindeni namalunga omphakathi ngokubenza babe yingxenye yo","Umphumela wale simo kube ukungalingani, lapho ukuphathwa kwesiNgisi nesi-Afrikaans kudala ubudlelwano obungalingani phak"
4027,4024,0.1406,Abantu besifazane bangaphezu kwesigamu sabantu baseNingizimu Afrika yingakho-ke kumele amazwi abantu besifazane kumele a,Ungafaka kanjani isicelo se-Protection Order? Ikunikeza i-Order noma cha. Izinsiza abangakweluleka ngazo mayelana nalokh
194,3972,0.1406,Lemvume ingashintshwa ngokubhekelela umonakalo owenzekile. Lo Mqulu awethuli izinhlelo ezintsha sokwengamela imvelo ecek,"Kusukela ezikhathini zasendulo, abaholi bendabuko benze imisebenzi ebalulekile ezindaweni zabo nasemazweni abo. Ingxoxo "
6210,106,0.1406,"Ukukhetha izihloko eziphathelene nezimpilo zabafundi, ziphinde futhi zibafundise nokunye abangakwazi, Isib. Ukukhetha iz",INingizimu Afrika imele isithombe esiphelele somphakathi esiyisithombe sezinhlanga ezakhiwe phezu kwefa elicebile nelihl
5914,6054,0.1406,b Yokuthi uhlobo lombhalo ofuniwe lungendlela yokuthi lukhipha imininingwane yangasese eqondene nomuntu oluphethwe umkha,"Ngesikhathi sokwenziwa komsebenzi, abasebenzi kufanele bathole umlayezo kubaphathi ukuze bafunde; lokhu kusiza ekunikeze"
3723,4044,0.1406,Nginethemba elikhulu lokuthi leli qoqo lamabhukwana ashicilelwe liyoba wumhlahlandlela owusizo nomthombo wolwazi oluyoni,"Ukutshala Izingadi: Uhlanga Lokukhula Nokuthokozisa Ezweni elijulile lethu, ukutshala izingadi akusikho kuphela ukuzijab"
6823,8103,0.1406,Okuphokophelwe Ukuhlanganyelo Okusha kweNtuthuko yeAfrika kwesikhathi eside ukuxhumanisa ukwesulwa kwesikweletu nezindle,"Amathayi asetshenziswa ezindaweni zokulima abiza kakhulu, kodwa kukhona imiyalezo ebalulekile ezokusiza ukuthi ulondoloz"
5820,159,0.1406,Ukuhlolwa kwezokwelapha kubo bonke abafundi besayensi yezempilo kumele kufake phakathi ukuthenwa mayelana nokukhombisa u,"Phambilini, sakhuluma ngezizinda eziphila ngaphansi komholo othile. Ukuze sakhe lezi zikhungo, sahlola umgomo ukuze sihl"
1347,5378,0.1406,b Ukukhathazeka kungatholwa yibo bobabili umama kanye nengane njengomphumela wesikhathi esithathwa ekunceliseni lapho in,Imiphumela Yokukhuphuka Kwezindleko Imiphumela yokukhuphuka kwezindleko zokuphila ibonakala ngokucacile. Abantu abaningi
6751,5371,0.1406,"Kwezokuthutha, sizokhanda futhi sisabalalise ubuxhakaxhaka bemigwaqo yethu. Sizokwenza isiqiniseko ukuthi ubuxhakaxhaka ","Amalungelo Abasebenzi: Ukubaluleka Nokuvikela Ngokuhamba kwesikhathi, amalungelo abasebenzi abe yinto ebalulekile emhlab"
3714,5334,0.1406,Ukuhlola okuqondile kwenkinga yokho kuzokusiza ngezindleko zakho lapho ubulala ukhula. Kuhle ukwazi ukuthi lingakanani i,Ukuhlaziywa kokusabela kuzikhukhula zaseKwaZulu-Natal Izikhukhula ezibangelwe imvula eningi ziye zaba yinkinga enkulu eK
2016,5339,0.1406,Usuku lukaMandela luzogujwa mhla ziyi-18 kuNtulikazi unyaka ngamunye. Luzonikeza abantu baseNingizimu Afrika kanye nasem,Lokhu kuhambisana nokusungulwa kwezinyathelo ezidingekayo ukuze kube lula ukufakwa kwabafundi ezingeni labantwana abanca
4926,1510,0.1406,Kuya ngokwanda ukubona umsindo njengento edala ukugula kubasebenzi basembonini yezokumbiwa phansi eNingizimu Afrika. Lem,"Isimo Somnotho WaseNingizimu Afrika Isingeniso Ngenkathi sikhuluma ngesimo somnotho waseNingizimu Afrika, kubalulekile u"
7345,6572,0.1406,Izinkomba zithi ukuvota kuqhubeke kahle kanti manje ukubala sekuqhubeka ngaphandle kwezihibe. Iqiniso elithi ukukhanya e,"Ukusebenza kwamaphoyisa kudinga ukuba bahlale bephapheme, bazi ukuthi ubuchwepheshe bungenza kube lula ukuphula amalunge"
166,2553,0.1406,Ulwazi ngezinhlelo ezahlukene ezinikezelwayo alukakakulungeli ukuthi lungatholakala kumbe kufinyelelwe kulo. Kunokwentul,"Ngaphezu kwalokho, umthetho ubhekana nokuvikeleka okuhlobene nokudluliswa kwebhizinisi le-SARS lapho lokhu kungase kube "
5635,6595,0.1406,Isikhathi sokuvuna siyasondela futhi kusekhona amasimu amaningi agcwele ngokhula. Ukuxoxa kwethu njalo kuyabuyela lokhu:,"Ngokubandakanya intsha, sithola izindlela ezintsha zokubhekana nezinkinga. Abantu abasha banamakhono amasha, ubuchwephes"
863,5438,0.1406,"Mayelana nesayensi nobuchwepheshe, la mazwe amathathu anezivumelwano zesayensi eziyisithupha ezisebenzayo eziyi-biotechn","Ukucindezela ngamandla/izikhali noma izindlela zokuphila ezingase ziphelelwe ""ekufeni noma ekulimazeni okukhulu"". Sebenz"
3145,537,0.1406,"Uma unezimpawu ezingathenicono, hlala ekhaya futhi gwemanqanda ukuhlangana nabantu. Ngifisa ukuniqinisekisa ukuthi ososa",Izinhlelo ziqhutshelwa phambili zokwakha iNational Ports Authority; kanye nezindaba ezihlobene nalokho. Ukuze kuthuthuki
2400,4452,0.1406,Emsebenzini isisebenzi sigqoka futhi siziphatha ngendlela ekhulisa igama lalowo osebenzela iSizwe. UHulumeni kanye nomph,"Abanye baphawula ukuthi kunzima ukuthola izimpendulo ezifanele ezivela ezinkampanini, okwenza kube nzima ukuhlela izinsi"
7106,4394,0.1406,Ngizocela u-Prof Ransom - Prof Ransom ngiyakwemukela. Ezinye izimoto zavaleleka eTrompbergpass kanti umasipala uyasiza k,"Ezokuvikeleka Kwezenhlalo: Ukubaluleka KwezeMisebenzi Zokuvikela Imininingwane Ngokukhula kwezobuchwepheshe, izinkampani"
7496,7736,0.1406,"Njengoba sonke sazi, izinselelo ezibhekene nezwekazi lethu yindlala kanye nokuvikela ukungasweleki kokudla. Isifo sofuba","Ngaphezu kwalokho, kubalulekile ukwakha umqondo wokubambisana phakathi kwemiphakathi, uhulumeni, kanye nezinkampani ukuz"
6158,655,0.1406,Ukushintsha kwezikhathi sekwenze nabantu abaphila ngalesi sikhathi babe abehlukile kulabo ababephila ngesikhathi esedlul,Ukubhikisha Kwabafundi – Ukuhlola Emhlabeni Wanamuhla Ukubhikisha kwabafundi sekuyinto ejwayelekile ezikhungweni zemfund
66,613,0.1406,"Ingoma yesizwe yaseRiphabhuliki iyonqunywa nguMongameli ngokuthi enze isimemezelo. Ifulegi lesizwe linombala omnyama, os","4.2. Qhathanisa imiphumela yobufakazi nezinhlelo ezikhona, ukuze uqonde ukuthi zidinga ukuvuselelwa noma cha. Isinyathel"
5783,4538,0.1406,Ithuluzi lokuhlola ukwenziwa komsebenzi kwezisebenzi ezingesiwo amalungu e-SMS (amazinga eholo asuka kwelo-1 kuya kwele-,Ukwenza ngcono nokugcina ukuphepha kokudla ezingeni likazwelonke nokusiza ukwesekwa kokuthuthukiswa kwemiphakathi yasema
6872,4518,0.1406,"Imisele yokudonsa amanzi ngaphansi kwemigwaqo, amaphayiphi amanzi ezikhukhula, kanye namadamu aphundlekile ngezinye zezi",Ngicabanga ukuthi zizoqinisekisa ukuthi abantu bazi kahle ukuthi basebenzisa malini ugesi. Lokhu kuzokwenza kube lula uk
1973,4382,0.1406,Kumele kube nokugudluka okusemqoka okusuka ezimeni ezingazodwana. Iminyango yezendawo yezifundazwe ilungisa izinhlelo ez,- Ukwesekwa kwezimali: Izinsizakusebenza ezidingekayo ukuze izinhlelo ziqhube kahle zidinga ukuxhaswa ngemali. Uma uhulu
7078,4334,0.1406,izinguquko ezisemthethweni ezingaphazamisa i-EPMDS zaziswa ngendlela okuyiyo. uphiko kanye nezisebenzi zinikezelwa ukwes,"Izindleko zokwehla kwezimpahla. Lokhu kuyindleko engahambisani nemali, ehambisana nokwehla kwezimpahla ngoba zisetshenzi"
2502,7790,0.1406,Ngicabanga ukuthi uDkt Klatzow naye angathanda ukubuza imibuzo embalwa. Iphethini elandelwayo akumele ichazwe ngezizathu,"- Ubufakazi Bobuchwepheshe: Abahloli baphenyi izinsalela zomlilo, izinsiza zemizila, nezinsizakusebenza zokwakha ukuze b"
3521,4452,0.1406,"Baningi abagulayo, abanye babo bazobulawa yizifo ezingavimbelekayo. Lapho imilomo yamaphayiphi ivimbekile, amaphayiphi e","Abanye baphawula ukuthi kunzima ukuthola izimpendulo ezifanele ezivela ezinkampanini, okwenza kube nzima ukuhlela izinsi"
3482,3559,0.1406,"Ngakho-ke, iNingizimu Afrika inquma ukuzihlangnaisa neqembu lamazwe afuna ukuqongelela imali ethe xaxa emithonjeni enobu","Ngaphezu kwalokho, ama-cryptocurrency awahlukanisiwe kuphela, kodwa angasetshenziswa ngendlela ebanzi. Abantu bangawathe"
3796,3538,0.1406,"Zingakapheli izinyanga ezine ngemuva kokuphela konyaka wezimali wenhlangano ezilawulayo, kufanele yethule kumlawuli-sikh","c uma ophule umthetho ekhetha ukuvela enkantolo, okungenzeka kuphela uma kucelwa ummeleli, izinhlinzeko zesigaba 22 zizo"
4168,4384,0.1406,"Ngokushesha ngemuva kokuthola isichibiyelo esihlongozwayo, umlawuli-sikhungo kufanele adalule ushintsho ngokushicilela k","Uma usuku olubekwe lokuqala kwesikhathi singelona usuku lwenkantolo, lesi sikhathi sizoqala ngosuku lwenkantolo olulande"
3305,5498,0.1406,"Abakhiqizi kanye nabathengi bezwe yibona-ke abangabasebenzisi bokugcina bechweba amaChweba"" kushiwo amachweba ezokuhweba","Abanikeli - umuntu noma isikhungo noma inhlangano ethanda ukunikela ngezinsiza kaningi, okungaba kwezimali, ngemuva koku"
7685,5446,0.1406,Ngicela ukubonga bonke abakhokha intela ngokusebenzisana nathi kwabo kanye nokuqonda kwabo ngesikhathi sokuhlanganiswa k,Noma iyiphi uphawu olusemthethweni kule nhlanganisela luzobekwa esisekelweni esakhiwe ngabaqondisi bezakhiwo abaqiniseki
279,1679,0.1406,"J.2 Umbiko wokuqala wonyaka, nohlonzwe esiqondisweni- III J.1, uyokwethulwa kwisishayamthetho esifanele ngokonyaka wezim",Inqubo yokuphatha akufanele ibe yimfihlo. Kufanele unikeze ulwazi ngomsebenzi wakho mayelana nezindinganiso zokusebenza 
2336,1662,0.1406,"Lezi zinhlaka zakhiwa emazingeni kazwelonke, ezifundazwe ezifundeni kumbe omasipala. Esikhathini esiningi ke ngokoMtheth",Isitifiketi esithi sibhaliwe nguMsizi sizoba nomthelela wokuthi ubhaliso alwenziwanga noma noma yini enye enikezwe amand
7706,1663,0.1406,"Inqubomgomo ingethuthukisa ngokwemvelo yayo kanti nesisekelo sokufaka kukontileka ngezokubambisana kunesokungqubuzana, u",Umbiko: Imicimbi Yezempilo Nenhlalakahle Yomphakathi Isingeniso Imicimbi yezempilo nenhlalakahle yomphakathi ibalulekile
1354,1677,0.1406,"Lokhu kuzohlanganisa ngokuyinhloko ukwenziwa lula kohlelo lwabasebenzi, ukufaka abalingani kanye nokukhishwa kwemisebenz","Izindawo Zezikhungo Zezempilo Ezingama-72 Kwazulu, emhlabeni ogcwele izimanga, kukhona izindawo eziningi ezisemqoka ezik"
5257,5585,0.1406,"Ngenxa yohlobo loluchwepheshe bezigubhu zogesi okhokhelwa kuqala, kubalulekile ukuba abathengi bakwazi ukufinyelela esik","Izinqubo Zokuthunyelwa Kwama-Ambulensi Umuntu: UThando Mthembu Umxhumanisi: UZanele Nkosi UZanele Nkosi: Sawubona, Thand"
1021,5561,0.1406,iv. Ukwehlukana kwabantu: Indlela okuhlelwe ngayo isakhiwo seqhaza lomphakathi kumele sihlinzekele ukwehlukana okukhona ,"Ngenxa yokudubula, abesifazane ababili ababejolile kuphela balimala, kanti omunye umsolwa udubuliwe enyameni. Awukwazi u"
1687,5561,0.1406,b ukuthuthukisa nokwenza lula ubudlelwano phakathi kohulumeni mayelana nemboni yotshwala; kanye c nokwenza- lula ukuxazu,"Ngenxa yokudubula, abesifazane ababili ababejolile kuphela balimala, kanti omunye umsolwa udubuliwe enyameni. Awukwazi u"
4741,6593,0.1406,Ukugxila okuyisipesheli emikhakheni ethinteka kakhulu yinhlese yobandlululo kusizile ukuthuthukisa izimpilo zabantu. Izi,"Ngokwesibonelo, ezinye izikhungo zikhombisa izinkinga zokungabi nakho ukuzivumelanisa nezinguquko ezivela ezinhlelweni z"
4279,6532,0.1406,"Nakuba izidingo eziphuthumayo zala mathimba aqokiwe zingahlangatshezwa kulezi zindawo, ngokusebenzisa imizamo ekhona, em","Isingeniso Ukupheka, njengomsebenzi obalulekile, ungomunye wemisebenzi eyinhloko yabantu, futhi unomlando ocebile nezind"
1347,2431,0.1406,b Ukukhathazeka kungatholwa yibo bobabili umama kanye nengane njengomphumela wesikhathi esithathwa ekunceliseni lapho in,"Izinqubo zokuxhumana kufanele ziqinise ukuvumelana phakathi kwezingxenye ezahlukene, ukuze kube neqhaza elingcono ekupha"
5519,7755,0.1406,Lezo zinto zabangelwa yilokho uhlelo elwalukwenza kuyena. Lesi sigungu sikholelwa ukuthi sesifikile isikhathi sokuthi ku,c kumele ihlinzeke ngokuqhathaniswa kwezimali ngezikhathi ezichaziwe mayelana nendlela esetshenziswe; futhi d ihlinzeke 
2892,3388,0.1406,"Loku kuye futhi kwaholela kukuvalwa kwezinhlangano ezinje kanye nokulahlekelwa ngabasebenzi bakwahulumeni, okwaba nomthe","Uma umuntu enza iphutha, kungaholela ezinkingeni ezinjengokuhlinzekwa kwezinsizakalo zokwelashwa okungakuhle, ukungafune"
1856,4598,0.1406,"Uma kuhlanganiswa nezinkinga zangaphandle, ukungaqondakali kwesimo sezulu , izinqubomgomo zomnotho ezivuna abanye, ukung",Inselelo enkulu ukuwenza lo msebenzi ube yimpumelelo futhi uqinisekise ukuthi uqhubeka nokusiza umphakathi ngendlela efa
6210,4568,0.1406,"Ukukhetha izihloko eziphathelene nezimpilo zabafundi, ziphinde futhi zibafundise nokunye abangakwazi, Isib. Ukukhetha iz","Futhi uma sizobe sikhuluma ngalezi zindaba, kufanele siyikhumbule le ndlela esiqhuba ngayo nokuthi yini esizama ukuyenza"
5048,6708,0.1406,Ezempilo zasemsebenzini kulukhuni ukuzibala nokuzilawula njengalo imithelela yomsebenzi empilweni yomuntu kungelula ukut,"Isondlo se-sunflower siyinsimu ebaluleke kakhulu yokukhiqiza uwoyela lapha eNingizimu Afrika, ngokwesiko ikhiqiza cishe "
279,2631,0.1406,"J.2 Umbiko wokuqala wonyaka, nohlonzwe esiqondisweni- III J.1, uyokwethulwa kwisishayamthetho esifanele ngokonyaka wezim","Umthetho Wokunakekela Izilwane, 2003 (Umthetho No. 41 ka-2003). Noma iyiphi inja ebonisa ukuziphatha okungafanele noma e"
3607,2631,0.1406,"a ngokwezimiso zesigaba- 923b zoMthethosisekelo, siyofakela ulwazi olubekwe esiqondisweni- III J.2 noma- J.3 embikweni w","Umthetho Wokunakekela Izilwane, 2003 (Umthetho No. 41 ka-2003). Noma iyiphi inja ebonisa ukuziphatha okungafanele noma e"
6133,1451,0.1406,Kuyinto ephawulekayo ukuthi izilaha zibhekwa njengezindawo zokuhlukanisa okukuzo futhi noma isiphi isilwane esingena kul,"Kubonakala sengathi abanye abasebenzi abamnyama bacabanga ukuthi abantu abamhlophe kuphela abadinga uguquko, hhayi bona."
1741,1453,0.1406,a ukuhlinzekwa kwezinsizakalo okugculisayo nokuqeqeshekile kanye nokuhlinzeka ngemihahiso efanelekile ezisebenzini; kany,"a Izinga lekhwalithi yomoya okufanele kulandelwe, b Indlela izindinganiso nezikhungo zikamasipala okufanele zibhale ngal"
279,1413,0.1406,"J.2 Umbiko wokuqala wonyaka, nohlonzwe esiqondisweni- III J.1, uyokwethulwa kwisishayamthetho esifanele ngokonyaka wezim",Siqinisekisa ukuhambisana nokuphathwa kweMthetho Wamaphakheji yiZiphathimandla ZamaPhakheji. Siqapha futhi sithathe izin
7310,6765,0.1406,"Zini izinhlelo ezifana nalezi esesiziqalile esifundazweni sethu. Ngikhuluma nje sinezinhlelo ezifanayo kwaHlabisa, eMang","Kunobunzima obukhona uma kuziwa ekuphenduleni lezi zinkinga. Abanye abantu basabela ngezindlela ezithile, futhi lokhu ku"
4587,6771,0.1406,Izwe elisathuthuka lidinga ukwenziwa ngcono kwezidingo zabantu kanye nokuqiniswa kwezikhungo zentando yeningi. Sakhe imi,"- Sebenzisa ochwepheshe ezindaweni ezithile ukuze bafundise abanye. - Dala izinsiza ezifanele zokufunda, njengezincwadi,"
511,6746,0.1406,"d Ukuvuma ukwenza izivumelwano, zokwelekelela ngezimali, nezikhungo zezimali kanye nezinye nje izikhungo ezinezinjongo e","Iqukethe izingxenye ezahlukene (iZizwe Ezihlangene ziyibiza ngokuthi ""izigaba""). Ibhalwe ngolimi lwezomthetho ukuze inga"
1145,1450,0.1406,Amaqembu ezepolitiki athola ithuba lokuveza imibono yawo kanye nokubuza imibuzo ngezindaba okokukhulunywe ngazo kule nku,"Ungase uthole indoda ezokuthanda futhi ozoyiphupha njalo. Yebo, Fezile, unethuba lokungabi nenkinga enkulu yomzimba njen"
212,2700,0.1406,I-Peacebuilding Commission izosetshenziswa kodwa izodlala indima ebalulekile esikhathini sezinguquko kusukela esikhathin,"Kuhle ukuthi abantu babe nehloso enembile ukuze bathole ulwazi oluqondile oluhamba phambili. Okwesithathu, ukuxhumana ka"
6159,2700,0.1406,Ukunqanyulwa kwamareyithi kubonakala ngohlangothi lwesimo somnotho njengamanje esikhinyabeza izimboni kuwo wonke umhlaba,"Kuhle ukuthi abantu babe nehloso enembile ukuze bathole ulwazi oluqondile oluhamba phambili. Okwesithathu, ukuxhumana ka"
6974,3433,0.1406,"Lokhu kuyokwenzeka ngaphandle kokuphazamisa isimo somnotho, inqalasizinda yomasipala nenhlalonhle evele ikhona. Uma kune","Izindawo ezifana nezinkanyezi eziphakeme, izihlahla ezinkulu, nemifula emihle zenza kube nezindawo ezikhethwayo. E-South"
6292,7623,0.1406,Ubuwazi nje ukuthi ukuphepha kwemizila yamakhebula kungomunye wemisebenzi yomhloli wezompilo nokuphepha? Kungakapheli iz,"Ukushoda kokwaziswa noma ukunakekela izinsiza zokuvikela kungabangela imiphumela emibi, hhayi kumasipala kuphela, kodwa "
3642,7593,0.1406,UGu kumele lwenganyelwe ngendlela efanele ukuze lenyuke izinga lokuhlomula kuwo onke mathuba aqukethwe uGu. Kodwa ke lol,Lo mbhalo uphinde uhlanganise amafomu adingekayo kanye nezinkokhelo ezihambisana nezicelo zolwazi. Izinhloso ze-DTI ukuh
1231,3474,0.1406,"Ngokuhambisana nesigatshana 3, lowo obefaka imali eSikhwameni kufanele akhokhelwe umehluko phakathi kwenzuzo yokuyobelet","Umthetho Wokuphatha Omdala 38 ka-1927, isigaba 11 (b): Wonke umkakhe owenziwe ngokwesiko (ngaphandle kwabesifazane eKwaZ"
218,2218,0.1406,Ingqubomgomo yezokulawula izindaba ezihlobene nezinhlelo zokwehlisa ubuphofu kanye neyemisebenzi yokuthuthukisa ezenhlal,Uma lesi SIVUMELWANO siphela ngemuva kwenyanga zokuqhathanisa usuku nosuku kusukela ekuqaleni kwalesi SIVUMELWANO (bheka
1145,2219,0.1406,Amaqembu ezepolitiki athola ithuba lokuveza imibono yawo kanye nokubuza imibuzo ngezindaba okokukhulunywe ngazo kule nku,"Ukuphendula Kwezimo Eziphuthumayo Ngezimoto Eziningi Ukuphendula kwezimo eziphuthumayo, ikakhulukazi lapho kuhlangene ne"
1749,6374,0.1406,"Lolu hlelo lufaka ukuklonyeliswa kwamabhonasi okwenziwa komsebenzi, okuhambisana nezilinganiso njengalokhu zibekiwe endi","--- Umbuzo 7: Ingabe kunamathuba angaphezulu okuphucwa umhlaba? Impendulo: Yebo, kunamathuba amaningi okuphucwa umhlaba,"
878,2462,0.1406,"Noma yimuphi umuntu okumele azibhalise kuMlinganisi kumele enze njalo ngohlobo kanye nangokulandela izinqubo ezibekiwe, ","Lokhu kuhlanganisa imikhiqizo yokudla efana nezinhlanzi, inyama, imifino, nezithelo, kanye nemikhiqizo yokuhlobisa, imik"
2684,1761,0.1406,"Sihlalo ohloniphekile, umkhakha wesibili obekwe eqhulwini kulo nyaka wezimali odlule bekuyilowo wokusizwa ngamakhono nok","Lapho siqonda ukuthi umuntu ubamba ikusasa lakhe ezandleni zakhe, sizokwazi futhi ukuthi akusizi ukuhlinzeka umuntu ngen"
1008,1761,0.1406,"Kade sasisho ukuthi indlela enkulu esithola ngayo imali wukwephuca impahla osekuhlulekwa ukuba ikhokhelwe, izinguquko zo","Lapho siqonda ukuthi umuntu ubamba ikusasa lakhe ezandleni zakhe, sizokwazi futhi ukuthi akusizi ukuhlinzeka umuntu ngen"
7284,1726,0.1406,"I.5 Ukusiza ukucwaninga ukuqashwa ezisebenzini zikahulumeni, isikhulu esiphethe siyohlanganisa zonke izikhundla emnyangw","Umuntu ophumile, mayelana nenja esetshenziselwa lowo muntu njengenjini yokuhola, uma le nja ingahlinzekwa yiNhlangano Ye"
3607,1726,0.1406,"a ngokwezimiso zesigaba- 923b zoMthethosisekelo, siyofakela ulwazi olubekwe esiqondisweni- III J.2 noma- J.3 embikweni w","Umuntu ophumile, mayelana nenja esetshenziselwa lowo muntu njengenjini yokuhola, uma le nja ingahlinzekwa yiNhlangano Ye"
5602,6455,0.1406,Lapho kuzwiwa isikhalo iKhomishana yeZikhalo kwisiFundazwe iyokwedlulisela ekutholile kwiKhomishana kaZwelonke yokuHlolw,Imfundo esekelwe emiphumeleni iyisisekelo sesifundo eNingizimu Afrika. Ihloselwe ukuqinisekisa ukuthi bonke abafundi ban
496,6398,0.1406,Akukho daba oluyokwethulwa emkhandlwini noma eKomidini eliKhulu ngayinoma yiliphi ilungu lomkhandlu ngaphandle uma kunje,Lokhu kungavimbela izingozi uma ithuluzi lishayisa. Xhuma yonke imishini ephethwe ngogesi emhlabeni (umhlaba). Sebenzisa
6636,5685,0.1406,Uqhubeka nesiko kwingqikithi yesiko elisaguquka kanye neseliguqukile. Izindlela zemihlahlandlela yokwenza zokubuka izilw,"Ezindaweni lapho umhlaba osetshenziselwa umphakathi wonke, kuvamile ukuthi umndeni othile ube nendawo ethile (lokhu kuya"
738,5673,0.1406,"Ngibhalise eNyuvesi yaseDurban-Westville ngenza iziqu ze-Bachelor of Science, ngigxile kakhulu ku-Mathematics nakuPhysic","Nokho, kunezindima ezimbili ezingeziwe ezidinga uku fulfilled futhi ezibalulekile ngezizathu zokuthuthukiswa. Eyokuqala,"
6488,6453,0.1406,"Ngale kweqhaza lokuhlela olwenziwe phambilini, uhlelo lwentuthuko edidiyele selubonakala njengomsebenzi wokusingatha oma","Kulezi zikhathi, kuchazwa ukuthi imiphumela yokwelashwa akukhona kuphela okufanele kube nemikhuba yokulwa nezifo, kodwa "
4891,400,0.1406,(ama- NGO) emizamweni yazo yokwakha amathuba ezindlela ezisimeme zokuthola ukudla kanye nokuzuza imali emakhaya ahlwempu,"UMphathiswa weMvula neMithi, ngaphansi kwemvume enikezwe yizigaba ezingu-26 (a) no (g), kanye nesigaba esingu-116 esifun"
4188,4304,0.1406,a sithathe zonke izinyathelo ezizwakalayo ukuqinisekisa ukuthi ingabe I-EAP ezokhethwa iyahambisana yini nomthetho 18a n,"Njengokwakha izicwangciso, ngaphakathi kokuhlanganiswa kwalezo zicwangciso, ummeli kufanele azibophezele ekwenzeni imise"
5635,4318,0.1406,Isikhathi sokuvuna siyasondela futhi kusekhona amasimu amaningi agcwele ngokhula. Ukuxoxa kwethu njalo kuyabuyela lokhu:,"Umthetho uthi abanikazi bomhlaba kufanele bathole imali efanele, okuyi-‘just compensation’, uma umhlaba wabo uthathwa. N"
4631,7790,0.1406,"Amabhodi enkasa akhona, amabhodi amanzi ezinhloso zokunisela impahla kanye namabhodi okuphatha amanzi abhekela ukusetshe","- Ubufakazi Bobuchwepheshe: Abahloli baphenyi izinsalela zomlilo, izinsiza zemizila, nezinsizakusebenza zokwakha ukuze b"
5500,523,0.1406,"Ngenkathi siqhubeka sigxile ekugcineni ngendlela ibhalansi yezomnotho ezinkulu , sikhethe ukubheka kakhulu izindaba zezo",Umgwaqo wezokulungisa ulethe umthetho ozovumela umphakathi nezinye izithakazelo ezifana noMnyango wezobuJustice kanye ne
5922,491,0.1406,Ekupheleni kwesikhathi sokuvivinywa emsebenzini induna yesiseebnzi esivivinywayo kumele enze isincomo sokuthi kumele siv,"futhi ngokwengxenye, ngokuhambisana nenqubomgomo yokulingana, engase ibhekelwe, phakathi kokunye, inani eliqinile elitho"
3223,515,0.1406,"Nakuba i-SARS kuwumsebenzi wayo ukubhala imithetho yezentela, lokhu ikwenze ngaphansi kweso nomgomo kaNgqongqoshe wezezi",Izithombe zisitshela okuningi... Isithombe 1: Indawo yokufunda eMalekutu. Isithombe 2: Insimu eduze nendawo yokufunda eM
5261,3294,0.1406,"Ithebula 1 no 2 likhombisa izibalo zeNingizimu Afrika eminyakeni eyishumi edlule, njengamanje nesilindelwe eminyakeni ey","Ngokuvamile, ukuhweba kwezolimo kuyinselele enzima. Futhi singasho ukuthi abalimi bethu abesabi ukusebenza kanzima. Nokh"
8047,685,0.1406,"Umholo ophansi kulesi Sifunda, okwenza abantu bangakwazi ukukhokhela izinkonzo. Indawo ephansi kakhulu amanzi olwandle a","Okwamanje, kukhona impumelelo kwezomnotho, umgomo kahulumeni obanzi wokuhlukahluka okukhulu, izinhlelo zamasu, nezinye i"
262,7656,0.1406,"Nokho, umthetho awuvumeli ithimba elishade ngesilungu lingene komunye umshado wendabuko naye lowo muntu ofanayo. bona is",Inhloso yale bhukwana ukuhola abakhandi bendabuko emsebenzini wabo ukuze kuqinisekiswe ukuthi ukuphathwa kokwahlulelwa k
7465,7621,0.1406,"Ngingathanda ukunamukela, uma kunokungabaza, ukuba niyivule njengoba nenza njengamanje. Amaphoyisa e-SAPS asiza izinkamp","Ukusebenza Kwezikhungo Ngokufana Nama-ATM: Umqondo Wami Namuhla, sithokozisa ubuchwepheshe obusisiza ezimpilweni zethu z"
7791,4637,0.1406,Isitatimende esibukeziwe sohlelo lwezifundo sikazwelonke sikhetha indlela edidiyelayo ngokuthi sigqamise izidingo ezimba,"Lokhu kungabandakanya ukuhlela izabelomali, ukuthola amalungelo, nokuhlinzeka ngezinsiza eziyimfuneko. Abaphathi kumele "
5296,3365,0.1406,f ongaqashelwa ngaphansi koMthetho weziNhlelo zoMasipala isikhundla sokusebenza noma ukufinyelela eZinganeni; noma g ong,"Sebenzisa umphakathi wase-Alexandra njengomfanekiso, uNgqongqoshe uchaze ukuthi le mpucuko enkulu bekumele ihambe ibanga"
267,3346,0.1406,Abantu abavela ngaphandle baqala ngokuba ngabafundi bese bekwazi ukuba ngabeluleki abakhuthazayo. Umnyango wezeNhlalakah,"Ifilimu, njengemifanekiso ehambayo, idlalela indima ebalulekile ekwakheni umbono omusha, isivumela ukuba sihlole izikhat"
1682,1222,0.1406,Uphawu olugqamile lobuliminingi eNingizimu Afrika ukuthi izilimi zomdabu eziningana zikhulunywa ukweqa nemingcele yezifu,"Ingxenye -14 yeMthetho Wokukhuthaza Ukufinyelela Kolwazi ibeka ukuthi, phakathi kokunye, ilungu lomphakathi kumele libha"
7934,6780,0.1406,Ngokwejwayelekile kubaluleke ukuba nezindlela ezihlanganayo zokuvikela ingozi yezilokazane - sebenzisa indlela ehambelan,Ishadi 1: Amanani okwenziwa kwemfertilizer emhlabeni jikelele. Ishadi 2: Amanani omkhiqizo weBrent International crude o
5311,6942,0.1406,Ukuhlanganyela okusha kweNtuthuko yeAfrika kwehlukile kwezinye izinhlelo ezake zenziwa ngaphambilini kusekela intuthuko ,"Lokhu kuzohlanganisa ukuhlela kabusha uhlelo lwabasebenzi, ukubandakanya ozakwethu, nokususa imisebenzi engadingekile. U"
8061,6823,0.1406,"Uma kunento eshiywe emgwaqeni noma endaweni yomphakathi ngokuphikisana nesigaba 2.3.1 (a), iSikhulu Esigunyaziwe singayi","Ukuphathwa kwezihlahla eziphikisanayo kufanele kwenzeke njalo uma kuqala ukulima, uma prepariwa izinkambu zokufaka, nges"
5666,2735,0.1406,Uhulumeni uzoshayela umthetho imigqa yokuhambisa ugesi ukuze kuhlinzekwe ukufinyelela okungacwasi kwizinto ezingaphozelw,"Lokhu kubandakanya ukwakha imigwaqo emisha, ukulungisa lezo ezindala, kanye nokwandisa izindawo zokupaka. Ngaphezu kwalo"
5393,1321,0.1406,Ngikhuluma lapha ikakhulukazi ngemidlalo YeNdebe Yomhlaba kanye nemidlalo ye-Confederations Cup ezodlalwa ezinyangeni ez,ISIMEMEZELO SOKUNEMBA KWEFOMU LELUNGU (GEMS MEMBER FORM ACCURACY DECLARATION) Isingeniso Ngokuhambisana nemigomo nemiban
420,6969,0.1406,Uhlelo lwethu lwemfundo kufanele luvumelane nezimfuno ezinthsa namaqiniso ohlelo oluye luba nzima lwezomnotho zomhlaba w,"Ukukhetha abadlali kudinga ubuchwepheshe obukhulu, njengoba abadlali kufanele babonise izimfanelo ezithile ukuze bazivez"
7690,6977,0.1406,"i lokubonisana futhi enze iziphakamiso; kanye ii nokubamba iqhaza ekwakhiweni kwenqubomgomo, ekusetshenzisweni kwamandla","Kubantu abane-over-nutrition, izimpawu zingafaka ukukhuluphala ngokweqile, izinkinga zokuphefumula, noma izifo ezihloben"
7496,1099,0.1406,"Njengoba sonke sazi, izinselelo ezibhekene nezwekazi lethu yindlala kanye nokuvikela ukungasweleki kokudla. Isifo sofuba","Ukunakekelwa Kwezingane Ezisanda Kuzalwa Ezibhedlela Ukwamukela ingane emhlabeni kuyinto eyinhle, kodwa kukhombisa nezin"
3438,1074,0.1406,Ubufakazi beholo lomphakathi liyabonakala futhi ekwenziweni ngcono okukhulu kokufinyelela ezinsizeni zempilo eziyisiseke,"Ukufaka izinhlelo zokwakha iziteshi zamandla avuselelekayo, kuthuthukisa ukuhlinzeka kukagesi, kuqinisekisa ukuthi abant"
6377,1090,0.1406,Yingakho efuna uHenk aphendule imibuzo embalwa. Umqondisi Jenene Simelane wanikeza umphakathi inombolo yeselula yakhe ye,"Iqembu lokuphendula, elihlanganisa abashayela, iziphathimandla, abezokwelapha, nabanye ochwepheshe, kumele lisebenze ngo"
1776,7059,0.1406,"Ukwaziswa okubalulekile okukula maqoqo kuba yingxenye yamagugu ahlanganyelwa yizwe lonke. Abathenga ngaphandle, abatheng","Amalungelo Abantu Besifazane: Isidingo Sokuphakanyiswa Nokuhlonishwa Emhlabeni wanamuhla, amalungelo abantu besifazane a"
1453,2830,0.1406,"I-LiEP ibhekene nalezi zindaba ezifana nolimi/nezilimi zokufunda nokufundisa ezikolweni zikahulumeni, ohlelweni lwezifun",Ezolimi - Umcimbi Wokuhlonipha Ubulili Nezizwe Umcimbi wokuhlonipha ezolimi uhlelelwe ukuba ube yisikhumbuzo sokuhlobana
2487,5241,0.1406,"a kufanele abe nolwazi olwanele lwezomthetho, lobuchwepheshe, lwezamabhizimisi, lwezomnotho, lwezentuthuko kanye nolunye","Ngaphezu kokuba nesikhundla sokuhlela esasunguliwe ngaphambili, i-IDP ivele njengensiza yokuphatha yamamasipala futhi nj"
1761,5223,0.1406,Izinyathelo ezithathwe ohulumeni besifundazwe kanye nabasekhaya ekunciphiseni imithetho enezivimbelo kanye nezimo zokuph,"Izinsizakalo Zezimo Eziphuthumayo Ngemva Kwezikhathi Zamahloli Isingeniso Ngenkathi zamaholide, abantu bavame ukuhamba, "
4188,5200,0.1406,a sithathe zonke izinyathelo ezizwakalayo ukuqinisekisa ukuthi ingabe I-EAP ezokhethwa iyahambisana yini nomthetho 18a n,"i futhi kuzoletha izinguquko kumali ezikhokhwayo, amaholo, noma kuzoletha izinguquko ezingeni noma izinga lokusebenza ii"
2764,1104,0.1406,Uhlu lonke lolwazi kumele lwenganyelwe ngokubhekwa kwesu eliqondile ngokuphathelene nokuthuthukiswa Kwesayensi Yezindaba,Yiziphi izinqubomgomo ezikhuthaza ukubamba iqhaza komphakathi? Yiziphi izindawo ezibalulekile ezidinga ukubamba iqhaza k
6305,1184,0.1406,Nokwakha iNingizimu Afrika ebuswa ngentando yeningi nebumbene futhi ezokwazi ukubamba iqhaza layo elifanele njengombuso ,Lokhu kungaholela ekutheni uhulumeni noma izikhungo ezizimele zibe nezinselelo zokuphatha izinsiza ngendlela efanele. Um
5756,1381,0.1406,"Uma kukhona isclerotia ezimbewini, kwehlisa igredi nentengiso yomvuno. Izihloko ezigulayo zivama ukufehleka ensimini bes","Ukuwa kwehlisa inani lezimpande, ikakhulukazi ngoba izimpande zikh light. Izitshalo ezithintekayo ziwela kalula uma kuno"
5035,4682,0.1406,"e ukudla noma ukuthatha impahla yengane enganyakazi, kuhlangene nelungelo noma ubunini bempahla enganyakazi. b ngobambis","Abafundi baqala ukukhula ngokomzimba, futhi izinga lokusebenza kwabo ezifundweni lenyuka. Lokhu kwaba yimpumelelo enkulu"
391,7548,0.1406,Ngokwesikhashana ngizokwamukela ngokusemthethweni izithunywa ezisuka kukhomanda omkhulu we-MK. Njengoba imbongi yaseNing,"Umdanso: Iziqu zokuDansa Ngendlela Ekhanyayo Isingeniso Umdanso, okungukuthi, umkhuba wokuhamba nokuziphatha ngempela, u"
935,7485,0.1406,Ukuqaphelisisa amagama nezakhiwo zohlelo abazijwayele besesezingeni eliyisisekelo. Ukufunisisa indlela ulimi olwengeziwe,"Sicela ubike zonke izifo zokukhulelwa ezibulalayo ezenzeka endaweni yakho. Xhumana neklinikhi, isibhedlela, noma inhlang"
4280,7481,0.1406,Isiqundu 195 (a) soMthetho siSekelo sidinga ukuba kukhushulwe futhi kugcinwe izinga eliphakeme lokuziphatha ngokulungile,"Isibopho Semiphumela Yokwelashwa (GEMS Treatment Outcome Responsibility) Umbuzo 1: Yini iGEMS? IGEMS, noma iGlobal Evalu"
5313,7377,0.1406,"Lokhu kwenza ngcono isidingo sokuthi izindawo ezisemadolobheni zihlinzeke ngosizo kulabo ababethembele kuzona, okuphinde","Lapho befika emkhakheni wombhoxo, bamtshela ukuthi bafuna ukwenza uthando naye njengoba behambe naye ibanga elide. Asiza"
6305,793,0.1406,Nokwakha iNingizimu Afrika ebuswa ngentando yeningi nebumbene futhi ezokwazi ukubamba iqhaza layo elifanele njengombuso ,Izindlela zama-internship zabafundi abaphothule Izinhlelo zama-internship zibalulekile ekuthuthukiseni amakhono nolwazi 
6419,838,0.1406,"Zonke izisebenzi zimele ziqaphelisise ukuthi zisebenzela injongo eyodwa efanayo, ewukusebenzela uHulumeni obusayo kanye ","Lokhu kudinga ukubambisana phakathi kwezinkampani, uhulumeni, kanye nomphakathi ukuze kuqinisekiswe ukuthi imfucuza ipha"
83,7572,0.1406,"Funda ngamaphutha akho esikhathi esedlule uphumelele kulokhu. Nquma usuku ozoyeka ngalo ukubhema. (Musa UKUZAMA ukuyeka,","Izinsizakalo Zezimo Eziphuthumayo Ngaphakathi Kwezikhathi Zamaholide Ezikhathini zamaholide, lapho abantu bezithokozisa,"
5150,4813,0.1406,"Imisebenzi yeKhansela leSifunda leZempilo kuzoba ukuqhubekisa ukubusa ngokubambisene, ukuqinisekisa ukusiza ukuhlela, uk",ukwenza ikhophi yohlelo olukhona itholakale ukuze kuhlonishwe futhi kuqoshwe ngezikhathi ezifanele nganoma yimuphi umunt
7264,383,0.1406,Akukho malungelo alowo onemvume yokusebenzisa irenki yamatekisi noma yamabhasi ngaphansi kwale Mithetho ayovimbela uMkha,Ukwenza isinqumo mayelana nesicelo sakho. UKomishana weMihla Yezakhamuzi. ukuqoqa izintela; nokulawula ukufika kwezimpah
4133,334,0.1406,"Ngaphandle kwezilimi ezisemthethweni eziyi-11 (ishumi nanye), Umthethosisekelo wazisa nezinye izilimi ezifana ne-Nama, i",Uhulumeni waseZimbabwe ugxile ezinkingeni zawo. Lezi yizifiso engizizwe lapha okokuqala. Iziphakamiso ezibhekiswe kumphe
4928,341,0.1406,Umkhakha wezimayini yiwona kuphela onezinga lokukhula elingelihle elalinganiselwe ngokusekela kunyaka. Ubeka phambi kwam,"Mphathi ohloniphekile weDolobha laseGu, uMphakathi S. Mphathi, umnyango wami ugcizelela ukubaluleka kwasekhaya kanye nok"
7252,318,0.1406,"Ingxube yo-curry abanongiwe, ama-cloves, u-ginger kanye nelayisi okucwiliswe kwiy-gathi ubusuku bonke, kutholakala kumak","Abahlali bezindawo ezichazwe esigabeni (3) noma izindawo lapho noma iyiphi ibhizinisi, umsebenzi noma ukuhweba kwenziwa "
6142,3616,0.1406,Kanjalo nokungabaza ngesimo sezepolitiki nakho kungadala imibuzo eminingi engaphezu kwezimpendulo ezikhona njengamanje. ,Ukuhlinzeka ngokuqeqeshwa kwabantu mayelana nemiphumela yemililo yasendle kuzobasiza ukuba baqonde izinzuzo nemiphumela 
1635,4287,0.1406,Isikweletu/Abathengi abasebenzisa izigubhu zogesi wesikweletu: laba ngabathengi abasebenzisa ugesi ngesikweletu bese kuf,Ezokwakhiwa Kwengqalasizinda: Umgomo Wokuthuthukisa Izwe Ezokwakhiwa kwengqalasizinda ziwumgomo obalulekile emhlabeni wa
3526,4282,0.1406,Lokhu sizokwenza ngaphakathi emNyangweni nasemiphakathini. Uhlelo lwethu lokunakekela abasebenzi kanye nalolo olukhuthaz,"Umlando wephrojekthi yeMthombo Oil Refinery I-Mthombo Oil Refinery iyiphrojekthi ebalulekile eNingizimu Afrika, eyaziwa "
1761,3732,0.1406,Izinyathelo ezithathwe ohulumeni besifundazwe kanye nabasekhaya ekunciphiseni imithetho enezivimbelo kanye nezimo zokuph,"Ukuze kuqinisekiswe ukuthi lezi zindlela ziziphumelelayo, izikhungo zidinga ukuhlela izinhlelo ezikhethekile ezihlinzeka"
7465,3690,0.1406,"Ngingathanda ukunamukela, uma kunokungabaza, ukuba niyivule njengoba nenza njengamanje. Amaphoyisa e-SAPS asiza izinkamp","Nakuba kukhona isigaba 2, uma amalungu eMpi efisa, angabekwa ezandleni zikaNobhala Wezokuvikela ukuze angene ezikhundlen"
4875,3692,0.1406,Lokhu kuyasiza ikakhulukazi lapho isiguli singakwazi ukudla ukudla okuningi. Iziguli kufanele zikhunjuzwe ukuthi amafuth,"Usweleka Kodokotela Ezibhedlela Zikahulumeni: Isimo Esikhathazayo Ezibhedlela zikahulumeni eNingizimu Afrika, kudlula em"
3304,6226,0.1406,Masisebenzise lo mhlangano omuhle kakhulu ukuqinisa ukuzinikela kwethu ekusebenzeni ngendlela efanele kanye nasekuqalisw,Ngimi lapha phambi kwabantu baseNingizimu Afrika ngenkululeko ngesikhathi engithole khona ithuba lokubamba isikhundla es
7284,2315,0.1406,"I.5 Ukusiza ukucwaninga ukuqashwa ezisebenzini zikahulumeni, isikhulu esiphethe siyohlanganisa zonke izikhundla emnyangw","Lokhu kusho ukuthi udokotela uhlinzeka ngesitifiketi ngokuya ngemiphumela yokuhlola, noma ngenxa yolwazi olutholakele ku"
4188,1784,0.1406,a sithathe zonke izinyathelo ezizwakalayo ukuqinisekisa ukuthi ingabe I-EAP ezokhethwa iyahambisana yini nomthetho 18a n,Isivumelwano kumele siqinisekise ukuhlela kwabasebenzi abakule khabhinethi ephethe ukuhlinzeka ngamanzi abahilelekile ek
8174,1808,0.1406,Ukwehla kakhulu kwabangwa ukwanda ngokushesha kokusetshenziswa kwezimali zokuxhasa umphakathi kusukela ngo-2002 ukuya ph,"Ukukholelwa kwabanye kwezinkolo nemiphakathi, u-Tutu ukhonjiswa ukubambisana kuyo yonke imigqa noguquko oluhlukahlukene."
5275,6359,0.1406,Isisebenzi sizama ukuzijwayeza kanye nokuvumelana nayo yonke imithetho neminye imiyalo ekhona ephathelene nokuziphatha k,Umphakathi Nezikhungo Zezempilo Izikhungo zezempilo ezingama-72 zibhala indima ebalulekile ekwakheni umphakathi onempilo
3331,4781,0.1406,Isekela Lomphathihhovisi Lolwazi kumele lazise umfaki sicelo (ngaphandle kozicelela ngokwakhe) ngezidingongqangi zokukho,"Njengoba sikhuluma, kufanele sihlale sikhumbula ukuthi sizama kanjani ukusiza imiphakathi yethu. Lokhu kudinga ukuba sib"
6990,4778,0.1406,C.2.3 Noma yisiphi isikhundla esivulekile esisezingeni le-SMS siyomenyezelwa ezweni lonke. a noma yikuphi enkonzweni yez,IMnyango Wezempilo ukhuthaze amadoda ukuthi nawo asebenzise uhlelo lukamasipala lokuthola imishanguzo mahhala. Naphezu k
1071,4751,0.1406,"I-CPI ibandakanya izinkomba eziningi, ukuvala isihloko samandla emali, amandla emali nokwehla nokwenyuka kwamandla okudl",Kodwa lezi zinqubomgomo zimele ukuzibophezela kukahulumeni ukuze kubhekwe ngqo ukuntuleka kwezindlu futhi kuqinisekiswe 
7496,3079,0.1406,"Njengoba sonke sazi, izinselelo ezibhekene nezwekazi lethu yindlala kanye nokuvikela ukungasweleki kokudla. Isifo sofuba","Lokhu kuxhunyaniswa nokukhuthazwa kwempilo yesifunda, isimo somnotho, kanye nezidingo ezithile zomphakathi. Ukuvezwa kwe"
3593,3048,0.1406,Umhlangano wemukela njengerekhodi eliyiqiniso lalokhu okwakubhungwe ngakho. Azibanga biko izindaba ezivuka emaminithini.,"Ukuhlukunyezwa kwengqondo, ukuhlaselwa kwemizwa, noma ukuhlukunyezwa kwamazwi: Umjikelezo ophindaphindiwe wokuhlukumeza "
7685,3055,0.1406,Ngicela ukubonga bonke abakhokha intela ngokusebenzisana nathi kwabo kanye nokuqonda kwabo ngesikhathi sokuhlanganiswa k,"Ngokwesibonelo, kubalulekile ukusho ukuthi kunobunzima obubonakalayo kulabo abadinga ukwelashwa okuphuthumayo, ikakhuluk"
413,4995,0.1406,"Ukuze kuthuthukiswe umsebenzi owenzelwa ababuthakathaka njengabantu abadala, abesifazane, nentsha, sizobuyekeza amakomid",UThando Mthembu: Ukuqeqeshwa kubalulekile ngoba abezimo eziphuthumayo kumele babe nolwazi olunembile nokuqonda izindlela
2895,5066,0.1406,Ukunikezela amamaki ezinga lokusebenza konyaka: Ukunikezela ngamamaki okwenziwa komsebenzi konyaka njengengxenye yokuhlo,Lokhu kungase kwenzeke ngokusebenza ngenhloso yokuhola inhlangano nokuphatha ngendlela efanele noma nje ukuphatha; njeng
7027,5002,0.1406,"Uqale ngomhlabathi - wase walima waphinda wakhetha isitshalo ofuna ukusitshala, waphinda wakhetha uhlobo lwaleso sitshal",Izimo ezisemqoka zomthetho zivezwe kule mthetho. b 'Bid' ibhekisela esicelweni esibhaliwe ngendlela ethile noma esivezwe
3193,3117,0.1406,Ukuguquka ukusukela kwindlela yokubuka izinto ngokusekela kwizinsiza ukuya kwindlela yokwenza izinto ngokusekela kubantu,"Izimpawu ze-GPS, izinhlelo zokuxhumana, nezinhlelo zokulandelela zenza kube lula ukusebenzisa ama-ambulensi ngokushesha "
552,3129,0.1406,b izimali eziqokelelwe ngaphansi kwesigaba 5B soMthetho Kagesi; kanye c namalevi afakelwa wuMthetho noma ngaphansi koMth,"Ukuhlanganisa nokuhlela imithetho ephathelene nokubhekelela nokubhekelela izikhungo zokuhweba ezimakethe zezimali, ukuhl"
4814,2974,0.1406,Njengamanje sinamabhodi angu 60 anomsebenzi wokubhekelela kanye nokuqinisekisa ukuthi izibhedlela ziyazilandelela izidin,"Ngokuhamba kwesikhathi, umnotho wethu uxhunywe nezobuchwepheshe beselula. Uhlelo lokusebenza lokuphayona, amabhizinisi a"
3450,2985,0.1406,Lokhu kungathandisisi okubonakalayo nokuhamba kancane kwezinguquko ezinhlanganweni eziningi ezixhaswe ngemali kusho ukun,"Umhlaba Wokwazi Ngolunye usuku, uSipho, umfana owayenothando olukhulu ngezinto eziphilayo, wanquma ukuya emkhakheni wezo"
7706,5111,0.1406,"Inqubomgomo ingethuthukisa ngokwemvelo yayo kanti nesisekelo sokufaka kukontileka ngezokubambisana kunesokungqubuzana, u",Ulwazi lwezezimali olungasetshenziswa olungaholela ekukhuleni kwezimali okungapheli ludinga ukukhuthazwa nokuthuthukiswa
2354,5118,0.1406,"Ukukhululwa ekulandeleni umthetho kusho ukukhululwa kuzimiselo ezithize zoMthetho, imithethozimiso, izaziso noma imiyalo",Sinomsebenzi okumele uqedwe phakathi kwezinsuku ezi-3 zokusebenza ngemva kokufaka isicelo sezinqubomgomo 11.04. Ngokuqon
4556,5098,0.1406,"Umsolwa washintsha amapuleti endleleni ngesikhathi ehambisa izinto. Uma onke amathenda esehlukanisiwe, izinga lokusebenz","Lokhu kuholela ekwehleni kokutshalwa kwezimali, okwakha isithombe esibi semigomo yokukhula komnotho. Ukwanda kokungabi n"
1897,5062,0.1406,"Ama""Activity Spines"" ajwayele ukubizwa ngama""Corridors"" entuthuko, kanti avame ukuba emigwaqeni emikhulu esuka noma eya ","Abantu abaningi baphendula ngokunciphisa izindleko zabo, okungaholela ekwehleni kokuthengwa kwezimpahla. Lokhu kubangela"
1797,5066,0.1406,Ukunikezela amamaki ezinga lokusebenza konyaka : Ukunikezela ngamamaki okwenziwa komsebenzi konyaka njengengxenye yokuhl,Lokhu kungase kwenzeke ngokusebenza ngenhloso yokuhola inhlangano nokuphatha ngendlela efanele noma nje ukuphatha; njeng
883,2992,0.1406,"Umqashi umqasho wakhe, noma umqashi ongumsebenzi njengoba kuchazwe kuMthetho wezokuBunjwa kaBusha ezeMihlaba abaqashi ab",nakho konke okuhlobene nezintela; namandla anikezwa uNgqongqoshe ngokuhambisana nale mithetho engenhla; nokweluleka uNgq
668,7303,0.1406,Sisasebenza kahle ukuhlangabezana nezibophezelo zethu futhi sizimisele ukunikeza umhlaba Indebe Yomhlaba engakaze ibonak,Gwema ukusondela eduze kwabantu abangase babe nesifo. Nciphisa isikhathi osichitha ezindaweni ezinamahlalakhona. Zilungi
2637,3264,0.1406,Lezi zinhloso ezilandelayo zingazuzwa yini nge- 2004/05 ngaphandle kokudambisa umfutho/igalelo elifanele le-SANDF? Angih,Ukunakekelwa Kwezingane Ezisanda Kuzalwa Ezibhedlela Ukunakekelwa kwezingane ezisanda kuzalwa ezibhedlela kubalulekile e
267,3219,0.1406,Abantu abavela ngaphandle baqala ngokuba ngabafundi bese bekwazi ukuba ngabeluleki abakhuthazayo. Umnyango wezeNhlalakah,"Ukushoda kwamanzi, ikakhulukazi ezindaweni ezithile, kube yinkinga enkulu, ikakhulukazi ngenxa yezinguquko zesimo sezulu"
3135,3246,0.1406,"Qaphela ukuthi uma irekhodi lingatholakali ngolimi wena oludingayo, ulwazi lungatholakala ngolimi irekhodi elitholakala ","I-NEMA ichaza imvelo njengendawo yemvelo nezomzimba, izici zamasiko, nezinto ezithile ezithinta impilo yomuntu noma ukup"
6610,3212,0.1406,"Okusanhlamvu nenyama ""lehlakore"" nezinye izipho njengotshwala okusetshenziswa ngemicimbi ethile kuthathwa yinkosi ukuze ","Isikhathi esibalulekile sempilo ye-piglet siqala ekuzalweni kuze kube sekuvunyelweni. Ngokuvamile, ama-piglets amabili a"
6159,956,0.1406,Ukunqanyulwa kwamareyithi kubonakala ngohlangothi lwesimo somnotho njengamanje esikhinyabeza izimboni kuwo wonke umhlaba,"Ukusebenza Kwezikhungo Njengama-ATM Ngiyabingelela! Ngabe uzitholele ukuthi izikhungo zethu zisebenza kanjena, njengezik"
5789,6054,0.1406,Laba badlali futhi bazophinde bathwale ifulegi lamazwe abo bese becula ihubo lesizwe ngaphambi kokuba kudlalwe nanoma im,"Ngesikhathi sokwenziwa komsebenzi, abasebenzi kufanele bathole umlayezo kubaphathi ukuze bafunde; lokhu kusiza ekunikeze"
3362,5991,0.1406,Imithi ibhekwa ngokucophelela ukuze kutholakale imiphumela eyiyo. Odokotela nabasebenzi baselabhorethri bayaqinisekisa u,Abaphathi baphathiswe (ngokweSigaba 66 seCensus ka-2008 sabaphathi ka-2009) ukuba banikeze ulwazi oluqondile nolufanele 
7361,2125,0.1406,Ngakho abathengi kufanele bavumele umphakeli kagesi noma lowo oqokwe ngumphakeli ukuba anikwe ilungelo lokungena ngenhlo,"Isingeniso Ukulimala kwezemidlalo kuyinto evame ukwenzeka ezindaweni zokudlala, ngakho kubalulekile ukuthi siqonde izind"
3714,2131,0.1406,Ukuhlola okuqondile kwenkinga yokho kuzokusiza ngezindleko zakho lapho ubulala ukhula. Kuhle ukwazi ukuthi lingakanani i,"I-sunflower iyinsimu ebalulekile yokukhiqiza uwoyela lapha eNingizimu Afrika, ngokwesiko ikhiqiza cishe ama-ton angama-6"
1860,5733,0.1406,"Ngahlangana noVusile, ngoMkotcho. Amalungu esikhungo ethamela inkomfa ye-Risk Based Approach to AML CFT. UPelo kanye nab","Ngakho-ke, ukubambisana esikwenza ezingeni likazwelonke, ezindaweni, kanye nohulumeni bendawo kuzodlala indima ebaluleki"
7424,2306,0.1406,Ubufakazi beholo lomphakathi liyabonakala futhi ekwenziweni ngcono okukhulu kokufinyelela ezinsizeni zempilo eziyisiseke,"Dkt. Mthethwa: Yebo, kunezizathu eziningi. Abanye abazali bangase babe nezinkolelo ezithile ezibavimbela ekugonyeni, nom"
3438,2306,0.1406,Ubufakazi beholo lomphakathi liyabonakala futhi ekwenziweni ngcono okukhulu kokufinyelela ezinsizeni zempilo eziyisiseke,"Dkt. Mthethwa: Yebo, kunezizathu eziningi. Abanye abazali bangase babe nezinkolelo ezithile ezibavimbela ekugonyeni, nom"
2773,6163,0.1406,"Abaphathi kuwowonke amazinga nabo bazibuza njalo ukuthi imisebenzi eyenziwa izinxenye abaziphethe, ngabe inomthelela ekw","Ikakhulukazi, lokhu kubala okuhle akusayo kuphela ukwakheka kwemiphumela yokwelashwa kodwa kuhlobene nokwethula umkhanka"
215,1906,0.1406,"Lokhu kubangwa wukuthi uma ingane ithatha isikhathi eside ukuncela, ishisa amakhalori ngenkathi incela kunalawo okumele ",Ubudlelwano obuphephile kusho ukusebenzisa i-condom ngaso sonke isikhathi. Ubudlelwano obuphephile kusho ukuthi ithanga 
1678,1927,0.1406,Umzali onesibophezelo namalungelo mayelana nengane angaqoka umuntu ofanele njengomzali ongumfakela bese enika lowo muntu,"Kuyiqiniso elaziwayo ukuthi izwe lethu, njengamanye amaningi emhlabeni, libhekene nokwehla komnotho. Igama elithi ""ukweh"
1594,1903,0.1406,"Ukuze kulungiswe lokhu, amazwe kufanele ahlanganise ezolimo, ezempilo, ezemfundo ze-NEPAD kanye namakhono entuthuko, ama","Izinsizakalo Zokubeletha Ezibhedlela Ukubeletha kuyisigcawu esibalulekile empilweni yomuntu, futhi izinsizakalo zokubele"
6314,6179,0.1406,Lo mhlahlandlela ubhalelwe ukubhekela ezempilo nokuphepha kwabasebenzi eNingizimu Afrika. Inhloso yawo ukuchaza uMthetho,I-SARS iqukethe inani elikhulu lolwazi eliqoqa ngesikhathi ikwenza imisebenzi yayo yansuku zonke yokuhlanganisa imali ye
3388,2184,0.1406,Faka isiliphu somholo sakamuva noma incwadi esho ukuthi uqashiwe uma ungumsebenzi omusha. Sicela ufake isitifiketi sobul,"Umuntu, inhlangano, noma ikomidi elikhuluma ngalesi sigaba 20 soMthetho, ofuna ukulethela udaba phambi kwenkantolo noma "
1780,5758,0.1406,Ukuhlonipha ngenkani ukuzila kukhombisa ukuthi umuntu uthobela ezimfuno zikaNkulunkulu u-Allah. Umbukiso odume kakhulu u,"Okwesithathu, ukuhlinzeka ngoxhaso lwezimali ezinhlelweni zokuphatha imfucuza kubalulekile. Lokhu kungahlanganisa ukuxha"
135,1932,0.1406,"Inezimpawu ezikhethekile zalowomkhakha. Ukwakha ulwazi olwanele namakhono kwezobuchwepheshe nobunjiniyela, ngenhloso yok","Lokhu kunciphisa isikhathi sokuphendula ezinkingeni, okuholela ekwenzeni ngcono ukusebenza kwe-Eskom. Izinkinga Nezinsel"
1926,330,0.1406,"Lona kube umnotho ohaqwe yizinkinga ezinkulu ezisesakhiweni, okuhlanganisa ukungalingani okukhulu kokwabiwa komnotho, im","Lokhu kuzokwenza kube lula kubantu abaninzi ukuthi bakwazi ukukhokha, futhi kuzokhulisa uxhaso lwe-SABC. Ngaphezu kwalok"
2582,330,0.1406,Isisebenzi singaqala kuphela emsebenzini emasontweni ayisithupha ngemuva kokuzalwa kwengane ngaphandle kokuba udokotela ,"Lokhu kuzokwenza kube lula kubantu abaninzi ukuthi bakwazi ukukhokha, futhi kuzokhulisa uxhaso lwe-SABC. Ngaphezu kwalok"
3898,7795,0.1406,"Ngifuna nje ukukusho lokho ngokuphelele, futhi ngifuna ukunifundela lokho iMantshi ekushoyo embikweni ewutholile, futhi ","Ezokumbiwa Kwezinsiza: Ingxoxo Ngemiphumela Nezindlela Zokuphila Ezokumbiwa kwezinsiza, noma ""resource extraction"" ngesi"
3265,349,0.1406,Ibutho 5: Kungani inkosi ingaganwa izale izindlalifa ezizothatha ubukhosi bayo? Ross: Uphi ukaputeni King Kufanele ngabe,"Ukwephula umthetho kungaholela ekutheni kube nokuphathwa ngokushesha. Uma inqubo ethile iphuliwe, umqashi anganikezwa it"
6751,933,0.1406,"Kwezokuthutha, sizokhanda futhi sisabalalise ubuxhakaxhaka bemigwaqo yethu. Sizokwenza isiqiniseko ukuthi ubuxhakaxhaka ",Ukutholakala Kukagesi Emakhaya: Izinguquko Nezinselelo Ukutholakala kukagesi emakhaya sekubalulekile empilweni yabantu a
3457,914,0.1406,"Sekusungulwe izinkantolo ezintsha ukuze kwandiswe indlela yokuthi abantu bafinyelele kubulungiswa, njengezinkantolo zoku",### Izinsizakalo Zokubeletha Ezibhedlela: Ukubaluleka Kwezokwelapha Nezidingo Zabantu Umhlaba wabesifazane abakhulelwe u
2556,3143,0.1406,I-NSI ibona ukuthi ukuqamba kungenzeka kuphela kubantu kanye nemiphakathi eqambayo ngaphakathi kwendawo ekuvumelayo egqu,"Kusho ukuthi, ukuthola imfundo oyithola emkhakheni wakwaHulumeni kudala izinga eliphezulu lokuwina izifundo ezinzima, ez"
6751,7394,0.1406,"Kwezokuthutha, sizokhanda futhi sisabalalise ubuxhakaxhaka bemigwaqo yethu. Sizokwenza isiqiniseko ukuthi ubuxhakaxhaka ",Izinhlelo Nezithombe Ezitholakala Ngendlela Ehlukile Kuyathakazelisa ukuthi izinhlelo zokubuyekezwa zigcizelela umqondo 
7912,956,0.1406,Laba bantu baseNingizimu Afrika bamelele ithemba kanye nokubekezela okuyisibonelo sesizwe sethu. Yilaba kanye nabanye ab,"Ukusebenza Kwezikhungo Njengama-ATM Ngiyabingelela! Ngabe uzitholele ukuthi izikhungo zethu zisebenza kanjena, njengezik"
4847,3143,0.1406,UMongameli Motlanthe wacusa iqembu elikhulu lezwe likanobhutshuzwayo - iBafana Bafana - mayelana nokudlala kwalo okudand,"Kusho ukuthi, ukuthola imfundo oyithola emkhakheni wakwaHulumeni kudala izinga eliphezulu lokuwina izifundo ezinzima, ez"
2539,3146,0.1406,"Lokhu kuchaza ukuthi, ukulandela uMthetho siSekelo isisebenzi seSizwe kumele siqiniseke ukuthi izinqumo ezithathwayo kan","Ezokusebenza Kukahulumeni: Umhlahlandlela Wokusebenza Isingeniso Ezokusebenza kukahulumeni, noma ezokuphatha, ziwumgogod"
3156,3155,0.1406,"Okokuqala, lolu Phiko lukwazile ukuthola ukungabikho kokwehlukana ngokwethulwa kwenonzi e-Iran. Uhlala edla isidlo sasek","Ukuze umphakathi uphumelele ekufinyeleleni imiphumela engcono, kudinga ukuba kube nezinsiza ezanele, ezihlanganisa kakhu"
5182,4921,0.1406,Kumele ubudlelwano emhlabeni wonke buqhutshwe ezweni eliguqukile ngokuqavileyo eminyakeni eyishumi eyedlule. Qhathanisa ,Ukwakhiwa kwendawo yokusebenza esekela abasebenzi abaphila ne-HIV ukuze baqhubeke nokusebenza ngaphansi kwezimo ezijwaye
134,4856,0.1406,ISikhwama Sokuthuthukisa sigxile ekubhekeleleni ikakhulu imakethe ye- SME futhi sihlelwa ngendlela yokuthi zonke izinhla,Kumele baphakamise abalimi abasafufusa abazophumelela. Kuvame ukuba nabantu abathembela kuphela enhlanhleni kodwa bengen
447,3171,0.1406,"Ukuba esimweni sokusebenzisa amasu akho akusasa nokuthola imigomo yebhizinisi lakho, kudingeka ukuthi uhlanganise kahle ","Uma iziguli zikhuluma ngendlela ecacile, udokotela uyakwazi ukuhlola izinkinga ngendlela engcono. Lokhu kwenza kube lula"
7504,3176,0.1406,"Yenza ngcono ukufinyelela kwezamandla kanye nezinsiza ongathembela kukona, okukwaziyo ukuzimela ngokwezezimali, okwamuke","Ukusebenza kwe-Eskom: Izinkinga Nezixazululo Ngokubheka izimo ezinzima ezibhekene ne-Eskom, kubalulekile ukuthi sithathe"
3624,1065,0.1406,"ukuhlanganiswa kohlelo nemibiko kwezimali nokusebenza ngokoMthetho wezokuPhathwa kweziMali zikaHulumeni, 1999 uMthetho N",Umuntu ophakanyisiwe ukuba abhekele inkantolo yokulingana kumele enze imisebenzi futhi angasebenzisa amandla anikezwe yi
7424,1074,0.1406,Ubufakazi beholo lomphakathi liyabonakala futhi ekwenziweni ngcono okukhulu kokufinyelela ezinsizeni zempilo eziyisiseke,"Ukufaka izinhlelo zokwakha iziteshi zamandla avuselelekayo, kuthuthukisa ukuhlinzeka kukagesi, kuqinisekisa ukuthi abant"
5519,1005,0.1406,Lezo zinto zabangelwa yilokho uhlelo elwalukwenza kuyena. Lesi sigungu sikholelwa ukuthi sesifikile isikhathi sokuthi ku,"Ngalesi sikhathi, ukusetshenziswa kwezinhlelo zokuxhumana eziphumelelayo kuholele ekwandeni kokufinyelela kolwazi, okwen"
5313,1000,0.1406,"Lokhu kwenza ngcono isidingo sokuthi izindawo ezisemadolobheni zihlinzeke ngosizo kulabo ababethembele kuzona, okuphinde","Ukwakhiwa Kwezindlu ze-RDP: Ukwazisa Ngomcimbi Obalulekile Ngomhlaka 15 kuNhlangulana 2023, umphakathi weNingizimu Afrik"
5983,7255,0.1406,"Ngokulandela imithetho elawula abasebenzi bakahulumeni , uMqondisi-Jikelele kufanele aqashe isikhulu sezicelo, ukuze sis","ngizokhokha kwiKhansela isijeziso, izimali ezichaziwe zokwakhiwa, kanye nezindleko zencwadi ebhalwe noma ngizohlela neKh"
6488,7850,0.1406,"Ngale kweqhaza lokuhlela olwenziwe phambilini, uhlelo lwentuthuko edidiyele selubonakala njengomsebenzi wokusingatha oma","Lokhu kungaholela ekwandeni kwezinga lokungasebenzi, okukhathaza umphakathi, ikakhulukazi abantu abasha abafuna umsebenz"
6909,4024,0.1406,Abantu besifazane bangaphezu kwesigamu sabantu baseNingizimu Afrika yingakho-ke kumele amazwi abantu besifazane kumele a,Ungafaka kanjani isicelo se-Protection Order? Ikunikeza i-Order noma cha. Izinsiza abangakweluleka ngazo mayelana nalokh
6419,7910,0.1406,"Zonke izisebenzi zimele ziqaphelisise ukuthi zisebenzela injongo eyodwa efanayo, ewukusebenzela uHulumeni obusayo kanye ","29 ka-1993, ophakamisa ukujolisa emandleni nasekuphathweni kwekhwalithi embonini nasezohwebeni futhi uphinde ulandelele "
780,7908,0.1406,"Ngesikhathi sasehlobo sizama ukulethela abalimi izibonakaliso lapho nabo bazame ukwenza umsebenzi wokulima, futhi ukubiz",Yini ukuphathwa kolwazi? Ukuphathwa kolwazi kuyindlela yokusebenza kwezindawo ezahlukene ezisiza iminyango nezinhlelo uk
3311,7927,0.1406,Amalunga endawo ayaxhumana nomholi wawo (okhethwa yiwoma amalunga) yena unendlela yokuxhumana nesiteshi samaphoyisa. Lok,"Izinyathelo zokuthuthukisa Ukuze kuqinisekiswe ukuthi ukuhlukaniswa kwelungu elingaphansi kuyasebenza, kudinga izinyathe"
3060,0,0.1406,"IGrain SA liphatha iphrogramu Lokuthuthukisa Abalimi elisekelwa ngemali evela kuMaize Trust, iOil and Protein Seeds Deve","Ngokuhambisana neMigomo Emisha Yokuphatha Nokuthuthukisa, phakathi neminyaka eyi-12 yokuqala kuhulumeni wenkululeko, sig"
7424,172,0.1406,Ubufakazi beholo lomphakathi liyabonakala futhi ekwenziweni ngcono okukhulu kokufinyelela ezinsizeni zempilo eziyisiseke,"Lokhu kubangela ukuthi abafundi bahlale bephoqeleka ukuba baphendule ezidingweni zemali, kunokuba baphendule ezidingweni"
5523,8010,0.1328,"Ukubona lnqubekela phambili eseyenzekile kusu kela kuqala um-buso wentando yeningi, mayelana noguquko kuzinhlelo zobulun","Ukugunyazwa kokwelashwa (GEMS medical treatment authorization) Ngiyabingelela, ngithanda ukukwazisa ngendaba ebalulekile"
4294,7919,0.1328,Asigcine lokhu ezingqondweni zethu njengoba zihlola inqubeko noma igxatha elithathwe yi-Afrika kuleminyaka emine edlule.,Ukwakhiwa Kwezakhamuzi Ezizimele Ukwakhiwa kwamabhizinisi amancane kubalulekile ekuthuthukiseni umnotho. Lokhu kucela uk
5145,169,0.1328,"Empeleni, sikwazile ukudlula phakathi kwezinxushunxushu ezinkulu, futhi eqophelelweni ngalinye kule ndlela, kuye kwading","Abasebenzi abaqeqeshiwe baqinisekisa ukuthi izinqubo zisebenza kahle, okwakha ukwaneliseka kwabantu. Ngaphezu kwalokho, "
7118,150,0.1328,"a kulowo muntu obhalisiwe, noma b uma lowo muntu obhalisiwe engekho , sibhekise kumuntu ophethe leyo ndawo ebhalisiwe. c",Ubani ozothola inzuzo kulolu bhukwana? Lolu bhukwana lunikeza uhlaka lokuthuthukisa amakhono abantu abathintekayo ohlelw
7851,150,0.1328,Isikhungo sokuvakasha sitholakala esakhiweni esidala sePosi leso okumanje osekuyingxenye yamagceke ePhalamende. IPhalame,Ubani ozothola inzuzo kulolu bhukwana? Lolu bhukwana lunikeza uhlaka lokuthuthukisa amakhono abantu abathintekayo ohlelw
2556,4085,0.1328,I-NSI ibona ukuthi ukuqamba kungenzeka kuphela kubantu kanye nemiphakathi eqambayo ngaphakathi kwendawo ekuvumelayo egqu,"Lokhu kuhlola kudinga izikhalazo eziphakeme, ukuze kudaleke isithunzi sokuhlonipha esilondolozwayo. Ngokuhamba kwesikhat"
1202,4054,0.1328,Njengezwe asikwazi ukunganaki i-IKS ngokuphathelene naloku. Amabutho empahla yobuhlakani awuhlobo lokuzimela akha ubunzi,"Ukwakhiwa Kwezikhungo Ezisezingeni Lokusebenzisa: Umgomo Wokuhlakanipha Kwangempela Kulo mkhakha osakhulayo, ukubhekana "
3900,4038,0.1328,Kumele sizikhumbuze ukuthi sesidla izithelo zomzabalazo walabo abangasekho phakathi kwethu nabanikela ngezimpilo zabo uk,"Umphathi Wohlelo, uhulumeni wethu ubaluleka kakhulu kumakhosi, hhayi ngoba bangabaphethe bamasiko nemikhuba yendabuko ku"
1347,4049,0.1328,b Ukukhathazeka kungatholwa yibo bobabili umama kanye nengane njengomphumela wesikhathi esithathwa ekunceliseni lapho in,"Ngaphezu kwalokho, kufanele sikhulume ngokubaluleka kokufaka izinhlelo zemvelo ezithuthukisa imisebenzi. Izinhlelo zokul"
944,8127,0.1328,"Impela inamuhla libonakala lihaqwe yizithandani ezingathandani okuwubuphofu kanye nokunotha, indlala kanye nenala, intut",Umthelela Wama-Social Media Entsheni Ngiyavuma ukuthi ama-social media ayingxenye ebalulekile yomphakathi wethu namuhla.
4176,8064,0.1328,"Eqinisweni, izwe elingakuqinisekisi ukubandakanywa kwabo bonke abantu balo kuwona wonke amazinga emisebenzi yezomnotho, ","Ngemva kokuphothulwa kokuhlola, iphrojekthi yeMthombo Oil Refinery yathola ukwesekwa okuqinile kuhulumeni, izinkampani e"
880,8062,0.1328,SAQA UmKhandlu wokuQinisekisa iZiqu waseNingizimu Afrika. Zicishe zifinyelele ema-25 izilimi ezahlukene ezikhulunywa eNi,"f Uma isicelo senziwa egameni lomunye, ubufakazi bokuthunyelwa komfaki-sicelo kumele bukhishwe ngendlela ejabulisa iMene"
1823,106,0.1328,"Kwabe sekwenziwa isincomo sokuthi kusungulwe i MHSI, eyabe izokugxila kuzindaba zezempilo nokuphepha ezimayini. Lezi zik",INingizimu Afrika imele isithombe esiphelele somphakathi esiyisithombe sezinhlanga ezakhiwe phezu kwefa elicebile nelihl
6411,6074,0.1328,"Abaqashi kufanele baqinisekise ukuthi amalungelo abasebenzi malungana ne-HIV/AIDS, kanye nezinsizakalo abangazithola uma",ukusekela imizamo yokwakha ubudlelwano obuhle ezindaweni zokusebenza zikamasipala. Ukuqinisa ukuhlonipha phakathi kwaban
784,6038,0.1328,"Ngaphakathi kwalesi sithunzi sobuntu, ukufinyelela ukulingana, ukuqonda amalungelo esintu kanye nenkululeko, kanye nokul","Isinqumo somnyango sikhombisa incwadi yokuvuma noma yokwenqaba. Imigomo yokuvuma itholakala kwi-rekhodi yesinqumo (ROD),"
718,4128,0.1328,i iqoqo namakhophi ako konke ukuphawula okwatholakala ngesikhathi sokuxhumana; kanye j nalo lonke ulwazi olucelwe yisiph,"UMkhandlu uzokhokhisa abantu abahlala kule ndawo, kanye nabanikazi bezindawo nabahlala kulezi zindawo, imithwalo kanye n"
6008,4002,0.1328,"Isamba sesisonke socwaningo lukazwelonke nezamba zezindleko zokuthuthukisa zilingana ncamashi nama-0,7% e-GDP, okucishe ","Ukunqunywa kwezinzuzo nokufaneleka kwe-GEMS: Umqondo Womuntu Emhlabeni wanamuhla, lapho izinsiza zempilo zibalulekile, k"
2418,3976,0.1328,"Uma leso senzo sichuma ngenxa yaleyo mizamo yabo ngokubumbana baqhube uhlelo, kusuke sekuzalwa yonake inhlangano. Izinhl","U-Eskom: Umcimbi Wokubuyiselwa Kwamandla Eminyakeni edlule, i-Eskom, uMnyango wezokuhlinzekwa kwamandla eNingizimu Afrik"
8030,3911,0.1328,Ukufa ngaphandle kokuzwa ubuhlungu yiyo kuphela indlela engakhulula isiguli ezinhlungwini zaso. Ithemba yisithako esibal,"Isibonelo, abafundi abanezimfuno ezikhethekile bangakusebenzisa lokhu ukuze bathole usizo, okwenza kube lula ukufunda fu"
2239,3926,0.1328,Ukuqinisekisa ukuthi iNhlangano ihlinzekwe ngesisekelo ngesikhathi nangendlela engaqageleka nemithombo eyidingayo ukwenz,"Ukwengeza, amabhange adlala indima ebalulekile ekuphathweni kwezimali zomphakathi. Ngamabhange, abantu bangakwazi ukonga"
5306,4066,0.1328,I-UIP ihlose ukusungula isakhiwo sokuphatha sangaphakathi sezinhlobo zamasu athile lapho abanikazi bezindlu nabonga imal,Izibulala-zinambuzane noma izitshalo eziyingozi kokudla. Yini izinsalela zezibulala-zinambuzane nezitshalo eziyingozi? I
4630,71,0.1328,Uma ohlalayo noma umnikazi enqaba ukuthatha izinyathelo ezibalulwe esazisweni ngaphansi kwale mithetho kamasipala noma e,"D.1 Lapho kungase kube nokungqubuzana kwesithakazelo uma kwenziwa noma iyiphi inqumo mayelana nokuqashwa, umphakathi omk"
5145,7994,0.1328,"Empeleni, sikwazile ukudlula phakathi kwezinxushunxushu ezinkulu, futhi eqophelelweni ngalinye kule ndlela, kuye kwading",Ukudoba okungaphansi kungase kusetshenziswe ngendlela engafanele. Umnyango uzokhipha izinombolo zokuthi zingaki ezithola
5304,8019,0.1328,"Uma izizathu sezinikeziwe futhi lolo hlangothi oluthintekayo lukholwa ukuthi azikho emthethweni, futhi azilandeli inqubo",Iphinde ihlinzeke ngokuvikelwa kwabantu abangabantu abasebenzi ezinsongweni ezivela noma ezihlobene nezisebenzi. Imithet
4149,61,0.1328,"Ngesikhathi ukukhula komnotho wabathengi, obekubhebhezelwa ukwenyuka kwamathuba omsebenzi kanye namaholo kanjalo nokweny",e ukubheka izithelo zezibopho zeNingizimu Afrika eziphathelene nempilo yezingane ngokuhambisana nezinhlinzeko zamathuluz
1140,8149,0.1328,Abahlukunyezwe wudlame lwasekhaya bakhululekile ukubikela ngqo I-ICD izenzo zodlame eziqondiswe kubo. INCAZELO YANOMA YI,Kudingeka ukuthi noma ubani osebenzela umphakathi ophathwayo futhi othintekayo ekuphathweni kwemithwalo eyaziwayo aqede 
6595,8150,0.1328,"Sihlalo, ngiyakuvuma lokho onakho embhalweni. Okwamanje, intombazanyana eneminyaka eyishumi nesihlanu ihlaliswe endaweni","Futhi, izikhungo eziklama abantu kumele zihlale zifaka bonke. Ukuze ubuchwepheshe bube usizo, kubalulekile ukuthi kube n"
5259,71,0.1328,"UMquli wodaba kufanele ngaphambi kokuba kunqunywe ukuthi kube khona ubandlululo olungalungile, inkulumo enenzondo, ukuhl","D.1 Lapho kungase kube nokungqubuzana kwesithakazelo uma kwenziwa noma iyiphi inqumo mayelana nokuqashwa, umphakathi omk"
267,7176,0.1328,Abantu abavela ngaphandle baqala ngokuba ngabafundi bese bekwazi ukuba ngabeluleki abakhuthazayo. Umnyango wezeNhlalakah,"iNetflix: Ukushintsha Kwezokungcebeleka Kwamanye Amabhayisikobho Namashwa Ngokuhamba kwesikhathi, izindlela zokungcebele"
6992,1068,0.1328,UMnyango wezoLimo uhlola amasampuli ezimbewu ukuqinisekisa ukuthi zimsulwa ziqhuma ngokufanele futhi ziyakwazi ukuqhubek,"Idokhumenti esemthethweni ekhishwe yinkampani kumele ibe nezinhlaka zezinzuzo, izimali, imithetho, nezimo futhi ibe neno"
2764,1036,0.1328,Uhlu lonke lolwazi kumele lwenganyelwe ngokubhekwa kwesu eliqondile ngokuphathelene nokuthuthukiswa Kwesayensi Yezindaba,"Izingozi Zokunyuka Kwezimililo Noma kunjalo, imililo yasendle ingaba nemiphumela emibi. Ukushiswa kwezindawo eziningi ku"
7424,7144,0.1328,Ubufakazi beholo lomphakathi liyabonakala futhi ekwenziweni ngcono okukhulu kokufinyelela ezinsizeni zempilo eziyisiseke,"Kodwa-ke, lapho sikhuluma ngempumelelo ye-Eskom, kubalulekile ukuthi sikhumbule ukuthi izinkampani eziningi zidinga ukut"
3438,7144,0.1328,Ubufakazi beholo lomphakathi liyabonakala futhi ekwenziweni ngcono okukhulu kokufinyelela ezinsizeni zempilo eziyisiseke,"Kodwa-ke, lapho sikhuluma ngempumelelo ye-Eskom, kubalulekile ukuthi sikhumbule ukuthi izinkampani eziningi zidinga ukut"
4814,7094,0.1328,Njengamanje sinamabhodi angu 60 anomsebenzi wokubhekelela kanye nokuqinisekisa ukuthi izibhedlela ziyazilandelela izidin,"Akukwazi ukusisiza kwazulu osuku lonke, siphinde sikhumbule ukuthi asikho isinyathelo esincane sokuvikela imiphakathi ye"
1687,7086,0.1328,b ukuthuthukisa nokwenza lula ubudlelwano phakathi kohulumeni mayelana nemboni yotshwala; kanye c nokwenza- lula ukuxazu,"Lokhu kuhlinzeka ngendawo yokubambisana, lapho abantu benza imisebenzi ehlose ukuthuthukisa impilo yabo, futhi bakha ubu"
767,4913,0.1328,"Nokho wazitshela ukuthi cishe kabezwanga ngenxa yomsakazo naye awufice uklabalasa. ""Indaba yenu,"" wanikina ikhanda uPame",Ubani ozothola inzuzo ephakheji yakho futhi bazothola kanjani? Le phakheji igxile ezixhumaneni zabantu bazo ziphi izinsu
4630,3172,0.1328,Uma ohlalayo noma umnikazi enqaba ukuthatha izinyathelo ezibalulwe esazisweni ngaphansi kwale mithetho kamasipala noma e,Le nqubo izodluliselwa kuhulumeni bendawo abazokwakha izinqubomgomo zabo zezilimi ngokuhambisana noHlelo lwezokuphatha l
5922,3176,0.1328,Ekupheleni kwesikhathi sokuvivinywa emsebenzini induna yesiseebnzi esivivinywayo kumele enze isincomo sokuthi kumele siv,"Ukusebenza kwe-Eskom: Izinkinga Nezixazululo Ngokubheka izimo ezinzima ezibhekene ne-Eskom, kubalulekile ukuthi sithathe"
279,3160,0.1328,"J.2 Umbiko wokuqala wonyaka, nohlonzwe esiqondisweni- III J.1, uyokwethulwa kwisishayamthetho esifanele ngokonyaka wezim",Ukwenza izilinganiso zokusebenza zonyaka: Ukwenza izilinganiso zokusebenza zonyaka njengengxenye yokuhlola umsebenzi kwe
7284,3160,0.1328,"I.5 Ukusiza ukucwaninga ukuqashwa ezisebenzini zikahulumeni, isikhulu esiphethe siyohlanganisa zonke izikhundla emnyangw",Ukwenza izilinganiso zokusebenza zonyaka: Ukwenza izilinganiso zokusebenza zonyaka njengengxenye yokuhlola umsebenzi kwe
3607,3160,0.1328,"a ngokwezimiso zesigaba- 923b zoMthethosisekelo, siyofakela ulwazi olubekwe esiqondisweni- III J.2 noma- J.3 embikweni w",Ukwenza izilinganiso zokusebenza zonyaka: Ukwenza izilinganiso zokusebenza zonyaka njengengxenye yokuhlola umsebenzi kwe
7337,3161,0.1328,"Amarali kanye nemihlangano yomphakathi yabanjwa ezingxenyeni ezehlukene zase-Republic of Congo, lokhu kufaka nenhlokodol","Okokuqala, kubalulekile ukuqonda ukuthi lezi zingxoxo ziqala kanjani. Izinsuku ezibekiwe ziba yisikhathi sokuphendula im"
6905,3146,0.1328,"Barker oyisikhulumli sethu esiqavile ezethulweni. Okufakiwe ukukhiqizwa kwezindwangu ezinithiwe , isicaba noma indingili","Ezokusebenza Kukahulumeni: Umhlahlandlela Wokusebenza Isingeniso Ezokusebenza kukahulumeni, noma ezokuphatha, ziwumgogod"
1266,7403,0.1328,"Kukhona izimakethe eziningi zebio-fuel eduze nezindawo ezikhiqiza ummbila namabele enyakatho ezweni lethu, futhi nasezin","Uhambo selwaba wumkhankaso omkhulu, futhi abantu bangathola izindawo eziningi ezihlukahlukene, bezijabulisa futhi bejabu"
279,7363,0.1328,"J.2 Umbiko wokuqala wonyaka, nohlonzwe esiqondisweni- III J.1, uyokwethulwa kwisishayamthetho esifanele ngokonyaka wezim",Ukuhlinzeka ngama-rating wokusebenza ngonyaka: Ukuhlinzeka ngama-rating wokusebenza emsebenzini wonyaka njengengxenye yo
7517,7356,0.1328,Leli thimba libunjwe ngamalunga avela kuZwelonke neziFundazwe kanti uSihlalo walo ngu Ms N. Kela onguMqondisi oMkhulu kw,"b Uma ukuvota kuhlangana kunoma iyiphi indaba, umuntu ophatha umhlangano unelungelo lokuvota elengeziwe ngaphandle kokub"
2502,7290,0.1328,Ngicabanga ukuthi uDkt Klatzow naye angathanda ukubuza imibuzo embalwa. Iphethini elandelwayo akumele ichazwe ngezizathu,"UNgqongqoshe uzokhetha umphakathi kwiSigaba, onemfundo efanelekile ephezulu ekuthuthukiseni izilwane, njengomphakathi Wo"
3521,3182,0.1328,"Baningi abagulayo, abanye babo bazobulawa yizifo ezingavimbelekayo. Lapho imilomo yamaphayiphi ivimbekile, amaphayiphi e",Ukubambezeleka kwephrojekthi ye-digital migration eNingizimu Afrika 1. Isingeniso Ukudlulela kwedijithali kuyinqubo ebal
2569,4813,0.1328,"ngokuphoqelela nokuqapha ukuphoqelelwa kwamapulani okulingana, izindlela zokuziphatha namasu okulungisa ezithuthukiswe y",ukwenza ikhophi yohlelo olukhona itholakale ukuze kuhlonishwe futhi kuqoshwe ngezikhathi ezifanele nganoma yimuphi umunt
3102,6942,0.1328,Loku kuyakhombisa ukuthi ukuxhumana kwalomnyango nezinhlaka osebenza ngazo kuyokwenza ukuthi kusentshenzwe kahle. UMnyan,"Lokhu kuzohlanganisa ukuhlela kabusha uhlelo lwabasebenzi, ukubandakanya ozakwethu, nokususa imisebenzi engadingekile. U"
6137,6942,0.1328,Imibuzo - Zilungiselele imibuzo eqhamuka kumaLungu eKomidi. Kuwumqondo omuhle ukuthi ucabange ngemibuzo okungenzeka ibuz,"Lokhu kuzohlanganisa ukuhlela kabusha uhlelo lwabasebenzi, ukubandakanya ozakwethu, nokususa imisebenzi engadingekile. U"
4054,6942,0.1328,"Amanye amasosha amaningi anqunywa emuva kokuqulwa kwamacala, agwetshwelwa ukudlwengula kanye nokubulala abantu bendawo. ","Lokhu kuzohlanganisa ukuhlela kabusha uhlelo lwabasebenzi, ukubandakanya ozakwethu, nokususa imisebenzi engadingekile. U"
3088,3011,0.1328,Imalaysia neNingizimu Afrika banamazinga afanayo okukhula komnotho kodwa iMalaysia ayikafinyeleli ezingeni elifanayo lok,"Lokhu kudinga ubuchwepheshe obuphambili, futhi kubalulekile ukuthi abenzi bama-robot baqonde kahle izimiso zokuqhuba imi"
2786,2994,0.1328,njengemibandela yokumbandakanyeka kuzinhlelo zokuqeqeshwa nokuthuthukiswa kwabasebenzi; kanye v nanjengombandela wokwemu,Ukuveza kufanele kukhuthazwe. Ukusungulwa kokuphathwa kwezinsiza zabantu okuhle nezindlela zokuthuthukisa ubuchwepheshe.
6276,5086,0.1328,Uhla olunomqondo lwezincazelo zemisebenzi ekhona noma isheduli yokusebenza esebenza kulezo zikhala zemisebenzi. c Ziyint,"Phawula ngezinkinga ezifana nokungabi khona kwezinsiza ezinhle ezikhungweni ezahlukene ezweni, njengoba kwesinye isikhat"
6504,5058,0.1328,Kwakuyisimemezela esibalulekile kanti u -MASA ufanele ukutuswa ngokusenza. Ukulumbanisa kahle ulwazi oluqoqiwe ngesizath,"Kubantu ngabanye kuleli khaya, chaza inani labantu abaphendulile imibuzo eminingi ehlobene nabo. Ngaphandle kwezidingo z"
5271,5002,0.1328,Le miThetho Migomo ingabizwa ngemiThetho Migomo yokusetshenziswa kwaManzi ngeziNloso zokuNgcebeleka. Ingxenye yokuqala i,Izimo ezisemqoka zomthetho zivezwe kule mthetho. b 'Bid' ibhekisela esicelweni esibhaliwe ngendlela ethile noma esivezwe
3023,3106,0.1328,"Erna Mostert, angathanda ukusiza ngazo zonke izidingo zazo zonke izikhulu zeminyango kanye nothisha. Nokombiko wamaphoyi",Lokhu akukhange kube ngaphandle kwabasebenzi beMnyango wezempilo. Ukungenelela okuhle kweMnyango kwakwazi ukuvimbela uku
2533,3106,0.1328,"Ukwehluleka ukwenza izivumelwano ezinje ezizokuba nomphumela wokulahlekelwa ukuvikelwa kwephethenti. Ngopmbono we-DST, i",Lokhu akukhange kube ngaphandle kwabasebenzi beMnyango wezempilo. Ukungenelela okuhle kweMnyango kwakwazi ukuvimbela uku
5629,4962,0.1328,"Ukuphatha ukukhiqiza kwezokulima - lapha kukhona ukuphatha ibhizinisi lezokulima, ukuphatha nokulondoloza umhlabathi, iz","Ndawonye, sakha umphakathi kanye nezwe elihloniphekile ezinganeni zethu nakubantu bonke baseNingizimu Afrika. Inqubo yok"
8007,4982,0.1328,Izinhlelo zonke zikaHulumeni ziyazibopha ekutheni esikhathini esizayo bazakuzimilesa bakhiphe lonke unyawo ukuze bazuze ,"Umcimbi uzophinde ube nethuba lokwakha ubudlelwano phakathi kwabantu abavela ezindaweni ezahlukene, okwakha umoya wokuba"
3395,4813,0.1328,b iLungu elifanele loMkhandlu oMkhulu ngemuva kokubonisana nelingu lesigungu esikhulu esiphethe izindaba zika hulumani b,ukwenza ikhophi yohlelo olukhona itholakale ukuze kuhlonishwe futhi kuqoshwe ngezikhathi ezifanele nganoma yimuphi umunt
746,4787,0.1328,"a Chaza ukuthi ngabe sikhona yini isifo esikhona noma ukungalungi kahle kwezinso, isinye noma enye ingxenye yohlelo lwez","Ulimi lomuntu ngandlela thile luyisikhumba sesibili, lukhombisa okuthile okukhona kumuntu ongokoqobo, lapho sikhombisa k"
1497,4789,0.1328,"Njengohulumeni, asisoze sakhohlwa ukusebenza ngamandla ngokungakhathali kwemiphakathi yokwethula izinsiza. Sibone amaphr",Bangakhetha ukuhlangabezana nezidingo zokwaziswa komphakathi ezingeni eliphezulu - lokhu kudinga ukuthi lezi zidingo zib
1145,787,0.1328,Amaqembu ezepolitiki athola ithuba lokuveza imibono yawo kanye nokubuza imibuzo ngezindaba okokukhulunywe ngazo kule nku,"Ungathola indoda ezokuthanda futhi ozoyiphupha njalo. Yebo, Fezile, unethuba lokungabi nenkinga enkulu yomzimba njengami"
1462,787,0.1328,Abazenzanga lezi zinto mayelana nokugadwa kwezindawo zamathikithi ngalobo busuku. Umbiko osanda kukhishwa wuMqondisi-Jik,"Ungathola indoda ezokuthanda futhi ozoyiphupha njalo. Yebo, Fezile, unethuba lokungabi nenkinga enkulu yomzimba njengami"
2556,7572,0.1328,I-NSI ibona ukuthi ukuqamba kungenzeka kuphela kubantu kanye nemiphakathi eqambayo ngaphakathi kwendawo ekuvumelayo egqu,"Izinsizakalo Zezimo Eziphuthumayo Ngaphakathi Kwezikhathi Zamaholide Ezikhathini zamaholide, lapho abantu bezithokozisa,"
6779,7542,0.1328,Imiphakathi izokwazi ukubamba iqhaza kakhulu kuzinqumo zoMkhandlu uma la makomiti amawadi asebenza ngokuyimpumelelo. Isi,2.3 Izinkinga Zobuchwepheshe Ubuchwepheshe busebenza njengesikhumbuzo esibalulekile ekwakheni imisakazo yokuphila. Nokho
525,7484,0.1328,Imibukiso yezinja ivakasha ezweni ngokucelwa ziikolle kanye nezikhungo ukuze kukhonjiswe umsebenzi owenziwa yizinhlobo e,Lokhu kubaluleke kakhulu uma kukhulunywa ngokuqondisa izinsiza ezikhona ngempumelelo. Ukuhlaziywa kwedatha okwenziwa yi-
5241,7432,0.1328,Ukwesekwa okuncomekayo kwamakhansela kanye nezimenenja kuholele ezindabeni zendawo zithola ukunakwa kakhulu ohlelweni lu,"Ubuchwepheshe bukhula ngokushesha, futhi sithola amathuba amasha nsuku zonke. Ukusebenzisa ugesi ngendlela efanele, ukuf"
2206,7384,0.1328,Isigaba 77 indawo yaso ithathwe yisigaba 2 soMthetho wesiKhombisa wokuChibiyela uMthethosisekelo ka-2001. nesithunywa es,"MANJE, ngokulandela isigaba 14 seMthetho Wokukhuthaza Ukufinyelela Kolwazi, 2000, uSihlalo weBhodi Yamanzi, njengomseben"
2533,4716,0.1328,"Ukwehluleka ukwenza izivumelwano ezinje ezizokuba nomphumela wokulahlekelwa ukuvikelwa kwephethenti. Ngopmbono we-DST, i",Umnyango Wezokulungiswa Uthumele umthetho ozovumela umphakathi nabanye ababambiqhaza njengomnyango wezobulungiswa kanye 
711,5255,0.1328,Uma izinto zingeke zidayiswe ngokwesigatshana (3) iSikhulu Esigunyaziwe okuyisona esengamele indawo yokugcina impahla si,"Inqubo Yokwakha Ngemuva kokuthola indawo efanele, kwenziwa ucwaningo lobuchwepheshe kanye nezifundo zokuhlola umthelela "
4493,2917,0.1328,Ukusungulwa kwezinhlobo ezihlukile zokuvikelwa kuthunaza ukuzimisela kwethu ukuqhuba izibopho ze -IKS Policy ngempumelel,Ukulima nekusasa: kungani kuthatha isikhathi eside? Sizama ukuvuselela abalimi abamnyama abanamakhono ukuze babe abalimi
5613,2951,0.1328,Eziningi zalezi zinhlangano ziye zatholwa ukuxhaswa ngezezimali ngokunikeswa ingxenye ethile. Ezinye zalezi zinhlangano ,"Ukhetho lokuqala lwezokhetho olukhululekile ezweni lethu lwenzeka ngoMsombuluko 27, 1994, futhi manje sesisondele emcimb"
883,2913,0.1328,"Umqashi umqasho wakhe, noma umqashi ongumsebenzi njengoba kuchazwe kuMthetho wezokuBunjwa kaBusha ezeMihlaba abaqashi ab","Kube nezinhlelo kwezinye izifunda, kodwa akukho hlelo olufana nalolo. Izindlela zokulima ezingafanele eminyakeni edlule "
726,2915,0.1328,"Kuvumela ukuhlola okuhlangene: Lokhu kungafakela ukuhlola izindlela zokuhlola ephakathi komsebenzi wokuhlola owodwa, kup","Izimboni nazo zikhathazekile, njengoba ukungabi khona kukagesi kuholela ekwehleni kokukhiqiza, okuthinta umnotho jikelel"
2556,2868,0.1328,I-NSI ibona ukuthi ukuqamba kungenzeka kuphela kubantu kanye nemiphakathi eqambayo ngaphakathi kwendawo ekuvumelayo egqu,"Umbuzo 13: Ngabe uKomidi ubona impumelelo kulolu hlelo? Impendulo: Sinethemba lokuthi kuletha impumelelo, kodwa kumele s"
2880,2836,0.1328,UNgqongqoshe engenza noma yiluphi uhlelo lusebenze kuyo yonke iNingizimu Afrika noma ezindaweni ezehlukene zezwe noma es,Isikhathi semibuzo sinikeza Amalungu ePhalamende ithuba lokubuza amalungu ohulumeni mayelana nokuhlinzekwa kwezidingo ku
674,7042,0.1328,Ukuhlolwa kuzokwenziwa ngesincomo sikadokotela. Iziguli ezidinga ukwelashwa ohlelweni lukahulumeni lezempilo akufanele z,Kodwa kubalulekile ukuhlonza ukuthi iyiphi i-pest enobungozi bese ukhetha umuthi wokubulala amaphutha ofanele ukuze uwuf
4302,7042,0.1328,Ukuhlolwa kuzokwenziwa ngesincomo sikadokotela. Iziguli ezidinga ukwelashwa ohlelweni lukahulumeni lezempilo akufanele z,Kodwa kubalulekile ukuhlonza ukuthi iyiphi i-pest enobungozi bese ukhetha umuthi wokubulala amaphutha ofanele ukuze uwuf
4226,7042,0.1328,Ukuhlolwa kuzokwenziwa ngesincomo sikadokotela. Iziguli ezidinga ukwelashwa ohlelweni lukahulumeni lezempilo akufanele z,Kodwa kubalulekile ukuhlonza ukuthi iyiphi i-pest enobungozi bese ukhetha umuthi wokubulala amaphutha ofanele ukuze uwuf
5607,7042,0.1328,Ukuhlolwa kuzokwenziwa ngesincomo sikadokotela. Iziguli ezidinga ukwelashwa ohlelweni lukahulumeni lezempilo akufanele z,Kodwa kubalulekile ukuhlonza ukuthi iyiphi i-pest enobungozi bese ukhetha umuthi wokubulala amaphutha ofanele ukuze uwuf
368,7046,0.1328,"Izicelo zolwazi ezingasile futhi eziyicefe ngokufanele, kumbe ezizodinga ukuba kusetshenziswe imali nesikhathi nemthombo","Empeleni, ""ukwakha"" kubhekisela emshape nasekubonakaliseni kwesikhumbuzo esithokozisayo. Ezinye izakhiwo ziqhutshwa umse"
963,7021,0.1328,UMnu Enoch Lerato Liphoto uzocacisa ngemizamo kamasipala ukunciphisa imiphumela yokushintsha kwesimo sezulu. Inkonzo yes,"Ukukhulelwa Kwentsha - Ingxoxo Ngesikhathi Samanje Isingeniso Namuhla, sijabule ukuba nezingxoxo ezibalulekile mayelana "
5241,7038,0.1328,Ukwesekwa okuncomekayo kwamakhansela kanye nezimenenja kuholele ezindabeni zendawo zithola ukunakwa kakhulu ohlelweni lu,Ukunakekelwa Kwabantu Abadala: Iphrofayela KaMnumzane Thandazani Ndlovu UMnumzane Thandazani Ndlovu ungumuntu oneminyaka
3340,6972,0.1328,Lesi sibopho sibandakanya uhlaka lwezinhlelo zentuthuko edidiyele omasipala bonke abakhele umasipala wesifunda. Umthetho,"Sithemba ukuthi iwebhusayithi izoba ithuluzi lolwazi lwezizinda, ama-CBO, abameli, izingane zesikole, nabafundi, kanye n"
5257,2759,0.1328,"Ngenxa yohlobo loluchwepheshe bezigubhu zogesi okhokhelwa kuqala, kubalulekile ukuba abathengi bakwazi ukufinyelela esik","Izinhlelo ezisizayo kumele ziqhubeke, futhi ukubamba iqhaza okuhle kuzobonisa ukuthi sibhakabhakela phambili. Umphakathi"
6627,2759,0.1328,"Lesi sitatimende sisebenzisa imikhakha yokufunda ukufeza lezi zinjongo, lokho okulindelekile kanye nemiphumela okumele i","Izinhlelo ezisizayo kumele ziqhubeke, futhi ukubamba iqhaza okuhle kuzobonisa ukuthi sibhakabhakela phambili. Umphakathi"
935,6878,0.1328,Ukuqaphelisisa amagama nezakhiwo zohlelo abazijwayele besesezingeni eliyisisekelo. Ukufunisisa indlela ulimi olwengeziwe,Uphenyo Lokuvuza Kwamaphepha Kamatikuletsheni Isingeniso Uphenyo lokuvuza kwamaphepha kamatikuletsheni luhambisana nokwa
935,6889,0.1328,Ukuqaphelisisa amagama nezakhiwo zohlelo abazijwayele besesezingeni eliyisisekelo. Ukufunisisa indlela ulimi olwengeziwe,"Ukukhuphuka kwezindleko zokudla, ikakhulukazi kwezinto ezivamile ukudliwa, kube nokukhathazeka kubathengi ezinyangeni ez"
6689,6832,0.1328,Ezinye izindlela ezikhethiwe yilezo eziqhakambisa uhlelo lokweseka impilo ende ebantwini nokubamba iqhaza emfundweni nas,"Inkolo Nomoya Emkhathini owawugubungele idolobhana elincane elalibizwa ngokuthi uMfumalanga, kwakukhona abantu abahlonip"
317,6837,0.1328,"uma elenzile lela liyodala amademeshe amakhulu kumhlaba othintekayo noma ebhilidini, esakhiweni noma kumsebenzi owakhiwa","Izimpikiswano Ngokuthengwa Kwamaloli Amanzi Ukuthengwa kwamaloli amanzi sekuyinto ejwayelekile ezindaweni eziningi, ikak"
6210,6812,0.1328,"Ukukhetha izihloko eziphathelene nezimpilo zabafundi, ziphinde futhi zibafundise nokunye abangakwazi, Isib. Ukukhetha iz","Ngamafuphi, kumele kube nezinhlelo ezicacile, ezizwakala kahle, nezinhlelo ezihlose kahle. Lokhu kunciphisa umzamo wokut"
5257,6812,0.1328,"Ngenxa yohlobo loluchwepheshe bezigubhu zogesi okhokhelwa kuqala, kubalulekile ukuba abathengi bakwazi ukufinyelela esik","Ngamafuphi, kumele kube nezinhlelo ezicacile, ezizwakala kahle, nezinhlelo ezihlose kahle. Lokhu kunciphisa umzamo wokut"
1897,6932,0.1328,"Ama""Activity Spines"" ajwayele ukubizwa ngama""Corridors"" entuthuko, kanti avame ukuba emigwaqeni emikhulu esuka noma eya ",Izinkomba zokuphumelela ezibekwe kulolu su zizobuyekezwa minyaka yonke futhi zishintshwe uma kudingeka. Ziyindlela esebe
5257,6906,0.1328,"Ngenxa yohlobo loluchwepheshe bezigubhu zogesi okhokhelwa kuqala, kubalulekile ukuba abathengi bakwazi ukufinyelela esik",Ukusebenza kwezinkundla zokuphepha komphakathi 1. Isingeniso Ukusebenza kwezinkundla zokuphepha komphakathi kubalulekile
6142,1260,0.1328,Kanjalo nokungabaza ngesimo sezepolitiki nakho kungadala imibuzo eminingi engaphezu kwezimpendulo ezikhona njengamanje. ,"Izokuphepha: Ukubaluleka Kwayo Emphakathini Wethu Ezokuphepha, njengengxenye ebalulekile yempilo yethu yansuku zonke, zi"
251,1228,0.1328,"a iyogqugquzela ukusetshenziswa kwemithombo okugculisayo, okunokonga nokuqeqeshekile ukuze kwenziwe ngcono ukusebenza ko","Ngakho, sithuthukise ikhono elithile lokubheka nokuphepha ezingeni lendawo. Ukuxhumana phakathi kwalabo abathole izinzuz"
5494,4710,0.1328,"Umlando usitshela ukuthi ekuvikeleni abantu bawo, amasiko kanye nomhlaba wawo, amaKhosi amaningi kufaka phakathi namanin",Lo mbhalo uveza ukuthi umthetho weziMvelo Zasendle eNingizimu Afrika we-1998 uhlose ukukhuthaza ukusetshenziswa okungaph
1430,4612,0.1328,Isitifiketi sezempilo somhlaba wonke esiqinisekisa ukuthi umjovo wokugomela i-yellow fever uyadingeka. Ulwazi lwezomnoth,"Nokho, impilo kaJobs ayizange ibe lula. Ngonyaka ka-1985, wakhishwa kwi-Apple ngenxa yokungavumelani nezinhlelo zenkampa"
1813,3334,0.1328,IKhula yasungulwa ngo-1996 futhi igxile ekuqinisekiseni ukutholakala kalula kwezimalimboleko kanye nezimali zokusungula ,"Osomabhizinisi: Indaba Yomlando Ekuqaleni, emhlabeni wonke, osomabhizinisi babenobuhlakani obuhlukile, bephila ezikhathi"
4741,3353,0.1328,Ukugxila okuyisipesheli emikhakheni ethinteka kakhulu yinhlese yobandlululo kusizile ukuthuthukisa izimpilo zabantu. Izi,"Umthetho nawo udinga ukuqiniswa ukuze kuvikelwe izinsiza zamanzi. Ukubhekelela izindawo ezisemathafeni, ukwakha izikhung"
3542,737,0.1328,"Isihloko esizungulezayo singumshini omuhle sokunisela izitshalo, kodwa uma siphathwa kabi naso sizoletha ingozi, njengay","Imifula emine emikhulu eNingizimu Afrika ihlukaniswe nezinye izizwe, okwenza ukuphathwa kwezinsiza zamanzi kube umsebenz"
3813,7623,0.1328,Gcwalisa ifomu lesicelo le-BI-526E kunoma yiliphi ihhovisi lezaseKhaya eNingizimu Afrika. Yenza isicelo kwinxusa noma im,"Ukushoda kokwaziswa noma ukunakekela izinsiza zokuvikela kungabangela imiphumela emibi, hhayi kumasipala kuphela, kodwa "
2539,7600,0.1328,"Lokhu kuchaza ukuthi, ukulandela uMthetho siSekelo isisebenzi seSizwe kumele siqiniseke ukuthi izinqumo ezithathwayo kan","Kubalulekile ukuthi ama-bushings, ama-bearings, kanye ne-gearbox konke kube sesimweni esihle. Uma kukhona izingxenye ezi"
4111,7600,0.1328,Konke lokhu kungaba wusizo kulabo abasebenza ngokudla ezingeni lokuhlanzeka uma beye bakunaka. Unazo yini izindlela ezan,"Kubalulekile ukuthi ama-bushings, ama-bearings, kanye ne-gearbox konke kube sesimweni esihle. Uma kukhona izingxenye ezi"
4642,7600,0.1328,Izisebenzi kumele ziqondisise ukuthi okubonakalayo akuchazi ekunikezeni noma ekuvezeni ulwazi. Njengoba kunzima ukunikez,"Kubalulekile ukuthi ama-bushings, ama-bearings, kanye ne-gearbox konke kube sesimweni esihle. Uma kukhona izingxenye ezi"
1477,7607,0.1328,"Lapho kusemqoka khona, nohulumeni uyagqugquzelwa ukweseka imboni ezimele ukuba isungule futhi itshale inqubomgomo yayo n","Lokhu kubandakanya ukuhlola izinga lokuphendula, ukuhlola izinkinga ezivela, kanye nokwenza izinguquko ezidingekayo ukuz"
66,3458,0.1328,"Ingoma yesizwe yaseRiphabhuliki iyonqunywa nguMongameli ngokuthi enze isimemezelo. Ifulegi lesizwe linombala omnyama, os","Ngaphezu kwalokho, ubuchwepheshe bokuhlola izimo, njengezinhlelo zokusebenza ezisebenzisa ubuhlakani bokwenziwa, zingasi"
451,3420,0.1328,"I-IKS ingakhula iqhakaze ekuxoxisaneni kanye nasekusetshenziswaneni nezinye izinhlelo zolwazi. Ngokuguquliwe, akukho luh",Uma ilungu leBhodi yeMphakathi Wamaphothi Kazwelonke ngaphandle kwaleli lungu elibekwe ngaphansi kwesigaba 3 ngezizathu 
7098,3426,0.1328,"Kwezinye zalezi zinsiza, akuphethwe kahle kanti nendlela abasebenzi abacabanga ngayo idinga ukuthi yenziwe ngcono. Kweze",- Ukuqeqeshwa Kwezisebenzi: Abasebenzi badinga ukuqeqeshwa njalo ngemikhuba emihle yokuphendula emlilweni ukuze bathole 
6871,3426,0.1328,"Kwezinye zalezi zinsiza, akuphethwe kahle kanti nendlela abasebenzi abacabanga ngayo idinga ukuthi yenziwe ngcono. Kweze",- Ukuqeqeshwa Kwezisebenzi: Abasebenzi badinga ukuqeqeshwa njalo ngemikhuba emihle yokuphendula emlilweni ukuze bathole 
5145,3444,0.1328,"Empeleni, sikwazile ukudlula phakathi kwezinxushunxushu ezinkulu, futhi eqophelelweni ngalinye kule ndlela, kuye kwading","Lokhu kusho ukuthi kufanele kube nezindlela ezilula zokuxhumana phakathi kwe-Eskom namasipala, ukuze kube lula ukuhlinze"
2569,5353,0.1328,"ngokuphoqelela nokuqapha ukuphoqelelwa kwamapulani okulingana, izindlela zokuziphatha namasu okulungisa ezithuthukiswe y","Kodwa-ke, ubuchwepheshe obusha obusetshenziswa ekwakhiweni kwephrojekthi ye-flue gas bukhombisa ithemba lokuthi lezi zin"
2009,5354,0.1328,"Uma uhlalela Ukulalela iBhodi Lokwephula kwesigwebo, bazokuvumela ukuthi unikele umbono wakho ngokuzikhulumela ekulalelw",Ihhovisi leZwe liqhamuke iKomidi Lesikhashana ukuze lenze umsebenzi wokubhekelela ngokuhlanganyela ukuze kulawulwe ukuhl
6305,2701,0.1328,Nokwakha iNingizimu Afrika ebuswa ngentando yeningi nebumbene futhi ezokwazi ukubamba iqhaza layo elifanele njengombuso ,"Ngokuhamba kwesikhathi, kufanele sikhumbule ukuthi ukufinyelela kwamahhala komphakathi ezikhungweni akukhona kuphela okw"
7843,2710,0.1328,Kungenxa yalesi sizathu ukwakhiwa kwamandla okuhlosiwe kufanele kuhambe phambili. Izinhlelo kuzo zonke izindawo kufanele,"Ngaphezu kwalokho, ukuhlela imicimbi yokwabelana ngemibono nokuxhumana ukuze kuqondiswe izindleko zokuphila kungaba usiz"
6905,2688,0.1328,"Barker oyisikhulumli sethu esiqavile ezethulweni. Okufakiwe ukukhiqizwa kwezindwangu ezinithiwe , isicaba noma indingili","UThandi waqonda ukuthi kumele aguqule umqondo wakhe, akhuthazwe ukukhuluma nabanye abantu ababephila ngaphansi kwezimo e"
3669,2643,0.1328,"Ngokushesha, njalo emuva kokuphela kwenyanga, uKhomishani kufanele abonisane neBhodi... Ilunga leBhodi noma lekomiti eli","Ngokucabangela ukuthi kukhona izidingo zokuphila nezomnotho ezikhona, ngesikhathi sokusebenza kwalolu mthetho, uhulumeni"
1462,1450,0.1328,Abazenzanga lezi zinto mayelana nokugadwa kwezindawo zamathikithi ngalobo busuku. Umbiko osanda kukhishwa wuMqondisi-Jik,"Ungase uthole indoda ezokuthanda futhi ozoyiphupha njalo. Yebo, Fezile, unethuba lokungabi nenkinga enkulu yomzimba njen"
4263,1441,0.1328,Okungangcono wukuthola indawo enotshani noma enesihlabathi esithambile ongakwazi ukuhamba noma ugijime kuyona. Ukuzivoca,"Izithiyo ezibhekene nokukhula kwezingadi zokudla Noma kunjalo, ukukhula kwezingadi zokudla akukhululekile ezitheni ezith"
6746,1430,0.1328,"Eminyakeni yethu eyishumi yokuqala njengohulumeni wentando yeningi, sabhekisa amandla ethu kanye nemizamo yethu yokuhamb",Ukubuyekezwa kwemikhiqizo yokuthengisa kubalulekile ngoba kuqinisekisa ukuthi imikhiqizo ihlangabezana nezidingo zabathe
418,6688,0.1328,"Imibuzo nezimpendulo sebenzisa ithransipharensi: Umsebenzi 5.5. Lingasesha iphoyisa ngaphandle kwewaranti, uma kunjalo, ","Ngemva kweminyaka eyi-11 yokunqunywa eHhovisi leMphakathi (OPP) eMpumalanga Kapa, uMphakathi uNomsa Thomas usaqhubeka no"
4188,6688,0.1328,a sithathe zonke izinyathelo ezizwakalayo ukuqinisekisa ukuthi ingabe I-EAP ezokhethwa iyahambisana yini nomthetho 18a n,"Ngemva kweminyaka eyi-11 yokunqunywa eHhovisi leMphakathi (OPP) eMpumalanga Kapa, uMphakathi uNomsa Thomas usaqhubeka no"
218,6708,0.1328,Ingqubomgomo yezokulawula izindaba ezihlobene nezinhlelo zokwehlisa ubuphofu kanye neyemisebenzi yokuthuthukisa ezenhlal,"Isondlo se-sunflower siyinsimu ebaluleke kakhulu yokukhiqiza uwoyela lapha eNingizimu Afrika, ngokwesiko ikhiqiza cishe "
6992,2649,0.1328,UMnyango wezoLimo uhlola amasampuli ezimbewu ukuqinisekisa ukuthi zimsulwa ziqhuma ngokufanele futhi ziyakwazi ukuqhubek,"Idokhumenti esemthethweni ethunyelwe yinkampani kumele ibe nezinhlaka zezinzuzo, izimali, imithetho, neziqondiso futhi i"
4095,2615,0.1328,Mina nomthathi wezithombe saya enkundleni ngamkhombisa ezinto ezithile. U- Akol wathi iKhartoum ivumile ukuthi ukulawulw,"Nokho, kubhekwa ukuthi ezindaweni eziningi, kungase kube nesidingo semisebenzi yezezimali ezindaweni eziseduze nesiteshi"
1331,2624,0.1328,"Umnyango ngeke weqe i-1,5% yesabelomali samaholo ukukhokhela amabhonasi. Uma kubonakala ukuthi le mali ayenele ukuklomel","Kumele benze ukuhlolwa noma ukuhlola, okwenziwe nguMphathi Wezizwe Wamaphoyisa, ukuze babe neziqu zesikole esiphakeme no"
1897,4568,0.1328,"Ama""Activity Spines"" ajwayele ukubizwa ngama""Corridors"" entuthuko, kanti avame ukuba emigwaqeni emikhulu esuka noma eya ","Futhi uma sizobe sikhuluma ngalezi zindaba, kufanele siyikhumbule le ndlela esiqhuba ngayo nokuthi yini esizama ukuyenza"
6746,4567,0.1328,"Eminyakeni yethu eyishumi yokuqala njengohulumeni wentando yeningi, sabhekisa amandla ethu kanye nemizamo yethu yokuhamb","Ukuphathwa Kwezingozi (GEMS Risk Management) Ekuhloleni izinga lokuphathwa kwezingozi, kubalulekile ukuqonda ukuthi le n"
4538,4538,0.1328,Yilokhu kuhlola konyaka wonke okuzosetshenziswa njengesisekelo ukunquma mayelana nomsebenzi wesisebenzi. Lona lelo thulu,Ukwenza ngcono nokugcina ukuphepha kokudla ezingeni likazwelonke nokusiza ukwesekwa kokuthuthukiswa kwemiphakathi yasema
2737,4486,0.1328,Imvume yokusebenza emikhumbini inikezwa abantu bangaphandle abangamalunga eqembu labantu abasebenza emikhumbini. Imvume ,Bese umshwalense ubhaliswa kulolo mqulu wesihloko futhi uchaza ukuthi zingaki imali ezibolekiwe. Isibonelo: ake sithi um
3989,7726,0.1328,"Bazobuyekezwa njalo emva kwesikhathi esithile, bese behlowa ngokusemthethweni baziswe ngokwakamuva njalo ngonyaka. Ukubo","Uthe, “Ukwakhiwa kwezikhala ezihlukene zokuhweba, izimakethe ezincane, kanye nezindawo zokuhlala zikhuthaza abathengisi "
2410,7728,0.1328,"Ukumisela isimo sokulawulwa kwamabhizinisi nesigqugquzela izimakethe ezincintisanayo, ezingenzeleli, ezisebenza ngokuyik",Umcimbi uphumelele ekwakheni isithombe esihle sokuthi iGEMS iyakwenza kanjani ukuba amalungu ayo azizwe ebalulekile. Ngo
5363,7736,0.1328,Kungabe izakhiwo namaforamu akhiwe nguHulumeni ayasiza ekubambeni iqhaza kwentando yeningi? Ikuthuthukisa kanganani okul,"Ngaphezu kwalokho, kubalulekile ukwakha umqondo wokubambisana phakathi kwemiphakathi, uhulumeni, kanye nezinkampani ukuz"
711,580,0.1328,Uma izinto zingeke zidayiswe ngokwesigatshana (3) iSikhulu Esigunyaziwe okuyisona esengamele indawo yokugcina impahla si,b kuzo zonke izenzo ezithinta ikhwalithi yomoya eNingizimu Afrika. a emikhakheni kahulumeni kazwelonke nendawo; kanye b 
6131,537,0.1328,Ukulawula ngokwejwayelekile izinsizasidingo zamanzi. ukunciphisa ingozi yokulimala emhlabeni uma kunezikhukhula; kanye u,Izinhlelo ziqhutshelwa phambili zokwakha iNational Ports Authority; kanye nezindaba ezihlobene nalokho. Ukuze kuthuthuki
5545,760,0.1328,Inhloso yokumiswa kwe-CMA ukubandakanya imiphakathi yendawo ekuphatheni imithombo yamanzi. I-CMA iphatha imithombo yaman,"Lokhu kufanele kuhlanganise nemininingwane yakho, izincwadi ezisemthethweni, kanye nezincwadi zokuxhasa. Ngemuva kwalokh"
5972,4495,0.1328,"Njengamalungu angabasunguli balesi sikhungo, sifaka isandla ekulungiseni uhlelo lwamazwe omhlaba lwamalungelo esintu. Uk","Ngokwezimiso zomthetho wesithupha sokukhuluma ngempela, isicelo salo mthetho sinikezwa kuNgqongqoshe wezeMthetho kanye n"
4156,5460,0.1328,IPhrogramu Lokuthuthukisa Abalimi liqonde ukumisa nokuphatha izindawo lapho linezilinganiso ezizama ukukhombisa abalimi ,Imicimbi Yomphakathi: Ukuhlola Ukubaluleka Kwayo Emphakathini Ukubamba imicimbi yomphakathi kubaluleke kakhulu empilweni
1295,5426,0.1328,Kumele kugcizelelwe ukuthi ukuthuthukiswa kwale ncwadi kuyinqubo ebalulekile futhi kuzodinga ukuba ibukezwe ngazo zonke ,"Umthelela wokuminyana ethekwini laseThekwini kwezohwebo Kusukela eminyakeni yokuqala ye-1800, idolobha laseThekwini, ela"
3687,5442,0.1328,"Umthetho wokwedlula ovikela abahlala kovulande nezimpawu zabahlali ezisemqoka isib. Izimpawu zamanzi, izitshalo eziveza ",Lokhu kungenzeka ukuthi lokhu okukhuluma ngakho ababili abangenile ezindlini eReivilo babecabanga ngesikhathi besebenzis
4064,2575,0.1328,"Lokhu akusikho ukulandela uhlelo olunobuhlanga. Empeleni, izwe elingaqinisekisi ukubandakanyeka kwabantu bezwe lalo bonk","Ngokuhambisana nezidingo zomphakathi, uHulumeni kufanele abheke phambili, abe nesibopho sokwakha ikusasa eliqhakazile. U"
7169,2548,0.1328,Ukuphatha izilokazane kuyinto ebalulekile ekuphatheni komsebenzi jikelele epulazini ngoba kungehlisa noma kungakhuphula ,"Uma kukhona isicelo, isikhungo sombuso singase sithathe isinqumo sokwandisa ngokubhala isikhathi esichazwe esigabeni - ("
4187,2512,0.1328,"a zokuphala amanqina ezinkomo, izinhloko namanqina ezimvu; kanjalo b zokukhipha izikhumba, ukususa izinsalela zenyama ez","Kulokhu kwesaziso, uMsizi Wamakampani kumele ameme abantu ukuba bathumele izikhalazo zabo neziphakamiso kumuntu okukhulu"
6416,5395,0.1328,Siyabonga ngamathuluzi akhethekile okusebenza okuyi-hydrostatic winch kanye ne-torpedo-shaped pipe cracker attachment ya,"Ngokwezibalo zokubalwa kwabantu zonyaka ka-1996, umphakathi wase-Okhahlamba ulinganiselwa ku-119,319, iningi labo bahlal"
3097,6629,0.1328,Intshonalanga eNgaphandle iseyindadwo ebalulekile okugxilwe kuyo ekuqinisekiseni ukuthi singakhulisa amathuba esitayela ,"Imbewu ezizofakwa ingaphathwa ngummuthi wokubulala izilokazane, noma umuthi wokubulala izilokazane ungafakwa emhlabathin"
6305,6624,0.1328,Nokwakha iNingizimu Afrika ebuswa ngentando yeningi nebumbene futhi ezokwazi ukubamba iqhaza layo elifanele njengombuso ,Isinqumo sokuthi abazimele bangagqugquzeliwe ukuzimela kulezi zimo kuyinhloko yemigomo yokukhethwa ehambisana nezimfanel
6174,1550,0.1328,"Kodwa ngingaphumula nje okwesikhashana, ngoba inkululeko ihamba nezibopho zokwenza umsebenzi, kanti angeke ngikwazi ukul","Izinkulumo ezizohlanganisa abaholi emkhakheni wezemvelo, abezindaba, nezikhungo zokucwaninga zizokwenza kube nempumelelo"
5896,1461,0.1328,Photo 1: Isihloko esizungulezayo esiphakathi sikhombisa ukunisela okuningi okwenzeka ekugcineni lapho amanzi awa khona. ,Izibalo zikhombisa ukwehla okuvela ezimweni eziyi-606 ngo-2007/8 zaya ku-429 ngo-2008/9 phakathi kwalabo abathintekayo k
3197,5378,0.1328,Inhloso wukusiza ababambe iqhaza ekusebenziseni kangcono ukuhlela intuthuko edidiyele njengesikhali esinomthelela omkhul,Imiphumela Yokukhuphuka Kwezindleko Imiphumela yokukhuphuka kwezindleko zokuphila ibonakala ngokucacile. Abantu abaningi
2339,5389,0.1328,"Izinyathelo ezikhonjwe kwi sigatshana 1 kumele sikhokhelwe yisehlinzeko esenziwe ngonemvume yokumba ngokumayina, ukuhlol",Ukusetshenziswa kwemithombo kwezebhizinisi ngaphansi kwe-GEMS akuvumelekile ngaphandle kokuhambisana nemigomo. Lokhu kuh
1347,2464,0.1328,b Ukukhathazeka kungatholwa yibo bobabili umama kanye nengane njengomphumela wesikhathi esithathwa ekunceliseni lapho in,"Ukubeka izinqubomgomo ezicacile zokuvikela imininingwane kubalulekile, futhi kubalulekile ukuqeqesha abasebenzi ukuze ba"
5168,2448,0.1328,"Ake ngisho ngisaqala nje, sikhathazekile kakhulu ngesimo sase-Myanmar. Abaningi abagqoka lomfaniswano, bakwamukele ukuth","Lapho ukushisa nokukhukhuleka kuqhubeka isikhathi eside, ama-stomata awakwazi ukuvula amahlamvu futhi aphile - lokhu kuy"
5403,2449,0.1328,Izabelo esizenyusile zenkokhelo yempahla yokuqhuba umsebenzi ngesikhathi sesabelo sezimali ziqinisa kakhulu isibopho set,Lokhu kwaqhubeka kuze kube ngu-Okthoba. Lokhu kusho ukuthi ukufriza kwaba nomthelela ebhalini phakathi nesikhathi sokukh
1823,2378,0.1328,"Kwabe sekwenziwa isincomo sokuthi kusungulwe i MHSI, eyabe izokugxila kuzindaba zezempilo nokuphepha ezimayini. Lezi zik","Abathengisi abaningi baphila ngokuthengisa, futhi lokhu kubanika ithuba lokwakha izimpilo zabo. Ngaphezu kwalokho, abath"
4512,2414,0.1328,Ukunisela - kuyini lokhu? Umhlaba jikelele unenkinga ngendaba yamanzi ngoba abantu emhlabeni bayanda njalo kodwa amanzi ,"Kwakuyisikhathi sokukhuluma, sokuxhumana, nokwakha izixazululo ezizokwenza kube nokuthula. Ngemuva kwemihlangano emining"
5635,5549,0.1328,Isikhathi sokuvuna siyasondela futhi kusekhona amasimu amaningi agcwele ngokhula. Ukuxoxa kwethu njalo kuyabuyela lokhu:,"UThandi waphumelela emhlanganweni, wathola ithuba lokuba umxhumanisi wezobuchwepheshe. Lokhu kwavula amathuba amaningi, "
1779,5512,0.1328,Izifo zamaphaphu ezitholakala emsebenzini ziyimbangela enkulu enokuvinjelwa yokushesha komsebenzi ukuthatha umhlala-phan,Ukuhlolwa kwezinqumo ezivela ezinkantolo zendabuko nakho kuyakhuluma. Izinqubo okufanele zilandelwe ukuze amacala aqhamu
3607,1679,0.1328,"a ngokwezimiso zesigaba- 923b zoMthethosisekelo, siyofakela ulwazi olubekwe esiqondisweni- III J.2 noma- J.3 embikweni w",Inqubo yokuphatha akufanele ibe yimfihlo. Kufanele unikeze ulwazi ngomsebenzi wakho mayelana nezindinganiso zokusebenza 
7638,1665,0.1328,Isikole esiseduzane sithathwa ngokuthi yileso sikole esingekho kude nalapho umfundi ahlala khona noma esiseduzane nalaph,"Zombili lezi zinsuku zifakiwe, futhi usuku lokugcina alungaph surpass September 30, 2008. Uma isicelo sihambisana nezimo"
996,1621,0.1328,Omasipala abaningi bedlulisele umsebenzi wokuqhuba ama-IDP kwezinye izimboni kanti asebenza njengemisebenzi ezimele kwin,"Lokhu kubonisa ukuthi imililo ingathuthukisa impilo yezitshalo, ikakhulukazi ezindaweni ezitshalo ezinamakhono amancane "
2529,1640,0.1328,Lokhu kuyingxenye yomphumela wezinhlelo zamabomu ezenziwe uhulumeni ukwandisa ingqalasizinda yomphakathi. Kungumphumela ,"Izinkinga Zokungcola Komoya: Ingxoxo Isingeniso Namuhla, sizobe sikhuluma ngendaba ebalulekile, eyodwa ezinzima kakhulu "
3099,1599,0.1328,Izinkinga zomshwalense uma ngabe uvelelwa yingozi bese kutholakala ukuthi imoto yayithwele ngokweqile. Ukugibela ibhayis,"Ukuhlwanyela umhlaba kanye nokucindezela kwawo kuhambisana nazo zonke izenzo emapulazini: ukuhweba, ukujova, ukuvuna, nj"
327,6441,0.1328,Izindlela ezisebenzayo zokukhipha nokuthutha okungamanzi okulahlwayo kuzonikezelwa. izinhloso zenu zizobheka iyiphi intu,"Imicimbi Yesintu Imishado yesintu igcwele imicimbi ehlukene, efaka phakathi ukudla, umculo, nez dances. Ukudla okwenziwa"
7303,3567,0.1328,Angeke kuze kube nencazelo yalokhu kucekela phansi okungenangqondo kanye nale ndlela yokuziphatha enonya nodlame. Siyeth,I-Commission yeZinsizakalo Zomphakathi (PSC) iyisikhungo somphakathi esizimele esisungulwe ngaphansi kweSigaba 196 soMth
1064,4326,0.1328,"Ekusungulweni kwe-NER(Umlawuli kagesi ezingeni lika Zwelonke) ngoMbasa enyakeni ka-1995, I-NER yazibophezela ekwenyuseni",Akaphuthelwa ukufuna izeluleko futhi ufunda kuyo. Inhlangano ye-OVK isize uSamuel ngemali yokukhulisa izitshalo kulo nya
4556,7770,0.1328,"Umsolwa washintsha amapuleti endleleni ngesikhathi ehambisa izinto. Uma onke amathenda esehlukanisiwe, izinga lokusebenz",Izingxoxo zePhalamende ngesikhathi se-Presidential Question Time Izingxoxo zePhalamende zidlala indima ebalulekile ekubh
3191,481,0.1328,C.4.7. Samukela iqhaza lokuziveza kuqeqesho oluqhubekayo nasekuthuthukiseni umsebenzi waso. C.4.8. Sithembekile futhi si,"Ukulalelwa kwePhalamende ngenkinga kagesi Ngomhla ka-15 kuMfumfu 2023, iPhalamende laseNingizimu Afrika libe nempikiswan"
2288,449,0.1328,"abane abatshengisa amaphoyisa eSoweto naseSebokeng ezintweni ezintshontshiwe bacashisiwe. yonke inhlawulo nemali, uma il","Namuhla, izimoto eziningi zisebenzisa ubuchwepheshe obuphambili, njengezinhlelo zokusebenza ezikwi-inthanethi, ezivumela"
6530,7755,0.1328,21. (1) IBhodi ngokubonisana neLungu loMkhandlu oPhethe kumele liqoke umuntu ofanele njengesiKhulu esiPhezulu senkampani,c kumele ihlinzeke ngokuqhathaniswa kwezimali ngezikhathi ezichaziwe mayelana nendlela esetshenziswe; futhi d ihlinzeke 
6445,7755,0.1328,"Uma umuntu onikezwe isaziso ngokwesigatshana (1) ehluleka ukuhambisana nemibandela ebekiwe ngesikhathi esinqunyiwe, iSik",c kumele ihlinzeke ngokuqhathaniswa kwezimali ngezikhathi ezichaziwe mayelana nendlela esetshenziswe; futhi d ihlinzeke 
3674,5694,0.1328,"Isibonelo 2: Umphathi jikelele wezezimaliuthola ukungasetshenziswa kahle kwezimali egatsheni lezezimali, abaphathi kulel","Ungumuntu ophinde wabizwa enkantolo, uMnu. Mgcinisihlalo. Uxhumano phakathi kokuhlela izinga lenzalo okwenziwa yiBhange "
5891,5679,0.1328,"Noma kunjalo, lolu Hlelo Lokwethula iZidingo zoMphakathi luyonquma inkambo namaqophelo ngokubheka ubukhulu bomphakathi f",Ukuphatha impahla yomntwana ongakwazi ukuphatha yena futhi abanye abangakwazi ukuphatha izindaba zabo. Umphakathi ungumu
4826,5664,0.1328,Ngamanye amazwi loHulumeni uzibophezele ekutheni wonke umuntu abe nendawo yokuhlala ehloniphekile noma ngabe ukuliphi iz,"Ngaphezu kwalokho, umkhankaso we-Fees Must Fall ube nomthelela omkhulu ekwakheni umqondo wokuzimela phakathi kwabafundi."
2285,6453,0.1328,"Ngale kweqhaza lokuhlela olwenziwe phambilini, uhlelo lwentuthuko edidiyele selubonakala njengomsebenzi wokusingatha oma","Kulezi zikhathi, kuchazwa ukuthi imiphumela yokwelashwa akukhona kuphela okufanele kube nemikhuba yokulwa nezifo, kodwa "
7063,6455,0.1328,Impendulo yami ithi QHA! Njengohulumeni wonke ngiyenesilwa ukuthi isisekelo esakhe kusona kuleminyaka engu 14 eyedlule s,Imfundo esekelwe emiphumeleni iyisisekelo sesifundo eNingizimu Afrika. Ihloselwe ukuqinisekisa ukuthi bonke abafundi ban
2556,6407,0.1328,I-NSI ibona ukuthi ukuqamba kungenzeka kuphela kubantu kanye nemiphakathi eqambayo ngaphakathi kwendawo ekuvumelayo egqu,Ukuqinisekisa ukuthi zonke izinkokhelo zikhona phakathi kwezinsuku ezithile kuzokwenza kube lula kubasebenzi ukuhlela iz
5304,6407,0.1328,"Uma izizathu sezinikeziwe futhi lolo hlangothi oluthintekayo lukholwa ukuthi azikho emthethweni, futhi azilandeli inqubo",Ukuqinisekisa ukuthi zonke izinkokhelo zikhona phakathi kwezinsuku ezithile kuzokwenza kube lula kubasebenzi ukuhlela iz
7405,6429,0.1328,Ukweboleka kwesikhathi eside kuvame ukuba ngaphezu kweminyaka emihlanu. Iqhaza leBhange lokuxhasa ngezimali lifaka ukuhl,Ulwazi oluhlongozwayo lungahlelwa ukuze kukhiqizwe isethi yedatha enembile. Imibiko evela kwamanye amazwe ibonisa ukuthi
1087,6399,0.1328,"o noma imuphi umthethomgomo, umthetho-saziso, isaziso sikahulumeni kumbe isiyalelo esikhishwe ngokuhambisana nale mithet","Kunemibandela eminingi echaza intshisekelo evukile yokuthuthukisa abalimi abamnyama eNingizimu Afrika, njengokuthi: umhl"
5467,1778,0.1328,"Okulandela lapho, isilinganiso sezwe semikhiqizo kudingeka sithuthukiswe ukuze sikhule ngokushesha, kube nemisebenzi eya","Ushintsho kumgomo 21.06. b Ngaphandle kokugunyazwa yiKomishini, uzokwakha futhi agcine uhlelo lokuhlola imikhiqizo eziny"
5515,1782,0.1328,"Nangaphezu kwakho konke, I-MHSI ingumlingani wakho kwezempilo nokuphepha. Kungabe ngokwehhovisi lezokuhlola, uhlelo olwe",Abaphathi baphathiswa (ngokweSigaba 66 sika-2008 mayelana nokubalwa kwezinhloko zonyaka ka-2009) ukuba banikeze ulwazi o
6818,1739,0.1328,Le nhloso sesiyifezile kanti lapha oGwini size sadlulela ngoba sikwazile ukwakha ama-MPCC eDududu naseBhomela. Ukwakhiwa,"Isingeniso Ukugonywa, okwaziwa nangokuthi i-vaccination, kuyinqubo ebalulekile emhlabeni wonke, futhi kudlala indima enk"
2400,6390,0.1328,Emsebenzini isisebenzi sigqoka futhi siziphatha ngendlela ekhulisa igama lalowo osebenzela iSizwe. UHulumeni kanye nomph,"Nokho, ngokuhamba kwesikhathi, kufanele sithole izixazululo ezithile zokuphatha, futhi sihlinze ngokuqondisa kuyo yonke "
3405,6364,0.1328,"Ngokungangabazi, isimo siyaba yimbangela ngezindlela eziningi ekuzinzeni ngokujulile kwentando yabantu ezweni. Ezobuchwe","Lokhu kubangela ubudlelwano phakathi kwabantu, lapho bejabulisa futhi befundisa ukuba basebenzisane. Izinsiza ezitholaka"
2786,6368,0.1328,njengemibandela yokumbandakanyeka kuzinhlelo zokuqeqeshwa nokuthuthukiswa kwabasebenzi; kanye v nanjengombandela wokwemu,Ukusungulwa kokuphathwa kwezinsiza zabantu okuhle nezindlela zokuthuthukisa imisebenzi. Ukuphathwa komphakathi kufanele 
5551,5644,0.1328,Umgomo ukukhuthaza isiko lokubeka izinto obala kanye nokukwazi ukuzibophezela ezikhungweni zikahulumeni nalezo ezizimele,"Isigaba 14 sichaza kahle izidingo ezincane zaleli bhukwana. Ngokuhambisana nomthethosisekelo nomthetho, i-DHA iletha le "
3991,5646,0.1328,"Ngaphakati kohlelo lokuphatha, umkhiqizi ufanele alinganise ingxenye yezinto ezihambelana nokuphatha ibhizinisi: ukuthat","Isinqumo sikaPistorius sathathwa ngemuva kokuba abavivinywa bephikisana nezimpikiswano eziningi, ezaziphakanyiswa ngama-"
1265,5650,0.1328,Kuyasijabulisa ukubona ukuthi umasipala woGu usuvele uphezu kwemizamo yokulungisa ukuhlinzekwa komphakathi ngezindlu zan,"Ukuze kufezwe umgomo kahulumeni wokuthuthukisa impilo engcono kubo bonke, nokwenza uqinisekise ukuthi isizwe sidlala, uk"
7085,2499,0.1328,Qaphela: 1. Lelifomu kufanele ligcwaliswe ngamagama ngezinhlamu ezinkulu. Awuphoqelekile ukugcwalisa izinombolo 5 no 6 k,"UNgqongqoshe Wezobuciko, Isiko, Isayensi kanye Nobuchwepheshe wamukela iziphakamiso zokunqoba abantu abalandelayo, abakh"
4642,2239,0.1328,Izisebenzi kumele ziqondisise ukuthi okubonakalayo akuchazi ekunikezeni noma ekuvezeni ulwazi. Njengoba kunzima ukunikez,"Abanikazi bezihlahla abanemvume eyakhishwa ngaphansi koMthetho Wezinkuni, 1998, abadingi ukubhaliswa, njengoba sizobathu"
2539,6329,0.1328,"Lokhu kuchaza ukuthi, ukulandela uMthetho siSekelo isisebenzi seSizwe kumele siqiniseke ukuthi izinqumo ezithathwayo kan","Izinhlelo Zokuqeqeshwa Nokuthuthukiswa Kwamakhono Abasebenzi Ngomhla ka-15 kuNhlangulana 2023, umphakathi wezokusebenza "
70,1835,0.1328,"Ukubekwa kwezikhathi zokudoba kuzokhonjiswa kakhulukazi yizinto eziphathelene nezesayensi yemvelo, kodwa kuzophinda kubh","Kusukela ezikhathini zasendulo, abaholi bendabuko benze imisebenzi ebalulekile ezindaweni zabo nasemiphakathini. Ingxoxo"
3821,1797,0.1328,Ukushayela ngesivinini esingaphezulu kwaleso esibekwe ebhodini lomgwaqo kuyisizathu sokushayisana kwezimoto okungaphezu ,"Izinselelo Zempilo: Uhlanga Olubhalela Umzabalazo Wethu Empilweni, izinselelo zihlala zikhona, zifana nezikhukhula eziph"
242,6255,0.1328,Kodwa-ke izinkinga eziphathelene nokungabekezelelani ngokwebala noma ukungahloniphani ngokwamasiko yiyona nto ebonakala ,"Kukholelwa ukuthi ngalezi ziqondiso, zonke izinhlangano ezibhaliswe ngaphansi kweMthetho Wokusebenza Kwezinhlangano Ezin"
5192,6220,0.1328,"Loku kubangwa yizinto ezinje ngokushushiswa kukakhomishane wamaphoyisa, ukumiswa emsebenzini komqondisi omkhulu ehhovisi","Lokhu kuhlanganisa izitifiketi zokuhlola ezikhombisa ukuthi unempilo enhle, futhi ungaphinde uhlinzeke ngemininingwane e"
6305,2323,0.1328,Nokwakha iNingizimu Afrika ebuswa ngentando yeningi nebumbene futhi ezokwazi ukubamba iqhaza layo elifanele njengombuso ,"Sipho Dlamini, ubelokhu ebekezela ekuhlinzekeni ngobuhle bendlela yokuhlonipha imiyalo yomthetho. Ngesikhathi evidwayo, "
6133,2312,0.1328,Kuyinto ephawulekayo ukuthi izilaha zibhekwa njengezindawo zokuhlukanisa okukuzo futhi noma isiphi isilwane esingena kul,Lokhu kuzokwenza kube lula emzimbeni wakho ukwakha indawo efanele yokukhulelwa. Isinyathelo 4: Ukuhlola Impilo Yezokwela
2081,3658,0.1328,Umqondo wemingcele uphathelene nemfundiso yokusebenza ngendlela egculisayo. Umkhawulo wamandla ulingana nomngcele wokuse,"U-NaJane uthi... Ezindabeni (amaphephandaba, ithelevishini, umsakazo) zalesi sikhathi, kukhuluma okuningi i-ANC Youth Le"
7413,3658,0.1328,Umqondo wemingcele uphathelene nemfundiso yokusebenza ngendlela egculisayo. Umkhawulo wamandla ulingana nomngcele wokuse,"U-NaJane uthi... Ezindabeni (amaphephandaba, ithelevishini, umsakazo) zalesi sikhathi, kukhuluma okuningi i-ANC Youth Le"
2916,3681,0.1328,"Ngesikhathi sokungenelela kusukela lapho, sesibhekene nezinselelo eziningi kodwa saphinde sazinqoba. Gcina isikhwama sak",UNgqongqoshe kumele akhiphe imithetho ethile mayelana nanoma yisiphi isihloko okufanele anqume ngaso ukuze kuqinisekiswe
1797,4287,0.1328,Ukunikezela amamaki ezinga lokusebenza konyaka : Ukunikezela ngamamaki okwenziwa komsebenzi konyaka njengengxenye yokuhl,Ezokwakhiwa Kwengqalasizinda: Umgomo Wokuthuthukisa Izwe Ezokwakhiwa kwengqalasizinda ziwumgomo obalulekile emhlabeni wa
2895,4287,0.1328,Ukunikezela amamaki ezinga lokusebenza konyaka: Ukunikezela ngamamaki okwenziwa komsebenzi konyaka njengengxenye yokuhlo,Ezokwakhiwa Kwengqalasizinda: Umgomo Wokuthuthukisa Izwe Ezokwakhiwa kwengqalasizinda ziwumgomo obalulekile emhlabeni wa
2101,4283,0.1328,"Uma umfundi ekhononda kuwe noma uma usola ukuthi uyahlukunyezwa, mvulele ifayili yecala. Emva kokuthola isicelo kanye ne","Umbuzo 3: Yiziphi izinzuzo ezivela ekusetyenziswa kwe-AI? Mnu. Mkhize: Kunezinzuzo eziningi. Okokuqala, i-AI ingasiza ek"
3976,4261,0.1328,"Uma obhalisayo enesesekelo sokuphelisa ukubhaliswa kweqembu labantu njengomphakathi wokufuya izilwane, noma womphakathi ","Ukuhlola izinqubo ezithile zokunakekela kuzokhulisa umoya wokuzimisela nokwazisa imikhuba emihle. Lokhu, ngesikhathi esi"
5046,270,0.1328,UMkhandlu kufanele usebenzise... a Noma iyiphi imali okukhulunywa ngayo esigabeni 1 ngenhla ngokuhambisana nesitatimende,"Kanjalo, ezinye izifundazwe zikhuthaza ukuphepha komphakathi, njengoba abantu beqala ukufunda ngalesi sifo. Lokhu kubalu"
1560,7810,0.1328,"Siyazi ukuthi iNingizimu Afrika ayithintekile ngokunamadla kunamanye amazwe. Ngempela, ngesikhathi lapho abanye benokweh",Uma ukusetshenziswa kwamanzi kungahlanganisiwe ezidingweni zokubhaliswa ngokuhambisana nesaziso esikhishwe ngaphansi kwe
766,7810,0.1328,"Siyazi ukuthi iNingizimu Afrika ayithintekile ngokunamadla kunamanye amazwe. Ngempela, ngesikhathi lapho abanye benokweh",Uma ukusetshenziswa kwamanzi kungahlanganisiwe ezidingweni zokubhaliswa ngokuhambisana nesaziso esikhishwe ngaphansi kwe
1897,2200,0.1328,"Ama""Activity Spines"" ajwayele ukubizwa ngama""Corridors"" entuthuko, kanti avame ukuba emigwaqeni emikhulu esuka noma eya ","Okwesibili, kukhona ukuhlinzeka ngezinsiza ezanele zokuphatha imfucuza. Ukushintsha izikhungo zokuhlunga ukuze kube nzim"
3972,5749,0.1328,Kunezigigaba eziningi ezikhombisa ukuthi ukungaphumeleli kwemisebenzi akubangelwa ukungasebenzi kahle kwabaxhaswa kuphel,"uMangosuthu Buthelezi: UButhelezi ungumholi obalulekile emlandweni wezwe lethu, owaziwa kakhulu njengomholi weqembu le-I"
4493,6228,0.1328,Ukusungulwa kwezinhlobo ezihlukile zokuvikelwa kuthunaza ukuzimisela kwethu ukuqhuba izibopho ze -IKS Policy ngempumelel,"Ukuvulwa komnotho waseNingizimu Afrika ngo-1994 kuphumelele ukuvimbela abalimi ngokumisa ukuxhaswa kwezimali, okwenze uk"
1093,6229,0.1328,"UHulumeni, eyedwa, ngeke azinqoba lezi zingqinamba. Ngakho-ke, uMnyango uyaqhubeka nomzabalazo wokuqinisekisa ukuthi kuy",Lezi zinhlelo kufanele zihlelwe futhi zisebenzisane nemiphakathi eqondiwe ekubhekaneni nazo zonke izinkinga zomphakathi 
4475,1934,0.1328,Angeke sivumele iqembu labo ukuba lihambise iqembu lokuduna izimoto ngemuva kwezindlu zabo - sengathi sihlala ezweni eli,Ukunakekelwa Kwezingane Ezisanda Kuzalwa Ezibhedlela Ukunakekelwa kwezingane ezisanda kuzalwa ezibhedlela kubalulekile u
8178,1901,0.1328,kuqinisekiswe ukuthi zonke izakhamuzi ziyazi ngelungelo lazo elishicilelwe kumthethosisekelo mayelana nolimi; nokuthi ku,"Lokhu kusebenza kahle esemthethweni, umphakathi udinga ukuba uqinisekise ukuthi unenkanyezi enyangeni eduzane. Ngakho, n"
5157,6179,0.1328,"Inqubo yamalungiselelo kumele ifake igalelo ekuzilungiseleleni komasipala ngenqubo ye-IDP. Ngakho, akekho oyothatha isin",I-SARS iqukethe inani elikhulu lolwazi eliqoqa ngesikhathi ikwenza imisebenzi yayo yansuku zonke yokuhlanganisa imali ye
1354,6179,0.1328,"Lokhu kuzohlanganisa ngokuyinhloko ukwenziwa lula kohlelo lwabasebenzi, ukufaka abalingani kanye nokukhishwa kwemisebenz",I-SARS iqukethe inani elikhulu lolwazi eliqoqa ngesikhathi ikwenza imisebenzi yayo yansuku zonke yokuhlanganisa imali ye
2713,6155,0.1328,"Ngo-2003 the Umnyango Wezemidlalo, Ezokungcebeleka, Ezobuciko Namasiko wagunyaza uhlolo locwaningo ngokuphathelene nolim","Impendulo: UHuawei ibhekene nezinselelo eziningi, ikakhulukazi ngenxa yokuphikiswa kwezinye izizwe, ikakhulukazi i-Unite"
7606,6158,0.1328,Isaziso okukhulunywa ngaso esiqeshaneni asiphoqelelwe ukusebenza uma umasipala ehluleka ukususwa kwengxenye yepulani lom,"Kuyaphawuleka ukuthi lokhu kuhlangene neNamibia, okuyisixazululo esisodwa sokuphatha izidingo zokuthuthukiswa. Ngokusebe"
6608,6095,0.1328,Ukwakha uhlaka lokubambisana kwezokuxhumana okunikezwa ulwazi ngombono ohlanganisa konke maqondana nezinhloso zentuthuko,"I-EU ibhekelele izinkinga ezithinta ubulungiswa, ikakhulukazi uma kukhulunywa ngamalungelo abantu, ukuze kuqinisekiswe u"
5461,5720,0.1328,"Izisebenzi kumele ngaso sonke isikhathi zizibuze ukuthi ziyagculiseka ngempela ngomsebenzi wazo, noma zingagculiseka uma","Ngemuva kokuhlangana kwesine kweKomidi Lezimo Eziphuthumayo okuhlelwe ngomhla kaJuni 11, 2009, iMnyango Wezempilo Yezwe "
4562,2255,0.1328,Osonhlalakahle nabaphathi kufanele baveze amacebo amasha aqinisekisa impatho efanele nenamandla. Kufanele kube khona uqe,Uhlelo oluhlanganisa i-NHISSA luzokwakhiwa futhi luzoba uhlelo olujwayelekile oluhlanganisa izingxenye ezahlukene. Kuyaj
1453,5956,0.1328,"I-LiEP ibhekene nalezi zindaba ezifana nolimi/nezilimi zokufunda nokufundisa ezikolweni zikahulumeni, ohlelweni lwezifun","Ngaphezu kwalokho, singenza kahle uma sithokozisa ubuhlakani bokwenziwa ngokulandela izimiso zokuhlonipha. Ukubaluleka k"
3582,2131,0.1328,"Ngokuhamba kwesikhathi, sekugqame kakhulu abantu abaqeqeshwe kakhulu, izinga elikhulayo lokuthuthukisa indlela yokwenza ","I-sunflower iyinsimu ebalulekile yokukhiqiza uwoyela lapha eNingizimu Afrika, ngokwesiko ikhiqiza cishe ama-ton angama-6"
5048,2131,0.1328,Ezempilo zasemsebenzini kulukhuni ukuzibala nokuzilawula njengalo imithelela yomsebenzi empilweni yomuntu kungelula ukut,"I-sunflower iyinsimu ebalulekile yokukhiqiza uwoyela lapha eNingizimu Afrika, ngokwesiko ikhiqiza cishe ama-ton angama-6"
6583,2137,0.1328,Imisebenzi yala makomidi amancane kufanele icace bha futhi idalulwe ngokusobala kwinqubomgomo yesifundazwe ngaphambi kok,"Amaphutha Emigomweni: Ukuhlinzeka ngemigomo engacacile mayelana namaholo, izikhala ezingenakuhambisana nezinye izixazulu"
2774,2107,0.1328,Lokhu kwenza ukuba ingane ikwazi ukucindezela ulimi kanye nedami kuthintane nethambo kanti futhi ngokwenza njalo bese ik,Ungakuhlola kalula lokhu. Bamba umhole ufinyelele ku-15 cm ubukhulu bese uthatha isampula somhlaba. Zama ukwenza ibhola 
1868,6140,0.1328,Fundisa abantwana bakho indlela efanele yokuphendula ucungo nokugwema ukukhuluma nabantu abangabazi noma ukwamukela izip,"Ngaphezu kwakho konke, ukulayisha imithwalo emisha kubasebenzi, kubalulekile ukuthi bahloniphe izinqumo zohulumeni, babe"
4027,2026,0.1328,Abantu besifazane bangaphezu kwesigamu sabantu baseNingizimu Afrika yingakho-ke kumele amazwi abantu besifazane kumele a,"Ngokuhamba kwesikhathi, uButhelezi waba nomthelela omkhulu ekuthuthukisweni kwezokuthula eNingizimu Afrika, ukuze kube n"
6909,2026,0.1328,Abantu besifazane bangaphezu kwesigamu sabantu baseNingizimu Afrika yingakho-ke kumele amazwi abantu besifazane kumele a,"Ngokuhamba kwesikhathi, uButhelezi waba nomthelela omkhulu ekuthuthukisweni kwezokuthula eNingizimu Afrika, ukuze kube n"
2436,1937,0.1328,Kanti ukutshala kancane futhi kusho ukuthi incane imali engenayo yezinsizakalo eziyisisekelo kanye nezindlu zomxhaso zab,Kukhona imiyalo nezinhlelo ezichaza izinyathelo ezithile okufanele zilandelwe. Le miyalo ayifani nemibhalo esemthethweni
4157,1963,0.1328,Sekubonakele ukuthi wumsebenzi wezifundazwe ukusungula nokuqhuba amaqhinga ehlukene ezokuthutha kulezo zifundazwe. Ukuze,"Nokho, la magama kufanele akhunjulwe futhi aqondwe ngabo bonke embonini ngoba athinta ibhizinisi labo ngendlela ethile. "
2316,6070,0.1328,Umkhandlu wendawo obhekele ukubhalisa noma isikhungo sendawo esihlolela amalayisensi okushayela kumele sihlale njalo sif,Iphakamisa iziphakamiso kuNgqongqoshe mayelana nanoma yiziphi izindaba ezingase zishiwo ngaphansi kwalesi sikhungo; futh
3607,5844,0.1328,"a ngokwezimiso zesigaba- 923b zoMthethosisekelo, siyofakela ulwazi olubekwe esiqondisweni- III J.2 noma- J.3 embikweni w",Noma iyiphi inja yentombazane efanele ukuhlinzeka ngaphandle kokuthi le nja yentombazane igcinwe ngaphansi kokulawula ok
3564,5871,0.1328,"Isibonelo, kuzongena imininingo emisha ezothatha indawo yezingqalasizinda ezikhona njengamanje njengoba iphrojekthi iqhu",INingizimu Afrika ithatha izinyathelo ezidingekayo zokukhuthaza ukuqwashisa. Nazi izizathu eziyishumi zokuthi MANJE yisi
7071,5766,0.1328,Ukuvumelana ngohlelo lokwenza okumisiwe kanye/noma ukulandela uhlahlondlela nenqubo ebekwe kulesisivumelwano kuze kukhin,Uhambo Nokuzijabulisa: Ukuhamba Ngemizwa Nezikhathi Ezinhle Uhambo lokuzijabulisa lusebenza njengomkhumbi obalulekile op
6627,2200,0.1328,"Lesi sitatimende sisebenzisa imikhakha yokufunda ukufeza lezi zinjongo, lokho okulindelekile kanye nemiphumela okumele i","Okwesibili, kukhona ukuhlinzeka ngezinsiza ezanele zokuphatha imfucuza. Ukushintsha izikhungo zokuhlunga ukuze kube nzim"
3389,7810,0.1328,Ngokuphathelene nalokhu kumele kubhekwe kokubili okuqukethwe kanye nesimo noma indlela esetshenziswayo ekusabalaliseni u,Uma ukusetshenziswa kwamanzi kungahlanganisiwe ezidingweni zokubhaliswa ngokuhambisana nesaziso esikhishwe ngaphansi kwe
843,3855,0.1328,"Ukuze uthole olunye ulwazi lokudla ngendlela nokuphila, shayela abezempilo kule nombolo ethi-0860 00 4367. Sijabule kakh","Ngiyavuma, sizoxoxa ngalesi sihloko esithakazelisayo sokuxhaswa kwe-TV licence ye-SABC. Ngabe uyazi ukuthi lezi zimpikis"
5187,3786,0.1328,"Umkhakha obhekelele isimo sabesifazane ngesikhathi sokukhulelwa ubambe iqhaza elibonakalayo kwezempilo, nokuyiwona oqagu",Lokhu kuzoba nenzuzo elungile kulwazi olunikeziwe nabantu ababamba iqhaza kulomkhakha. Izinsiza ezidingekayo zihlanganis
7264,4210,0.1328,Akukho malungelo alowo onemvume yokusebenzisa irenki yamatekisi noma yamabhasi ngaphansi kwale Mithetho ayovimbela uMkha,Ukwenza isinqumo mayelana nesicelo sakho. Umhlahlandlela weKomishini Yamalungelo Abantu. Ukuqoqa izintela; nokulawula uk
3244,4173,0.1328,"Loku ukuqedelelwa komsebenzi owaqalwa ngonyaka we-1995, lapho ngaqoka iQembu lokuSebenza lokuHlela uLimi (LANGTAG) ukuze","uElon Musk Umbuzo 1: Ubani uElon Musk? U-Elon Musk ungumholi ophambili kwezobuchwepheshe, umphakathi wezomnotho, kanye n"
1069,7898,0.1328,Abenzi bezicelo bayohlolwa ngolwazi abanalo kanye nokubandakanyeka kwabo ngaphambilini ekudotshweni kwezinhlanzi ezinkul,Qinisekisa ukuthi akukho umsindo ophakeme ozophazamisa abantu. Nika abantu ithuba lokubuza imibuzo nokwabelana ngemibono
2970,7882,0.1328,Izakhamuzi zaseNingizimu Afrika kumele ziphendule ukwehluka kwazo ngokolimi nangamasiko kanye nenselele yobuliminingi ob,"Ukwandisa izinsiza zokwakha ukuze kuthuthukiswe impilo yezwe lase-Afrika nokuphathwa. Impela, izincwadi ezivela eTimbukt"
1354,4141,0.1328,"Lokhu kuzohlanganisa ngokuyinhloko ukwenziwa lula kohlelo lwabasebenzi, ukufaka abalingani kanye nokukhishwa kwemisebenz","U-Mnu. Mthembu uthe, ""Siyazi ukuthi izinsiza zethu zibalulekile empilweni yabantu, futhi sizokwenza konke okusemandleni "
4080,71,0.1328,Isiphathimandla esiphawulwe esigatshaneni 1 singedlulisa noma yiliphi igunya noma umsebenzi esinikwe wona ngaphansi kwal,"D.1 Lapho kungase kube nokungqubuzana kwesithakazelo uma kwenziwa noma iyiphi inqumo mayelana nokuqashwa, umphakathi omk"
1716,33,0.1328,Ukusebenzisa ngendlela imali ekhona yiyona ndlela KUPHELA. Ngaphandle kwezindlela zokunciphisa izindleko ezigunyazwe yiK,"Izinkondlo: Umcimbi Wokubhalwa Kwezinkanyezi Ngaphansi kwezinkanyezi ezikhanyayo, umcimbi wokubhalwa kwezinkondlo uhlelw"
5021,7997,0.1328,"Kumele unqume ukuthi uzosebenzisa amapheshi esikhumba(ama-skin patches), ishungamu noma isifutho somlomo esine-nikhothin","Imali Yokufunda: Uhlanga Oludinga Ukubhekwa Ngokuqinile Emhlabeni wanamuhla, ukufunda sekuyinto ebalulekile kakhulu empi"
6100,6421,0.125,"Isigaba sesibili sokuxoxisana kufaka nodaba lokunxephezelwa, ukwabelana umnotho, izinhlelo zokuvikeleka, izinhlelo zokub",Uhlelo lokuhlelwa komthetho ophathelene nekhwalithi yomoya ngenhloso yokuvikela nokuthuthukisa ikhwalithi yomoya eRiphab
378,6404,0.125,"Ngesikhathi esifanayo, sithola isithombe nezinkomba zezidingo zezinsiza ukuze umsebenzi uqhubeke ngendlela egculisayo. S","Igunya elisha le-dplg laba yisisekelo sokuthuthukisa ukuphathwa, ukwandisa ukuhlinzekwa kwezinsizakalo, nokwenza ukuthut"
166,1576,0.125,Ulwazi ngezinhlelo ezahlukene ezinikezelwayo alukakakulungeli ukuthi lungatholakala kumbe kufinyelelwe kulo. Kunokwentul,"Sikhumbula ukuthi abaholi bezombusazwe kumele babe nethuba lokuzilolonga, ukuze bakwazi ukukhuthaza ukusebenza emiphakat"
1796,6465,0.125,a Isitatimende senqubomgomo esibeka ngokusobala ukuzinikela komnyango ohlelweni lokuthuthukisa ababencishwe amathuba pha,"Ngaphezu kwalokho, kufanele siqinisekise ukuthi ubuchwepheshe bukhuthaza ukufunda nokukhula. Lokhu kusho ukuthi izinhlel"
4568,1635,0.125,"Uma umele inhlangano futhi ufi sa ukuthi nabanye bavele kanye nawe phambi kwekomidi, okungaba ukukuxhasa noma ukukhuluma","Lokhu kuvame ukuthatha izinsuku ezimbalwa, kodwa kungase kube nezimo ezithile ezithinta isikhathi sokuphendula. Qiniseka"
2051,1584,0.125,Kanti ngifuna ukukuqinisekisa ukuthi imizamo yakho ngeke izitshwe noma inganakwa. Idolobha selamukele uhlelo lokusebenza,Isigaba 10 soMthetho sidinga ukuthi iKomidi Lezokuphila Lwabantu baseNingizimu Afrika likhiphe imigomo equkethe ulwazi o
7089,1677,0.125,Isigaba sokuphathwa kokufakelela sibhekene nokusungula iminikelo yokwahlukaniseka kwamabhrendi kanye nokuthengisa imikhi,"Izindawo Zezikhungo Zezempilo Ezingama-72 Kwazulu, emhlabeni ogcwele izimanga, kukhona izindawo eziningi ezisemqoka ezik"
7804,6516,0.125,"Ezinyangeni ezimbalwa ezizayo ngokuncika okhethweni lukazwelonke nolwezifundazwe, sizozama ukuqedela lelo gunya elamukel",Izivumelwano Zokufinyelela Kosonkontileka Besithathu: Ukuthuthukisa Ukusebenza Kwezimali Zomphakathi Ngokuhamba kwesikha
3861,6569,0.125,nanoma yiyiphi inja enobudlova noma enolaka ngaphandle uma leyo nja ihlale iboshwe ngentambo noma ngeketanga kuze izivak,Ukuphathwa kwezinhlobonhlobo zolimi eNingizimu Afrika bekukade kunzima ngenxa yokungabi khona kohlelo olucacile lwezilim
3593,6551,0.125,Umhlangano wemukela njengerekhodi eliyiqiniso lalokhu okwakubhungwe ngakho. Azibanga biko izindaba ezivuka emaminithini.,Ukulwa noma ukusebenzisa ulimi oluphambene ezindaweni zemakethe akuvunyelwe. Umsindo omkhulu noma umculo ezindaweni zema
2774,7053,0.125,Lokhu kwenza ukuba ingane ikwazi ukucindezela ulimi kanye nedami kuthintane nethambo kanti futhi ngokwenza njalo bese ik,Uhulumeni bendawo udlala indima ebalulekile ezinhlelweni zokuthuthukiswa lapha eNingizimu Afrika. Uhlelo lokwakha imipha
5675,3126,0.125,"Ukuya ngoloMthetho, umsebenzisi uzoba nelungelo lokuya kundawo yezempilo yakahulumeni ngenhloso yokuthola izinsiza zezem",Lokhu okungakwenzi kule nyanga kungakusiza ugweme ukwenza amaphutha nokuthatha izinyathelo ezidingekayo ngonyaka ozayo. 
2993,3122,0.125,Imizamo yokunciphisa igebe lojikelezo lwamacebo amasha igxile kakhulu ekuxhumaniseni umkhakha wolwazi lwabantu (amanyuve,"Ukuhlaziywa kwesinqumo sikashwele sikaPistorius Ngomhla ka-21 kuNtulikazi 2023, umphakathi ubhekene nesinqumo esikhulu e"
6144,5021,0.125,Ukusetshenziswa komthetho yiziphathimandla ezishushisayo kanye namalungu ombutho wamaphoyisa aseNingimu Afrika. umqondis,Abameleli kufanele balandele imithetho nemigomo kanye nemithetho yephalamende futhi kufanele bahloniphe njalo umthetho. 
1849,5011,0.125,"Siyethemba ukuthi zonke izinhlangano zezepolitiki lapho ziqedela izinhlu zazo zokhetho, zizofaka isandla kulo mzamo omuh","Kukho izinselele ezinzima ezihlanganisayo ubuchopho, kodwa ukuxhumana kufanele kube yimbangela yokuphumelela. Isiphetho "
6304,5011,0.125,"Siyethemba ukuthi zonke izinhlangano zezepolitiki lapho ziqedela izinhlu zazo zokhetho, zizofaka isandla kulo mzamo omuh","Kukho izinselele ezinzima ezihlanganisayo ubuchopho, kodwa ukuxhumana kufanele kube yimbangela yokuphumelela. Isiphetho "
6633,5008,0.125,"i Ngokwesiqephu sesine , banikeza iziqiniseko. Ukunikezwa futhi kwezimali zezikweletu. c Ukuhlanganisa izindlela zokulek","Intsha ibhekene nemiphumela emibi yokuxhumana okungapheli, okubandakanya ukukhathazeka, ukwelashwa kwengqondo, kanye nez"
2684,5066,0.125,"Sihlalo ohloniphekile, umkhakha wesibili obekwe eqhulwini kulo nyaka wezimali odlule bekuyilowo wokusizwa ngamakhono nok",Lokhu kungase kwenzeke ngokusebenza ngenhloso yokuhola inhlangano nokuphatha ngendlela efanele noma nje ukuphatha; njeng
121,1510,0.125,"Imboni yokumbiwa kwegolide iyona ehola phambili ngezingozi zasezimayini, ngenxa yobunzulu bomsebenzi kanye nokugqojwa kw","Isimo Somnotho WaseNingizimu Afrika Isingeniso Ngenkathi sikhuluma ngesimo somnotho waseNingizimu Afrika, kubalulekile u"
8048,1466,0.125,Khumbula ukuthi kuyohlala kungcono ukuthola iwaranti. Okuhle ngayo ukuthi ivikela iphoyisa ukuthi lingabekwa icala nokut,"Umbuzo 5: Yini eyenziwa ngesikhathi sokuhamba? Ngesikhathi sokuhamba, abahlengikazi baqhubeka nokunakekela umgibeli. Bac"
187,209,0.125,"Izindleko zokwehla kwenai lezimpahla. Lokhu kuyisikhokhelo esingasilo ikheshi, kuhambelana nokwehla kwenani lezimpahla n","25209. Uhlaka lweMithetho Yokuphakanyiswa: Izinga lempesheni 1 kuya ku-12: DPSA 1/7/1/4/1, elandela umhla zingu-27 kuJan"
1711,6540,0.125,Ukuhlinzeka ngokwesekwa kwezokuphatha lukahulumeni emiphakathini. Ukuhlinzekela ubudlelwane obuSimeme phakathi komasipal,Ukugcina ulwazi ngokomthetho eNingizimu Afrika kwaqala ngo-1842 ngokwethulwa kokuqala kweMthetho Wamalungelo Ababhali wa
7797,6279,0.125,Labohulumeni baneziphathimandla zabo nombandela obalulekile wokuqhuba intuthuko. Intando yeningi esabalele umhlaba igciz,Ezinye izindatshana ezibhaliwe lapha kuPula/Imvula zikhombisa izinto ezibalulekile uma kukhethwa izinhlobo ezahlukene ze
194,1835,0.125,Lemvume ingashintshwa ngokubhekelela umonakalo owenzekile. Lo Mqulu awethuli izinhlelo ezintsha sokwengamela imvelo ecek,"Kusukela ezikhathini zasendulo, abaholi bendabuko benze imisebenzi ebalulekile ezindaweni zabo nasemiphakathini. Ingxoxo"
4928,1796,0.125,Umkhakha wezimayini yiwona kuphela onezinga lokukhula elingelihle elalinganiselwe ngokusekela kunyaka. Ubeka phambi kwam,"'Amabhaktheriya' nom 'microbes' aphila kuphela ephepheni eliphezulu lomhlabathi, efika phezulu kuka-150 mm - 180 mm. Iga"
3957,5217,0.125,"Yize leyo nkomfa yabalula imingcele yaseNingizimu Afrika njengoba siyazi namuhla, kodwa yayimiswe ngokucindezela ngokobu","Phakathi kwezinye izinto, wayengumuntu ophakathi kweqembu elimele abasolwa eRivonia. Sifisa ukubonga abangane bethu naba"
4642,5242,0.125,Izisebenzi kumele ziqondisise ukuthi okubonakalayo akuchazi ekunikezeni noma ekuvezeni ulwazi. Njengoba kunzima ukunikez,"Ngaphezu kwalokho, iminyaka yeMpi Yezwe I neMpi Yezwe II yafaka izikhumbuzo ezinzima ezizobangela ukuphakanyiswa kwamalu"
1347,1859,0.125,b Ukukhathazeka kungatholwa yibo bobabili umama kanye nengane njengomphumela wesikhathi esithathwa ekunceliseni lapho in,"Lokhu kuhlanganisa ukuhlukunyezwa, ukuxhashazwa, nokuthola ulwazi olungekho emthethweni. Ngenxa yokuthi abantu bavame uk"
5444,1845,0.125,Umthetho wokwehlukanisa izinto i-Separate Amenities wangcwatshwa kusukela ngesikhathi intsha emnyama nemhlophe enemfundo,"Izinqubo Zezimo Eziphuthumayo EziBhedlela Umxhumanisi: Sanibonani, bangane! Namuhla sizoxoxa ngezimo eziphuthumayo ezikh"
314,6321,0.125,"Uma umfaki sicelo engakwazi ukufunda nokubhala, noma enanoma yikuphi ukukhubazeka okumvimbela ukuthi asebenzise amalunge","Lolu hlelo kufanele luhlanganise izici ezibalulekile ezifana nembono yebhizinisi, izinjongo, iziteshi zokuthengisa, kany"
4631,6390,0.125,"Amabhodi enkasa akhona, amabhodi amanzi ezinhloso zokunisela impahla kanye namabhodi okuphatha amanzi abhekela ukusetshe","Nokho, ngokuhamba kwesikhathi, kufanele sithole izixazululo ezithile zokuphatha, futhi sihlinze ngokuqondisa kuyo yonke "
6031,6390,0.125,Umphathi we-IK - Isu Elingumnyombo Wokuthuthukisa: Abaphathi be-IK kumele bazibandakanye ngokunomqondo ohlelweni kuwo wo,"Nokho, ngokuhamba kwesikhathi, kufanele sithole izixazululo ezithile zokuphatha, futhi sihlinze ngokuqondisa kuyo yonke "
3389,1782,0.125,Ngokuphathelene nalokhu kumele kubhekwe kokubili okuqukethwe kanye nesimo noma indlela esetshenziswayo ekusabalaliseni u,Abaphathi baphathiswa (ngokweSigaba 66 sika-2008 mayelana nokubalwa kwezinhloko zonyaka ka-2009) ukuba banikeze ulwazi o
5916,5094,0.125,Ngiyawazi umlando mayelana nemizabalazo ye-Logra Civic kanye nemiphakathi eyayiyisebenzela futhi esayisebenzela namanje.,"Ukucindezeleka, ukukhathazeka, nokwehla kwemizwa kungenzeka kube yizimfanelo ezivame ukuvela ngenxa yokuxhumana okungaph"
1655,5078,0.125,"Ehanjiswa kubo . Amaphini Abaqondisi Jikelele, Abaqondisi Abakhulu kanye naBaqondisi eHhovisi Eliyinhloko namaHhovisi Ez","Enye indlela ehlobene nokuphatha le mithombo yonke ukumaketha - lapho kungekho emakethe umkhiqizo, ukukhiqizwa akusizi. "
5145,5071,0.125,"Empeleni, sikwazile ukudlula phakathi kwezinxushunxushu ezinkulu, futhi eqophelelweni ngalinye kule ndlela, kuye kwading","Isiphetho Ngokubheka konke lokhu, othisha bahlala bebalulekile empilweni yethu. Bahlala bejolise ekwakheni izizukulwane "
6408,5148,0.125,Ngubani ozohlomula kulo Mklamo wakho futhi uzohlomula kanjani? Lo mklamo wakho ugxile emaqenjini abantu abeneminyaka emi,"Inkokhelo yesithathu imele umthwalo wentela ophelele wonyaka, kuncishiswe intela yabasebenzi ekhokhiwe wonyaka noma enye"
5726,5111,0.125,Ingabe beziseningi yini izimoto zezikhulu ezisalindele ukujikela enkudleni? Imisakazo yangasese kumele iphoqwe ukuthi ik,Ulwazi lwezezimali olungasetshenziswa olungaholela ekukhuleni kwezimali okungapheli ludinga ukukhuthazwa nokuthuthukiswa
5316,5161,0.125,Lo mhlangano wokucobelelana ngolwazi uzohlanganisa ukuxubana kokulinganisa ubulili kwindawo yabaphathi abasezingeni elip,"UNgqongqoshe njengomnikazi, ngokusekelwe eziphakamiso ezenziwe yiNational Ports Authority angase athumele izeluleko kuNg"
3066,3024,0.125,"Khumbula - amathayi yizindawo ezincane ezixhumanisa imoto nomgwaqo, esimweni esomile nesimanzi sezulu. Into ebaluleke ka",Ngiyajabula kakhulu ukwethula kubantu baseNingizimu Afrika isu lokuthuthukiswa kwamakhono kazwelonke. Lokhu kuyingxenye 
5117,3022,0.125,Nokho-ke siyakuqonda ukuthi kusafanele senze okuningi ukuze sifinyelele ku 51% wesibalo sabasebenzi besifazane. Sizoqhub,"b Thuthukisa ukuvikelwa nokufinyelela ekuqinisekiseni ubulili obulinganayo; futhi c ukuqapha, ukuhlola nokuhlonza ukuhlo"
2895,1761,0.125,Ukunikezela amamaki ezinga lokusebenza konyaka: Ukunikezela ngamamaki okwenziwa komsebenzi konyaka njengengxenye yokuhlo,"Lapho siqonda ukuthi umuntu ubamba ikusasa lakhe ezandleni zakhe, sizokwazi futhi ukuthi akusizi ukuhlinzeka umuntu ngen"
1797,1761,0.125,Ukunikezela amamaki ezinga lokusebenza konyaka : Ukunikezela ngamamaki okwenziwa komsebenzi konyaka njengengxenye yokuhl,"Lapho siqonda ukuthi umuntu ubamba ikusasa lakhe ezandleni zakhe, sizokwazi futhi ukuthi akusizi ukuhlinzeka umuntu ngen"
7089,5095,0.125,Isigaba sokuphathwa kokufakelela sibhekene nokusungula iminikelo yokwahlukaniseka kwamabhrendi kanye nokuthengisa imikhi,"Iphrofayela kaThandiwe Mthembu: Umzamo Wokuphila Ngempilo UThandiwe Mthembu, umama oneminyaka engama-35, uhlala edolobhe"
1554,1337,0.125,Imininingwane ehluziwe ibe isihlelwa ukuze ikhiphe isethi yemininingwane eliqiniso. Imibiko evela emazweni aphesheya kwe,"Ukwenza kahle kulezi zinyathelo kuzothuthukisa umphakathi, kuqinisekise ukuthi izinqubo zisebenza ngendlela efanele, fut"
5545,1338,0.125,Inhloso yokumiswa kwe-CMA ukubandakanya imiphakathi yendawo ekuphatheni imithombo yamanzi. I-CMA iphatha imithombo yaman,"Lokhu kudala umoya wokungazethembi, ikakhulukazi kubantu abasha abathola ukuthi izinga labo lokuphila lilinganiswa ngemp"
6627,1338,0.125,"Lesi sitatimende sisebenzisa imikhakha yokufunda ukufeza lezi zinjongo, lokho okulindelekile kanye nemiphumela okumele i","Lokhu kudala umoya wokungazethembi, ikakhulukazi kubantu abasha abathola ukuthi izinga labo lokuphila lilinganiswa ngemp"
3727,4801,0.125,Kungani uhlelo lwezomnotho lwalelizwe kusenzele abantu abaningi kangaka babe mpofu? Ukwehla kwezimilo kufana nendwangu e,"Lokhu kudinga ucwaningo olunzulu ukuze kuqondwe izitayela zokuthenga, izifiso, nezidingo ezithile. Lokhu kuzobasiza ekwa"
718,4794,0.125,i iqoqo namakhophi ako konke ukuphawula okwatholakala ngesikhathi sokuxhumana; kanye j nalo lonke ulwazi olucelwe yisiph,"Izibhedlela zisebenza ngokuqhubekayo ukuze zibone izixazululo, zifaka phakathi ukusungula izinhlelo zokuxhasa abesifazan"
6233,4807,0.125,"Isivumelwane saseKhartoum sika-1988 sabeka sathi: ""Ngoba umuntu uyisizinda sayo yonke intuthuko, isimo senhlalo yomuntu ","Ngonyaka ka-1994, uhulumeni we-ANC waqala ukuhlela izinhlelo zokuhlinzeka ukudla ezikoleni, okwakuhloswe ukusiza izingan"
2764,3225,0.125,Uhlu lonke lolwazi kumele lwenganyelwe ngokubhekwa kwesu eliqondile ngokuphathelene nokuthuthukiswa Kwesayensi Yezindaba,Le bhukwana lenzelwe njengesiqondiso sokuthi amalunga omphakathi angafinyelela kanjani ulwazi olugcinwe yi-GCIS. Ichaza 
267,3210,0.125,Abantu abavela ngaphandle baqala ngokuba ngabafundi bese bekwazi ukuba ngabeluleki abakhuthazayo. Umnyango wezeNhlalakah,"Ukukhuphuka Kwezindleko Zokuphila Ngonyaka ka-2023, umphakathi waseNingizimu Afrika ubhekene nenkinga enkulu yokukhuphuk"
1519,3182,0.125,Umbiko ogcwele ngale khomishani utholakala esigabeni sokuVikelwa kwaMalungelo ethu. Isigaba 9 soMthethosisekelo sihlinze,Ukubambezeleka kwephrojekthi ye-digital migration eNingizimu Afrika 1. Isingeniso Ukudlulela kwedijithali kuyinqubo ebal
1721,4849,0.125,"Amaphoyisa azokwazisa ukuthi ungeza yini ezinqubeni zasenkanto-lo, nangosuku noma izinsuku. Unelungelo lokwazi ngosuku l",Ngiyajabula ukukwethulela umphakathi waseNingizimu Afrika umthetho ophakanyisiwe wezokudlala nezokuzijabulisa. Lo mtheth
8054,1462,0.125,"Umkhandlu wezoKhungo zoHwebo kanye neziMboni (i-COTII) wasungulwa, uhlanganisa iBhodi yokuPhatha ye-dti, iziKhulu eziPhe","Impendulo: Iyunivesithi kumele iphathe izifundo ezinhle, imfundo ecacile, futhi ibenze bekhuthazwe ukuhlola izindlela ez"
5809,1190,0.125,Kufanele kube nolunye uhlelo olulindile noma olungodliwe futhi kufanele lubukezwe njalo. Lowo nalowo mlimi noma umuzi ku,"Izinhlelo zokusebenza ze-‘app’ ziye zaba usizo, lapho abahlali bengathumela khona izithombe noma babele izinkinga zempil"
3022,1176,0.125,"Kumele ube namalungu, ukwazi ukuveza ubufakazi bokuthi ujwayele ukubamba imihlangano yamalungu noma ukulungele ukuba nom","Mnu. Mthethwa: Yebo, izinselelo zikhona. Enye yezinselelo ezinkulu ukungabi khona kwezindlela ezinhle noma izimo zezulu "
5444,1245,0.125,Umthetho wokwehlukanisa izinto i-Separate Amenities wangcwatshwa kusukela ngesikhathi intsha emnyama nemhlophe enemfundo,Lokhu kuveza ukuhlukahluka komphakathi futhi kuholele ekwakhiweni kwenkulumo nezinkanyezi ezintsha. Uhlanga Lokukhuthaza
3606,6903,0.125,Sihlose ukwakha umnotho wesibili ngezinhlelo esaziqala ngonyaka odlule. Engakapheli uJune umnyango wezokuthuthukisa umno,"Lokhu kubangelwa yizizathu eziningi, kuhlanganisa nezinga eliphansi lemfundo, ukungabi khona kwamathuba emisebenzi, kany"
314,6944,0.125,"Uma umfaki sicelo engakwazi ukufunda nokubhala, noma enanoma yikuphi ukukhubazeka okumvimbela ukuthi asebenzise amalunge",Ukubamba iqhaza kwabantu kuyisisekelo esibalulekile sokwakha idemokhrasi yethu; kuyindlela eyodwa yokwenza ukuthi uhulum
4909,6942,0.125,I Ningizimu Afrika ne Tunisia ithokozela ubudlelwano obunenjabulo futhi obusiza ndawozombili kanti uhulumeni waseTunisia,"Lokhu kuzohlanganisa ukuhlela kabusha uhlelo lwabasebenzi, ukubandakanya ozakwethu, nokususa imisebenzi engadingekile. U"
4061,6942,0.125,Ulwazi lwakho mayelana nezakhi ezingxenye zepulantela lungakanani? Funda lokhu okubhaliwe lapha ukuze uphinde uphakamise,"Lokhu kuzohlanganisa ukuhlela kabusha uhlelo lwabasebenzi, ukubandakanya ozakwethu, nokususa imisebenzi engadingekile. U"
2774,6942,0.125,Lokhu kwenza ukuba ingane ikwazi ukucindezela ulimi kanye nedami kuthintane nethambo kanti futhi ngokwenza njalo bese ik,"Lokhu kuzohlanganisa ukuhlela kabusha uhlelo lwabasebenzi, ukubandakanya ozakwethu, nokususa imisebenzi engadingekile. U"
4875,3349,0.125,Lokhu kuyasiza ikakhulukazi lapho isiguli singakwazi ukudla ukudla okuningi. Iziguli kufanele zikhunjuzwe ukuthi amafuth,"Izikhathi zokuphendula kwama-ambulensi eGauteng Ngokubona kwami, izikhathi zokuphendula kwama-ambulensi eGauteng zibonis"
413,3387,0.125,"Ukuze kuthuthukiswe umsebenzi owenzelwa ababuthakathaka njengabantu abadala, abesifazane, nentsha, sizobuyekeza amakomid","Ngempela, laba baqhawe bamele ukukhumbuza ngesithakazelo esingaguquki sabantu bethu futhi basinika inselelo yokuziphatha"
8096,3264,0.125,Ucabanga ukuthi iziphathimandla ze-SANDF zibhekele izifiso zawo wonke yini amalunga namaqembu kwinqubo yezinguquko? Lezi,Ukunakekelwa Kwezingane Ezisanda Kuzalwa Ezibhedlela Ukunakekelwa kwezingane ezisanda kuzalwa ezibhedlela kubalulekile e
448,1554,0.125,Uma incwadi yokwaba ifa inamakhasi amaningi kufanele uMabiwefa asayide lelo nalelo khasi noma ikuphi ngaphandle kwekhasi,"IMEC inelungelo lokuphikisa isinqumo, ezinsukwini eziyi-28 zokwamukela isinqumo nezizathu zokwamukela isicelo, ngokuhamb"
4188,1524,0.125,a sithathe zonke izinyathelo ezizwakalayo ukuqinisekisa ukuthi ingabe I-EAP ezokhethwa iyahambisana yini nomthetho 18a n,"Usayizi webhizinisi uzokutshela ukuthi ungakwenza kanjani konke lokhu. Kufanele kube ngumfuyi oqala ngokuqhubeka, ozokwa"
564,1392,0.125,Wonke umuntu unelungelo lokuthola imfundo ngolimi olusemthethweni alukhethayo ezikhungweni zemfundo zomphakathi lapho le,"Lokhu kusebenze ngendlela efanayo embonini ye-taxi - kudingeka sisebenze ngentando yeningi nohulumeni bendawo, ezingeni "
1823,3291,0.125,"Kwabe sekwenziwa isincomo sokuthi kusungulwe i MHSI, eyabe izokugxila kuzindaba zezempilo nokuphepha ezimayini. Lezi zik","Lokhu kufaka izinyathelo ezinzima kanti akusizi ukwenziwa ngezwi elijulile. Ukunciphisa lezi zinkinga, kudinga ukuthi si"
5783,3172,0.125,Ithuluzi lokuhlola ukwenziwa komsebenzi kwezisebenzi ezingesiwo amalungu e-SMS (amazinga eholo asuka kwelo-1 kuya kwele-,Le nqubo izodluliselwa kuhulumeni bendawo abazokwakha izinqubomgomo zabo zezilimi ngokuhambisana noHlelo lwezokuphatha l
6777,3162,0.125,"Umanyolo udingeka kakhulu ima sifuna ukukhiqiza umvuno omuhle, kodwa uyadula. Ngakho-ke kubalulekile ukubala nokuthola i",Impendulo: Uxhumano phakathi kokucwaninga nedatha yemfundo lukhona ngokuthi ucwaningo luhlinzeka ngemininingwane ebalule
7719,3161,0.125,Ukufika kwenu ngezinkani kulo mhlangano kufakazela ukuhambisana kwemibono ekhombisa ukuba yisikhathi esiyiso salokhu kux,"Okokuqala, kubalulekile ukuqonda ukuthi lezi zingxoxo ziqala kanjani. Izinsuku ezibekiwe ziba yisikhathi sokuphendula im"
4247,3161,0.125,Manjeke usethi kwamkhanyela bha ngesikhathi esesibhedlela. Ukuqhakambisa izindaba zabadlule odlameni oluhambisana nobuli,"Okokuqala, kubalulekile ukuqonda ukuthi lezi zingxoxo ziqala kanjani. Izinsuku ezibekiwe ziba yisikhathi sokuphendula im"
961,4960,0.125,Sicela wazi ukuthi ngakolunye uhlangothi abathengi banelungelo lokubuza ngemali yokukhokha ezohlangabezana kangcono nezi,"Ngakho, abantu, bazi ukuthi uma ufisa ukusizakala, ukuqonda ifilimu kuyaphumelela, sidlule lapho ukwazi ukuhlola. Lokhu "
3951,4883,0.125,"""Ngiyakuzwa ukuthi uthini Zongile kepha ngebhadi okushoyo akulula neze. Mina ngibona kungaba lukhuni ukuthi ngiyohlawula","Umcimbi uzokwakha ithuba lokuxhumana phakathi kwemiphakathi kanye nemikhiqizo efanele yokulahlwa kwemfucuza, okuzolekele"
1594,1337,0.125,"Ukuze kulungiswe lokhu, amazwe kufanele ahlanganise ezolimo, ezempilo, ezemfundo ze-NEPAD kanye namakhono entuthuko, ama","Ukwenza kahle kulezi zinyathelo kuzothuthukisa umphakathi, kuqinisekise ukuthi izinqubo zisebenza ngendlela efanele, fut"
6012,3061,0.125,"Amalungiselelo enqgalasizinda, ezokuvikela, kanye namalungiselelo okuhamba asenziwe ukuqinisekisa umqhudelwano oyimpumel",Izinhlelo zokuthuthukiswa azizokwazi ukusiza kuphela ukuphathwa kwemiphakathi kodwa kufanele futhi ziqinise ukusebenza k
738,1430,0.125,"Ngibhalise eNyuvesi yaseDurban-Westville ngenza iziqu ze-Bachelor of Science, ngigxile kakhulu ku-Mathematics nakuPhysic",Ukubuyekezwa kwemikhiqizo yokuthengisa kubalulekile ngoba kuqinisekisa ukuthi imikhiqizo ihlangabezana nezidingo zabathe
5635,1417,0.125,Isikhathi sokuvuna siyasondela futhi kusekhona amasimu amaningi agcwele ngokhula. Ukuxoxa kwethu njalo kuyabuyela lokhu:,"Kwathi, ngesikhathi sokulamula, uMaboko wathola ithuba lokukhuluma ngolwazi lwakhe. Wayazi kahle ukuthi ukulalela izinku"
2245,1416,0.125,Ukwenza imigqumo enyakazisayo. Kwesinye isikhathi kuyodingeka ukuba basebenzise ulimi lwabo lwebele njengalapho besuke b,Inqubomgomo yolimi lwesizwe isendaweni futhi isakhiwo somthetho sesisunguliwe. Ukukhuthaza nokuhlinzeka ngamalungelo oku
3607,1413,0.125,"a ngokwezimiso zesigaba- 923b zoMthethosisekelo, siyofakela ulwazi olubekwe esiqondisweni- III J.2 noma- J.3 embikweni w",Siqinisekisa ukuhambisana nokuphathwa kweMthetho Wamaphakheji yiZiphathimandla ZamaPhakheji. Siqapha futhi sithathe izin
6601,6750,0.125,Qaphela abantu abangaziwa abagqoke kahle abamile ezindaweni lapho kwethulwa noma kuthathwa khona izinqola ekuseni noma a,"Okokuqala, sifuna ukubonga ngenhliziyo yethu ngempumelelo nezimpendulo ezisheshayo eziphathelene nalezi zinhlelo ze-work"
6305,1442,0.125,Nokwakha iNingizimu Afrika ebuswa ngentando yeningi nebumbene futhi ezokwazi ukubamba iqhaza layo elifanele njengombuso ,"Lokhu kubandakanya amakhophi wezimvume, izincwadi zokuhlala, nezincwadi zokuhamba. Ukuhamba kahle kwezinqubo zokufaka le"
1265,6781,0.125,Kuyasijabulisa ukubona ukuthi umasipala woGu usuvele uphezu kwemizamo yokulungisa ukuhlinzekwa komphakathi ngezindlu zan,"Umhloli angaphinde acela ukuthi noma yiziphi imibhalo ilethwe kubo, ahlole, enze amakhophi ale mibhalo, futhi afune ukuc"
6031,6822,0.125,Umphathi we-IK - Isu Elingumnyombo Wokuthuthukisa: Abaphathi be-IK kumele bazibandakanye ngokunomqondo ohlelweni kuwo wo,UBongi uthatha zonke izinsimbi anazo ukuze athenge utshwala ngenkathi umndeni wakhe uthola ubuhlungu ngoba lelo mali kuf
650,6873,0.125,Izikhundla zomdabu ngaphansi kwesakhiwo sobukhosi ziyingxenye yalowo mphakathi ongaphansi kwenkosi. Ngaphezu kokusiza im,"Ukusetshenziswa Kwezobuchwepheshe Ezikoleni: Izingqinamba Nezinzuzo Ekuqaleni, kufanele siqonde ukuthi ubuchwepheshe buy"
7637,6876,0.125,Kule nhlanganisela kubuye kube khona nezidingo ezibaluleke kakhulu zabafundi zokudlala kanye nokuhlangana nabanye. Lezi ,"Ezokusakaza: Umcimbi Wokuhlola Izinga Lokuxhumana Ngomhla wesithupha kuNcwaba ka-2023, umcimbi obaluleke kakhulu ezindab"
5450,4881,0.125,"Ngesikhathi-ke beqhubeka bexoxisana nabanikazi bolimi lolo, bazobona ukuthi ukwazi izilimi eziningi lokhu kuyakusiza wen","Izivumelwano zokufinyelela kosonkontileka besithathu (GEMS third-party contractor access agreements) Isingeniso Namuhla,"
2134,7755,0.125,"Ubufakazi besikhundla okwenziwa ngaso isicelo, uma kwenzeka, kufanele bufakwe. Lesi sigaba kufanele sigcwaliswe kuphela ",c kumele ihlinzeke ngokuqhathaniswa kwezimali ngezikhathi ezichaziwe mayelana nendlela esetshenziswe; futhi d ihlinzeke 
4657,7719,0.125,Abantu abasenbenzela noma iyiphi inkundla yomphakathi noma ezimele yezempilo noma ngubani omunye umhlinzeki wonakekelo l,C.5 Umphakathi omkhulu nomphathi wengxenye bazokuqinisekisa ukuthi uMnyango Wezezimali uvuma ngaphambi kokuthi benze isi
7797,461,0.125,Labohulumeni baneziphathimandla zabo nombandela obalulekile wokuqhuba intuthuko. Intando yeningi esabalele umhlaba igciz,Isitatimende esibuyekeziwe sezikole sezifundo zikazwelonke zamabanga R-9 (ezikoleni) sikhombisa isu eliphelele eligcizel
5331,270,0.125,b boleka umsebenzi imali engasiza lowo msebenzi ukuba akwazi ukuba yilunga noma angenele isikhwama sempesheni esinconywe,"Kanjalo, ezinye izifundazwe zikhuthaza ukuphepha komphakathi, njengoba abantu beqala ukufunda ngalesi sifo. Lokhu kubalu"
6161,334,0.125,Isidingo sokwenyusa izimali ezitshalwe ocwaningeni lwezolimo njengeqhinga locwaningo embonini seseka isiphetho sokuhlazi,Uhulumeni waseZimbabwe ugxile ezinkingeni zawo. Lezi yizifiso engizizwe lapha okokuqala. Iziphakamiso ezibhekiswe kumphe
2422,8144,0.125,Isigaba 19 soMthethosisekelo siphinde siphakamise ukuvikelwa kwamalungelo ezombusazwe okuyingxenye enkulu yomthwalo wekh,"Lokhu kubandakanya ukuhlinzeka ngemininingwane ngezindlela zokupheka eziphilile, izinto ezitholakalayo ezikhiqizwayo nge"
5211,275,0.125,"Bathola indlela yokungena endlini endaweni yaseKrakeel, eJoubertina. Angiqale ngokulandela iMeya u-Obed Mlaba ngamukele ","Lezi zifundo zigcizelela ukuthi umuntu uthola ukufundiswa okukhuthazayo, okwenza kube lula ukuzazi izimo zabo. I-Psychot"
5157,3942,0.125,"Inqubo yamalungiselelo kumele ifake igalelo ekuzilungiseleleni komasipala ngenqubo ye-IDP. Ngakho, akekho oyothatha isin",I-SARS iqukethe inani elikhulu lolwazi eliqoqwa ngesikhathi yenziwa imisebenzi yayo yansuku zonke yokuhlanganisa imali y
785,2448,0.125,Kwenzeka lapho abantu bengasakwazi ukuhamba emigwaqeni yezwe ngaphandle kokwesabela ukuqhunyiswa isiqhumane sasemayini. ,"Lapho ukushisa nokukhukhuleka kuqhubeka isikhathi eside, ama-stomata awakwazi ukuvula amahlamvu futhi aphile - lokhu kuy"
3197,2431,0.125,Inhloso wukusiza ababambe iqhaza ekusebenziseni kangcono ukuhlela intuthuko edidiyele njengesikhali esinomthelela omkhul,"Izinqubo zokuxhumana kufanele ziqinise ukuvumelana phakathi kwezingxenye ezahlukene, ukuze kube neqhaza elingcono ekupha"
384,6214,0.125,izidingo zokulungiswa kwendlela enomqondo yedatha. Usomabhizinisi bazoholwa babanjwe ngezandla ohambeni lwebhizinisi lak,"Lokhu kuholela ekutheni izindawo ezisemakhaya zihlale zinesimo sokushoda. Ngaphezu kwalokho, ukungabi khona kwezinsiza e"
1678,2255,0.125,Umzali onesibophezelo namalungelo mayelana nengane angaqoka umuntu ofanele njengomzali ongumfakela bese enika lowo muntu,Uhlelo oluhlanganisa i-NHISSA luzokwakhiwa futhi luzoba uhlelo olujwayelekile oluhlanganisa izingxenye ezahlukene. Kuyaj
6905,2233,0.125,"Barker oyisikhulumli sethu esiqavile ezethulweni. Okufakiwe ukukhiqizwa kwezindwangu ezinithiwe , isicaba noma indingili",I-DVD yakhelwe ngendlela evumela uthisha ukuthi ayime ezindaweni ezintathu ukuze uthisha akwazi ukuxoxa ngalokho okukhon
8049,5711,0.125,Isikhathi angakhokhelwa sona umsizi singabalwa kusukela esikhathini lapho kudingeka ukuba abe senkantolo noma ngesikhath,Le mininingwane ingatholakala kuwebhusayithi yeMnyango Wezabasebenzi: www.labour.gov.za. Ukuphatha impilo nokuphepha kwa
1626,5711,0.125,Umuntu ofisa ukudlulisa udaba noma ukuphikisa isinqumo esenziwe yinkantolo ngaphansi kwesigaba 23 soMthetho kufanele kut,Le mininingwane ingatholakala kuwebhusayithi yeMnyango Wezabasebenzi: www.labour.gov.za. Ukuphatha impilo nokuphepha kwa
6942,5743,0.125,"IDP, sikubona kuzoba nomthelela omuhle kakhulu ekuphuculeni izimpilo zabantu ngokusheshisa, nokulethwa kwezidingo. Sonke","Abantu abasha abangenamsebenzi bavame ukuba nezinselelo ezinkulu zempilo yengqondo, okubandakanya ukudangala nokukhathaz"
6992,2164,0.125,UMnyango wezoLimo uhlola amasampuli ezimbewu ukuqinisekisa ukuthi zimsulwa ziqhuma ngokufanele futhi ziyakwazi ukuqhubek,Nge-courier - kuzohlinzekwa nge-courier ukuze aqoqe imibhalo edingekayo ukuze ukwazi ukuyithola. I-courier ikhokhelwa ng
5034,2160,0.125,"Ukuba wugqinsi kuchaza ukukalwa kophawu kwi-engela ekahle yobude. Ngokwethula lezi zimali azozikhokhelwa, kwatholakala u","I-Viki Yezifunda iqala ukusebenza kwemigomo yomthethosisekelo wezwe, iphoqa i-NCOP ukuthi iqinisekise ukuthi izidingo ze"
6812,2148,0.125,"UMthetho weCala lika Hulumeni we-1957 UMthetho weno-. 20 we-1957 uyasebenza, ngoshintsho oludingwa yilokho okuqukethwe, ",Ukusungula ubudlelwano nomkhakha wezokuvakasha ukuze kudalwe izivumelwano zokuhweba ngemikhiqizo. Kukhona futhi ukuntule
2681,2203,0.125,IBhodi ngokuxhumana neLungu loMkhandlu oPhethe lingamisa isiKhulu esiPhezulu emsebenzini kusalindwe imiphumela yophenyo.,"Ngokusho kwezifundo zomlando, ngesikhathi sabantu basendulo, izimo eziphuthumayo zazihileleka kakhulu emnothweni wezokwe"
5316,5820,0.125,Lo mhlangano wokucobelelana ngolwazi uzohlanganisa ukuxubana kokulinganisa ubulili kwindawo yabaphathi abasezingeni elip,"Amaphrojekthi ahlangabezana nokuguquka kwesimo sezulu Njengoba siqhubeka nokuphila emhlabeni oshintshashintshayo, kubalu"
5421,2255,0.125,"Ungaphuzi utshwala ngaphambi noma ngesikhathi ubhukuda, utshuza noma uhamba ngesikebhe. Iqembu lizovakashela izikhungo n",Uhlelo oluhlanganisa i-NHISSA luzokwakhiwa futhi luzoba uhlelo olujwayelekile oluhlanganisa izingxenye ezahlukene. Kuyaj
3742,7985,0.125,Yebo siyazi ukuthi izinga lokuyeka kwezingane isikole ikakhulukazi ezikoleni zamabanga aphezulu kanye nasemazingeni aphe,"Lokhu kubonakala njengokuhlosiwe okuhle, kodwa kudinga ukuba kube nezinyathelo ezithile ezithathwayo ukuze kuqinisekiswe"
2577,5639,0.125,"Umhlaba wokulima ovundile, onamandla ukukhiqiza ukudla okuningi ungachazwa kanje: kungumhlabathi lapho kuhlangana khona ","Nokho, izinselelo zikhona, futhi kudingeka ukuba ziqondiswe ngendlela efanele ukuze kube nezinsizakalo ezisebenzayo. Aba"
3714,2478,0.125,Ukuhlola okuqondile kwenkinga yokho kuzokusiza ngezindleko zakho lapho ubulala ukhula. Kuhle ukwazi ukuthi lingakanani i,"Uma ufuna ukufaka isicelo sokufinyelela kulwazi olugcinwe yi-SARS, kufanele uqedele ifomu lesicelo elitholakala kuShedul"
3197,2464,0.125,Inhloso wukusiza ababambe iqhaza ekusebenziseni kangcono ukuhlela intuthuko edidiyele njengesikhali esinomthelela omkhul,"Ukubeka izinqubomgomo ezicacile zokuvikela imininingwane kubalulekile, futhi kubalulekile ukuqeqesha abasebenzi ukuze ba"
1021,5657,0.125,iv. Ukwehlukana kwabantu: Indlela okuhlelwe ngayo isakhiwo seqhaza lomphakathi kumele sihlinzekele ukwehlukana okukhona ,"Ukuhlolwa Nokunakekelwa Ngemva kokubhaliswa, isiguli sithola ukuhlolwa. Lokhu kuhilela izinyathelo ezithile zokuhlola im"
1687,5657,0.125,b ukuthuthukisa nokwenza lula ubudlelwano phakathi kohulumeni mayelana nemboni yotshwala; kanye c nokwenza- lula ukuxazu,"Ukuhlolwa Nokunakekelwa Ngemva kokubhaliswa, isiguli sithola ukuhlolwa. Lokhu kuhilela izinyathelo ezithile zokuhlola im"
2354,5656,0.125,"Ukukhululwa ekulandeleni umthetho kusho ukukhululwa kuzimiselo ezithize zoMthetho, imithethozimiso, izaziso noma imiyalo","b imibono nezintandokazi ezivezwa yingane kufanele zicatshangelwe ngokuhambisana neminyaka yazo, ukuvuthwa, nesigaba sok"
2765,5643,0.125,Lokhu kuzohlanganiswa nokukhuthazwa komkhankaso wokuZidla ngokuba ngowaseNingizimu Afrika kanye nesinyathelo esiqinile e,"Ingxenye ebeka izitshalo ifushane futhi ibekwe ngasohlangothini, futhi isitshalo sibekwe kancane ngaphezu komhlabathi. I"
5978,5643,0.125,Lokhu kuzohlanganiswa nokukhuthazwa komkhankaso wokuZidla ngokuba ngowaseNingizimu Afrika kanye nesinyathelo esiqinile e,"Ingxenye ebeka izitshalo ifushane futhi ibekwe ngasohlangothini, futhi isitshalo sibekwe kancane ngaphezu komhlabathi. I"
4146,5691,0.125,Abalimi bayaqinisa ukuthi izimfuyo ezidliwayo ziphila kahle futhi bayasikhombisa ukuthi umhlabathi ubalulekile empilweni,"Inkinga yamanzi eKapa, eyaziwa ngokuthi i-Day Zero, ibonisa isimo esinzima sokushoda kwamanzi, esikhumbuza ukuthi imitho"
2008,604,0.125,Ukwenza izinhlangano zizinikele kumongo wamagugu okuHlanganyela Okusha kweNtuthuko yeAfrika ngobuholi. Imibandela yesikh,"Umgibeli weBhodi Yokufaka Izikhalazo! Ukufaka izicelo zokuhlelwa kabusha kwezinhlelo zomphakathi, ukuhlukaniswa komhlaba"
650,2353,0.125,Izikhundla zomdabu ngaphansi kwesakhiwo sobukhosi ziyingxenye yalowo mphakathi ongaphansi kwenkosi. Ngaphezu kokusiza im,Vumela abantu abafuna ukuhlola incwadi yokubhaliswa nokwenza ikhophi noma ingxenye yale ncwadi ngemuva kokukhokha imali 
1021,2346,0.125,iv. Ukwehlukana kwabantu: Indlela okuhlelwe ngayo isakhiwo seqhaza lomphakathi kumele sihlinzekele ukwehlukana okukhona ,"Ukuze sithole umphumela omuhle, kubalulekile ukuthi sihlole izindlela zokubhekana nemililo, njengokwakha izinhlelo zokut"
441,2323,0.125,I-Boiler-turbine sets noma injini emile enobhoyilane ophelisayo. Ukhomishana angafaka isikhalo esakhiweni esilawulayo. I,"Sipho Dlamini, ubelokhu ebekezela ekuhlinzekeni ngobuhle bendlela yokuhlonipha imiyalo yomthetho. Ngesikhathi evidwayo, "
1194,5601,0.125,"Uhlelo lokuSebenza malubhekele isimo sendawo (isibonelo, izikhathi zemihlangano yomkhandlu) lihambisane nesikhathi sokuh","Ukusetshenziswa kwe-smart meter kwa-Eskom: Ukubuyekezwa Eskom, njengomphakathi omkhulu wezokwakha amandla eNingizimu Afr"
1897,5585,0.125,"Ama""Activity Spines"" ajwayele ukubizwa ngama""Corridors"" entuthuko, kanti avame ukuba emigwaqeni emikhulu esuka noma eya ","Izinqubo Zokuthunyelwa Kwama-Ambulensi Umuntu: UThando Mthembu Umxhumanisi: UZanele Nkosi UZanele Nkosi: Sawubona, Thand"
4142,2377,0.125,"Inhloso yomngenela kuwo wonke amazinga wukufinyelela ezingeni elifunekayo lomsebenzi wenhlalo. Noma kunjalo, kukhona ley","Sibusiso Dlamini, uthe: ""Abantu bethu bahlupheka, abakwazi ukwenza imisebenzi yabo, futhi lokhu kuholela ekwandeni kwezi"
5048,5627,0.125,Ezempilo zasemsebenzini kulukhuni ukuzibala nokuzilawula njengalo imithelela yomsebenzi empilweni yomuntu kungelula ukut,"Ngamanye amazwi, wonke amalungelo okubamba izinhlanzi ezinkulu usebenzisa izintambo ezinde emanzini ajulile azophela eku"
752,572,0.125,"Uma umgomo wokuthola umhlaba kudala umkhiqizo ovela ekulimeni futhi ozokwehlisa ubumpofu, sekufanele sithi sekuyisikhath","Ingxenye yezindlela zokuqala zokulima umhlaba wukusebenzisa abaqashi abakhulu. Lokhu sekwenziwe izikhathi eziningi, futh"
3727,565,0.125,Kungani uhlelo lwezomnotho lwalelizwe kusenzele abantu abaningi kangaka babe mpofu? Ukwehla kwezimilo kufana nendwangu e,Kungenzeka ukuthi umshini wokuhlwanyela obizwa ngokuthi 'ticker' wawenokuhlukumezeka futhi wacindezela izitshalo. Emshin
4875,619,0.125,Lokhu kuyasiza ikakhulukazi lapho isiguli singakwazi ukudla ukudla okuningi. Iziguli kufanele zikhunjuzwe ukuthi amafuth,"IHIV/AIDS emiphakathini yasemakhaya Isingeniso IHIV/AIDS iyisifo esithinta kakhulu umphakathi, ikakhulukazi emiphakathin"
2892,5664,0.125,"Loku kuye futhi kwaholela kukuvalwa kwezinhlangano ezinje kanye nokulahlekelwa ngabasebenzi bakwahulumeni, okwaba nomthe","Ngaphezu kwalokho, umkhankaso we-Fees Must Fall ube nomthelela omkhulu ekwakheni umqondo wokuzimela phakathi kwabafundi."
7152,5356,0.125,Yini inhloso yokubopha umuntu? Yini inhloso yokubopha umuntu? yezinqubo zokubopha umuntu ezilungile; kanye nokusebenzisa,Ukukhetha uhlobo lokunakekelwa kwezempilo esifuna. Ukwamukelwa umuntu owaziwa emkhakheni wezempilo. Ukuze isimo sabo sez
3438,1958,0.125,Ubufakazi beholo lomphakathi liyabonakala futhi ekwenziweni ngcono okukhulu kokufinyelela ezinsizeni zempilo eziyisiseke,"Okokuqala, bangathenga imikhiqizo yesizini, njengoba lokhu kuvame ukuba manzi kakhudlwana. Kwesibili, ukwakha uhla lokud"
7424,1958,0.125,Ubufakazi beholo lomphakathi liyabonakala futhi ekwenziweni ngcono okukhulu kokufinyelela ezinsizeni zempilo eziyisiseke,"Okokuqala, bangathenga imikhiqizo yesizini, njengoba lokhu kuvame ukuba manzi kakhudlwana. Kwesibili, ukwakha uhla lokud"
607,2029,0.125,Ukuqapha nokuhlola izinga lemithombo yamanzi kubaluleke kakhulu ukuze kunqunywe ukufaneleka kwawo ezingxenyeni ezahluken,"Lokhu kuzokwenza kube lula kubantu abakhuluma isiZulu ukuthi bakwazi ukufunda, ukuthola ulwazi, nokuxhumana nezinsiza ez"
6884,1875,0.125,"[UNgqongqoshe] ILungu leBandla lesiGungu , ngokubonisana noNgqongqoshe , angenza imithethonkambiso mayelana nanoma yilup","Imvume yokwenza ibhizinisi lokumbiwa yiphepha elikhishwe nguMnyango WezamaNandi Nezamandla, elikuvumela ukuthi wenze imi"
4232,1875,0.125,"Uma uthola imali yosizo lukahulumeni , okungafanele uyithole, uzobhekana nomsebenzi wokuyibuyisela kuhulumeni ngaphandle","Imvume yokwenza ibhizinisi lokumbiwa yiphepha elikhishwe nguMnyango WezamaNandi Nezamandla, elikuvumela ukuthi wenze imi"
522,6143,0.125,"Lezi zinselelo zibandakanya ukungakwazi ukuba nama-akhawunti emabhange, ukungabi nemali kanye nokuhluleka ukunikeza ubuf",3.4 Ukwakha Izicabha - Faka izicabha zokuphepha ezithokozisayo. - Zama ukwakha izimo ezilula ukuze kube lula ukufinyelel
2220,1903,0.125,Ukuphathwa kwalezi zigcawu ezintsha kuyodluliselwa kwiNhlangano Yamacebo Amasha Obuchwepheshe lapho seyibunjiwe. I-ICT i,"Izinsizakalo Zokubeletha Ezibhedlela Ukubeletha kuyisigcawu esibalulekile empilweni yomuntu, futhi izinsizakalo zokubele"
2473,1903,0.125,"Inselelo yesibili ngukwakha amakhono ezikhungo zaseAfrika - Ohulumeni bakaZwelonke, ama-RECs kanye ne-AU. Ngale kokuba k","Izinsizakalo Zokubeletha Ezibhedlela Ukubeletha kuyisigcawu esibalulekile empilweni yomuntu, futhi izinsizakalo zokubele"
5079,1879,0.125,ngendlela ezokwenza ukuthi kube khona ukufinyeleleka kokulingana okufanele phakathi kokuqhubeka kanye nokwakha ukwazi. I,Umuntu ogama lakhe lithunyelwe ngaphansi kweMthethosisekelo 5 ukuze akhethwe ngaphansi kwe-subsection 7i yoMthetho kumel
7677,5929,0.125,"Ukungabi bikho kobaba, noma ukulahleka kwesithunzi sobaba ngenxa yokuhlukumeza kuyinkinga enkulu. Abanye babantwana abab","Ingane uqobo, uma idlula eminyakeni eyishumi; futhi inkantolo kufanele ikwazi ukuthi ingane iyayiqonda imvelo nokubalule"
4095,5285,0.125,Mina nomthathi wezithombe saya enkundleni ngamkhombisa ezinto ezithile. U- Akol wathi iKhartoum ivumile ukuthi ukulawulw,Yini efinyelelwa yi-NEMA? Ubani ongafaka isikhalazo ngaphansi kwe-NEMA? Ingabe isenzo noma isinyathelo esikhala ngaso si
6305,5266,0.125,Nokwakha iNingizimu Afrika ebuswa ngentando yeningi nebumbene futhi ezokwazi ukubamba iqhaza layo elifanele njengombuso ,"Ukufunda ekwenzeni izinqumo ezinzima, ukufunda ukuvuma izinkinga, kuyasiza ekwenzeni impilo ibe ngcono. Ekugcineni, izin"
83,5318,0.125,"Funda ngamaphutha akho esikhathi esedlule uphumelele kulokhu. Nquma usuku ozoyeka ngalo ukubhema. (Musa UKUZAMA ukuyeka,",Izinqubo zokwazisa ngesibhedlela zamahora angama-48 Umbuzo 1: Yini i-GEMS hospital notification protocol? Impendulo: I-G
2556,5318,0.125,I-NSI ibona ukuthi ukuqamba kungenzeka kuphela kubantu kanye nemiphakathi eqambayo ngaphakathi kwendawo ekuvumelayo egqu,Izinqubo zokwazisa ngesibhedlela zamahora angama-48 Umbuzo 1: Yini i-GEMS hospital notification protocol? Impendulo: I-G
4556,5314,0.125,"Umsolwa washintsha amapuleti endleleni ngesikhathi ehambisa izinto. Uma onke amathenda esehlukanisiwe, izinga lokusebenz",Ukubambisana nezinye izikhungo zomphakathi kuzohlale kuyinto ebalulekile emizamweni kahulumeni nasemsebenzini wawo wokut
4852,5310,0.125,Abantu baseAfrika abathole ithuba lokuqeqeshwa kwamanye amazwe emhlabeni bakhombise amakhono abo okuqophisana ngempumele,"Ngiyavuma, amabhayisikili nezithuthuthu zihlale zikhangayo futhi ziwusizo empilweni yethu. Ukuqala, cabanga ngendlela ab"
3987,5300,0.125,"Ngokwesigaba -146 soMthetho-Sisekelo, lapho kukhona ukushayisana phakathi kokushiwo yiloMthetho nalokho okushiwo eminye ",Izindawo Zezikhungo Zezempilo Ezingama-72 Ukuphila kahle komuntu kusekelwa ngempela ezimpilweni zokwelashwa ezitholakala
2296,1937,0.125,Kuyoba kwimigomo yokuchitshiyelwa komthetho ishayamthethetho ukuba kwehlukaniswe ukwbiwa kwalungelo okudoba phakathi kwa,Kukhona imiyalo nezinhlelo ezichaza izinyathelo ezithile okufanele zilandelwe. Le miyalo ayifani nemibhalo esemthethweni
415,6224,0.125,Isiyonke imali yamathenda anikwe ama-co-operatives kusukela ngoNcwaba kuya kuZibandlela nyakenye ingu-R11 million kumath,Ngokwenza: - ukuqinisekisa ukuthuthukiswa kwezimo zomphakathi nezomnotho esifundeni ngokusekelwe ekplanini ehlanganisiwe
5801,6214,0.125,izidingo zokulungiswa kwendlela enomqondo yedatha. Usomabhizinisi bazoholwa babanjwe ngezandla ohambeni lwebhizinisi lak,"Lokhu kuholela ekutheni izindawo ezisemakhaya zihlale zinesimo sokushoda. Ngaphezu kwalokho, ukungabi khona kwezinsiza e"
6137,2939,0.125,Imibuzo - Zilungiselele imibuzo eqhamuka kumaLungu eKomidi. Kuwumqondo omuhle ukuthi ucabange ngemibuzo okungenzeka ibuz,Umnikazi: Impela. Ubufakazi bokuthi kumele kube nezinguquko ezinkulu emkhakheni wezempilo buvele ngokusobala. Lokhu kubo
1499,2610,0.125,Ikhomishani Yemisebenzi Yezobulungiswa nezinye Izikhungo zeSahluko sesiShagalolunye (ngomyalelo woMthethosisekelo waseNi,"Nokho, lo mthetho awubeki izibopho zomthetho ezingaphezu kwalokho okukhuluma ngakho kwiMithetho Yezokuhweba kanye neMith"
1256,5467,0.125,"ngokubhala, azise zonke izinhlangothi ngosuku Iwesikhalazo, isikhathi kanye nendawo ebekelwe ukuba kulalelwe isikhalazo.","Izinkomiti zendawo zenzelwe ukwenza kube lula ukubamba iqhaza kwezindawo ezikhethiwe ezinqumweni ezithathwa emkhandleni,"
3554,5456,0.125,Nizokhumbula ukuthi engqungqutheleni yethu yokugcina yogesi ngo-2005 savumelana ngokuthi sizobheka imiphakathi u-ESKOM a,Ukungenelela okuhle kweMnyango kwakwazi ukuvimbela ukuphazamiseka ekunikezeni izinsizakalo zempilo ngesikhathi lesi sikh
5779,5456,0.125,Iminyango kaZwelonke kanye neziFundazwe zisekele ukuthuthukiswa kwale ncwadi echazayo zibuye futhi zinikele ngezimvo ezi,Ukungenelela okuhle kweMnyango kwakwazi ukuvimbela ukuphazamiseka ekunikezeni izinsizakalo zempilo ngesikhathi lesi sikh
556,5446,0.125,Ngizokufungisa ukuze sidlulise lokho okumele kwenziwe bese siya kubufakazi bakho. Futhi ngenxa yelanga kanye nesimo sezu,Noma iyiphi uphawu olusemthethweni kule nhlanganisela luzobekwa esisekelweni esakhiwe ngabaqondisi bezakhiwo abaqiniseki
496,5490,0.125,Akukho daba oluyokwethulwa emkhandlwini noma eKomidini eliKhulu ngayinoma yiliphi ilungu lomkhandlu ngaphandle uma kunje,"Izindaba Ezintsha: Ukukhuthazwa Kwentsha Emphakathini Ngokuhamba kwesikhathi, intsha ibonakala iyingxenye ebalulekile yo"
5300,2078,0.125,"Nokucwaningwa kwamabhuku ezimali kwangaphakathi, ukulawula kwangaphakathi, izindlela nezinqubo zokubala izimali, izimo e",Kumele baqonde kahle ukuthi bangazisebenzisa kanjani ekulimaleni. Isibonelo: bangaki kW (amandla) umlimi adinga ukuze al
817,2110,0.125,"Lokhu kwenziwa komsebenzi kwasombulula izindaba ezifana nokuphangwa kwamabhizinisi, abantu abangabhalisiwe kanye nezimpa","Ukwengeza, kubalulekile ukuthi sikhulume ngendima yezokuxhumana. Namuhla, izinkundla zokuxhumana zidlala indima enkulu e"
4054,2107,0.125,"Amanye amasosha amaningi anqunywa emuva kokuqulwa kwamacala, agwetshwelwa ukudlwengula kanye nokubulala abantu bendawo. ",Ungakuhlola kalula lokhu. Bamba umhole ufinyelele ku-15 cm ubukhulu bese uthatha isampula somhlaba. Zama ukwenza ibhola 
4369,2106,0.125,Isigaba sokulungiselela nokuhlela esilandelayo kumele sithathwe njengeselulo sokuqeqesha ezingeni lokwenza loko okufundw,Izingxoxo zekomidi lePhalamende mayelana nokungasebenzi kwentsha Isingeniso Lezi zinyathelo zikhombisa indlela yokuhlela
391,5366,0.125,Ngokwesikhashana ngizokwamukela ngokusemthethweni izithunywa ezisuka kukhomanda omkhulu we-MK. Njengoba imbongi yaseNing,"Ekhumbula izinsuku ezinhle, waqala ukuhamba. “Sizoda,” kusho uMama, “ukuba sizoba semathafeni.” UThandi wayezwa umoya ot"
4909,5956,0.125,I Ningizimu Afrika ne Tunisia ithokozela ubudlelwano obunenjabulo futhi obusiza ndawozombili kanti uhulumeni waseTunisia,"Ngaphezu kwalokho, singenza kahle uma sithokozisa ubuhlakani bokwenziwa ngokulandela izimiso zokuhlonipha. Ukubaluleka k"
4663,2785,0.125,"Kumele kube ngumsebenzi wanoma yimuphi ohlalayo esimweni samagceke asetshenziswa kakhulu yiningi labahlalayo, umnikazi w",Lokhu kubalulekile ukuze kuqinisekiswe ukuthi ulwazi lwezempilo luhlala lutholakala kuphela kulabo abanamalungelo okuseb
1465,2642,0.125,"Ngalokhu ke, kufanele kunakisiswe : indlela yokuhweba yaseAfrika kuphela; ukuhambisana phakathi kwezimpokophelo zohwebo ","Ngokwemvelo, zonke izinhlelo ezihlekisayo zihlala zibhekisela ekuphileni kwansuku zonke. Ukuhlekisa ngempilo ethile, imi"
720,2810,0.125,Ukuthuthukiswa kwamazinga empilo kwalabo abashiywe ngaphandle kungaveza amathuba amningi okukhula komnotho emhlabeni won,"Izinyathelo Zokuthuthukisa Ukuze kuthuthukiswe izikole zikahulumeni, kubalulekile ukuthi uhulumeni kanye nezakhamuzi bas"
76,2809,0.125,"Leli cebo ligxile ekwehliseni isibalo sesikweletu kusabelo mali, ukwakha kabusha umkhakha womphakathi kanye nokusimamisa",Ubudlelwano obuqinile phakathi kwemikhiqizo nabathengi busekelwe ekutheni umkhiqizo uyawuthokozisa yini umthengi. Abathe
5619,2792,0.125,Izinhlangano ezinkulu zabaxhasi azinayo imali ehlala ilindile kodwa zingakwazi ukuzibophezelela ekunikeleni ngezikhathi ,Noma ubani angafaka isicelo mathupha uma engakwazi ukufunda nokubhala noma uma engakhubazekile ngendlela yokuthi angakwa
4921,5353,0.125,a Ikhansela likamasipala nomkhadlu dolobha noma umasipala wesifunda uzoba negunya lokuphatha kanye nelomthetho kuzinsiza,"Kodwa-ke, ubuchwepheshe obusha obusetshenziswa ekwakhiweni kwephrojekthi ye-flue gas bukhombisa ithemba lokuthi lezi zin"
7877,2700,0.125,"Futhi, ngokuhambisana nokwehlisa ubuphofu kanye namasu okuqinisa ukondleka komzimba, uhulumeni uzokhuthaza uphenyo ngezi","Kuhle ukuthi abantu babe nehloso enembile ukuze bathole ulwazi oluqondile oluhamba phambili. Okwesithathu, ukuxhumana ka"
2753,2661,0.125,"Kungumbono wethu ovela emiphumeleni, kusobala ukuthi ukhetho lwaseZimbabwe lufuna ubuholi bezwe busebenzisane nokwakhiwa","Isibopho Selungu Ngolwazi Olungamanga Ngiyanibingelela, futhi ngifuna ukwazisa ngendaba ebalulekile ethinta wonke amalun"
5275,2505,0.125,Isisebenzi sizama ukuzijwayeza kanye nokuvumelana nayo yonke imithetho neminye imiyalo ekhona ephathelene nokuziphatha k,"Umthelela wokucishwa kukagesi emabhizinisini amancane Ngokwanda kokwenziwa kwezinto eziningi, umthelela wokucishwa kukag"
7953,5372,0.125,"71 we -1962), njengoba uchitshiyelwa izikhathi ngezikhathi. Amandla anikezwe nanoma yisiphi isikhulu samaphoyisa angaset",Uqinisekisa ukuthi noma ubani unelungelo lokusebenzisa ulimi lwabo nokubandakanyeka empilweni yamasiko abawathandayo (Is
6137,5956,0.125,Imibuzo - Zilungiselele imibuzo eqhamuka kumaLungu eKomidi. Kuwumqondo omuhle ukuthi ucabange ngemibuzo okungenzeka ibuz,"Ngaphezu kwalokho, singenza kahle uma sithokozisa ubuhlakani bokwenziwa ngokulandela izimiso zokuhlonipha. Ukubaluleka k"
955,7361,0.125,"Ezinye izivimbelo zihlanganisa ukuntuleka kwamakhono kanye nesipiliyoni sabasebenzi kwisifunda, kanye nokuthunyelwa ezin","Ikhomishini eyaziwa ngokuthi ""Ikhomishini Yezilinganiso Zezivuno Zesizwe"" (NCEC) ibikezela inani lezivuno ezizokwenzeka "
5146,7375,0.125,"Lezi zinkantolo zinekhono elifanele lokuqula ngempumelelo amacala ombango nobugebengu, uma kuphatheka amaqiniso namathim","a ezingeni likamasipala kazwelonke nasezikhungweni zikamasipala; ngokufanayo b ezikhungweni zikamasipala, ngokuhambisana"
7722,7374,0.125,"Ujohan uthi, ""uLepati uyindoda enesithunzi. Bonke abahlangana naye bayamhlonipha. Uphatha abanye abantu ngokwabamukela f","Kuphumelela ukubamba amathuba akhulayo, ukuthi sizokhethiwe phakathi kwezinselelo eziqhubekayo, siphenyele ngalokhu kube"
6146,7434,0.125,"Ngaleyondlela, kunesidingo sokucacisa indawo eyindida, ikakhulu lapho kuqokwa umkhandlu omusha nobandanyekayo ohlelweni ",Intsha YaseNingizimu Afrika Intsha yaseNingizimu Afrika ibalulekile kakhulu empilweni yalesi sizwe. Lezi zinsizwa nezint
7078,7421,0.125,izinguquko ezisemthethweni ezingaphazamisa i-EPMDS zaziswa ngendlela okuyiyo. uphiko kanye nezisebenzi zinikezelwa ukwes,Izithombe zisitshela okuningi... Isithombe 1: Indawo yokufunda eMalekutu. Isithombe 2: Insimu eduze nendawo yokufunda eM
8197,3706,0.125,Ezokulawulwa kwezinambuzane ezikhathazayo kanye nezifo i-IPDM yamahhabhula namaganandoda KwaZulu-Natal. Inkulumo kaMonga,Angivumelani nakancane a. Ukusungulwa kwenhlangano ye-DOD/SANDF ekhombisa umphakathi owakha iNingizimu Afrika b. Ukuhamb
4810,3701,0.125,"Nanoma yimuphi umuntu anganako ukuthi ngokulandela indlela ebekiwe, kuthi lapho ekhokha imali enqunyiwe aqinisekise ulwa",Uma wazi kusenesikhathi ukuthi uzodinga ukuhamba emsebenzini ukuze wenze inqubo ethile noma ungagula uma kufanele ube se
6620,3690,0.125,Ukwaluleka ngezindaba zenqubomgomo yokuphepha kuzwelonke nokuqondisa inkambo yohlelomgomo loMnyango wezokuVikela ngokumi,"Nakuba kukhona isigaba 2, uma amalungu eMpi efisa, angabekwa ezandleni zikaNobhala Wezokuvikela ukuze angene ezikhundlen"
6957,1044,0.125,"Labo abazophothula izifundo zabo, bazophinde bathole amathuba okuqhubeka nezifundo zabo kulo mkhakha lapho bayogcina seb","Lokhu kuhambisana nombala wesikhumba somuntu. Ngicabanga ukuthi ukuba umkhiqizi ophumelelayo, noma ungazimela, uphila en"
2220,3494,0.125,Ukuphathwa kwalezi zigcawu ezintsha kuyodluliselwa kwiNhlangano Yamacebo Amasha Obuchwepheshe lapho seyibunjiwe. I-ICT i,Okutholakele kuphenyo lomlilo wesakhiwo eGoli Isingeniso Umlilo wesakhiwo eGoli ubangele ukugxekwa okukhulu nokuhlolwa. 
2473,3494,0.125,"Inselelo yesibili ngukwakha amakhono ezikhungo zaseAfrika - Ohulumeni bakaZwelonke, ama-RECs kanye ne-AU. Ngale kokuba k",Okutholakele kuphenyo lomlilo wesakhiwo eGoli Isingeniso Umlilo wesakhiwo eGoli ubangele ukugxekwa okukhulu nokuhlolwa. 
4783,4393,0.125,c Ukwenziwa kwendawo elungele ukusebenzela amabhizinisi amancane. d Ukufinyelela kalula kwamabhizinisi amancane osizweni,Uhlelo Lokuthuthukiswa Kwabalimi luhloselwe ukusiza labo balimi abaphumelele ekufundeni. Lezi zinkampani zidinga usizo n
1194,7565,0.125,"Uhlelo lokuSebenza malubhekele isimo sendawo (isibonelo, izikhathi zemihlangano yomkhandlu) lihambisane nesikhathi sokuh","Okokuqala, akunciphisi ukukhishwa kwegesi eluhlaza okukhuluma ekwakhiweni kwemvelo. Lokhu kudinga ukunciphisa umthelela "
166,7497,0.125,Ulwazi ngezinhlelo ezahlukene ezinikezelwayo alukakakulungeli ukuthi lungatholakala kumbe kufinyelelwe kulo. Kunokwentul,Abantu abaningi banokukhathazeka ngenxa yokungazi; kunezinkolelo ezithile mayelana nezithako ezisetshenziswayo. Lokhu ku
1059,781,0.125,Abantu baseAfrika abanxusi ukuba kuqhutshekwe nokuba bakhangezwe usizo noma ukwehliswela imali. Sanelisekile ukuthi ithu,"Lo mhlahlandlela uwusizo ukuze usize ukudla ukudla okunempilo, usebenzisa ukudla okutholakalayo. Uma unegciwane elingaph"
364,819,0.125,Indlela yokwenza yalandelwa ngesibalo esenyukile samaphoyisa lapho kwakukhona izimvimbamgwaqo. Emva kokubhekwa kwamagama,"Ukungondleki Ezinganeni: Inkinga Ekhathazayo Ukungondleki ezinganeni kuyinkinga ethinta umphakathi wethu kakhulu, ikakhu"
1453,887,0.125,"I-LiEP ibhekene nalezi zindaba ezifana nolimi/nezilimi zokufunda nokufundisa ezikolweni zikahulumeni, ohlelweni lwezifun","Ngenxa yesigaba 7, ""indaba yokusetshenziswa komhlaba"" kusho indaba ephathelene nezinguquko ekusetshenzisweni kwanoma yil"
5882,4322,0.125,"Ikhomba ubuthakathaka kohlelo ohlelweni lwezobulungiswa oluqondene nobugebengu, kusukela ekuphenyweni kobugebengu kuye e","Abantu abahlala eduze kwezindawo zokumba bahlushwa yizinkinga ezifana nokungcoliswa komoya, izifo, kanye nokuphazamiseka"
6530,1005,0.125,21. (1) IBhodi ngokubonisana neLungu loMkhandlu oPhethe kumele liqoke umuntu ofanele njengesiKhulu esiPhezulu senkampani,"Ngalesi sikhathi, ukusetshenziswa kwezinhlelo zokuxhumana eziphumelelayo kuholele ekwandeni kokufinyelela kolwazi, okwen"
2134,1005,0.125,"Ubufakazi besikhundla okwenziwa ngaso isicelo, uma kwenzeka, kufanele bufakwe. Lesi sigaba kufanele sigcwaliswe kuphela ","Ngalesi sikhathi, ukusetshenziswa kwezinhlelo zokuxhumana eziphumelelayo kuholele ekwandeni kokufinyelela kolwazi, okwen"
1914,7185,0.125,"Umsebenzi wokulima awupheli. Lapho sicabanga ukuthi ukuvuna nokuthengisa umvuno sekuphelile, sekuqala umsebenzi wonyaka ","Lokhu kubalulekile ikakhulukazi ezweni lethu, lapho sinesiko elicebile lokulandisa. Isigaba sesibili: Izinkinga ezibheke"
4683,7171,0.125,Abasebenzi kulumkhakha badinga ukusizwa ukuze kuqinisekiswe ukuPhepha eziMayini kanti sekuqalwe imikhankaso eyehluka hlu,"Okokuqala, abantu abangenamathuba emisebenzi bahlala bephila ngaphansi kwezimo ezinzima, okwenza kube nzima ukuthola uku"
930,7240,0.125,"Uvusa usinga lokucabanga nokuqamba imisebenzi edinga acabange, ngaleyo ndlela ugqugquzela izinjongozobuciko namasiko. Uk","Umbuzo 9: Yini eyenziwa uma umuntu ethola isifo sofuba? Impendulo: Uma umuntu ethola isifo sofuba, kufanele: - Abike udo"
2613,7199,0.125,Okwesibili sibuyekeze izidingo zalabo abaphila negciwane sazibekela imigomo ecacile yokuthi sizobakhela izindlu ngokubam,Ukufinyelela Kwamahhala Komphakathi Ezikhungweni: Isingeniso Ukufinyelela kwamahhala komphakathi ezikhungweni kubaluleki
1358,3567,0.125,"Kubalulekile ukwenza uhlelo lube lufushane. Yehlisa amaphaphu. Noma ngabe uzizwa uthukile, izethameli ngeke zikubone lok",I-Commission yeZinsizakalo Zomphakathi (PSC) iyisikhungo somphakathi esizimele esisungulwe ngaphansi kweSigaba 196 soMth
6370,3567,0.125,"Akuchazeki ukuphoxeka kwethu ngokubhebhetheka kwakamuva nje kwengxabano nokulahleka kwezimpilo okukhulu, ikakhulukazi ab",I-Commission yeZinsizakalo Zomphakathi (PSC) iyisikhungo somphakathi esizimele esisungulwe ngaphansi kweSigaba 196 soMth
6642,943,0.125,"Imiklamo yezamahlathi, okokwenza indwangu, iphepha, imikhiqizo yokhuni kanye nezimboni zezamandla ezivuselelekayo. Ukuph",Hlonipha izinqumo zebhodi. Landela ikhodi yokuziphatha kanye nenqubo yokuhola izikhalazo ezibekwe yibhodi. Kuzoba nezind
973,4416,0.125,"Okushiwo yilo Mthetho akwenzi, ukulungiswa kwesidumbu, ukuze songiwe noma ngabe lokho kubandakanya ukudonswa kwegazi nok",a uhlelo lwezinhlelo zokwakha kanye nombiko obhaliwe kumele ulungiswe; futhi b uphenyo lwezemvelo kanye nombiko obhaliwe
7250,4416,0.125,"Noma yimuphi umuntu ongavumelani nanoma yisiphi isinqumo esithathwe ngumhloli, angafaka isikhalo esiphikisa leso sinqumo",a uhlelo lwezinhlelo zokwakha kanye nombiko obhaliwe kumele ulungiswe; futhi b uphenyo lwezemvelo kanye nombiko obhaliwe
996,3597,0.125,Omasipala abaningi bedlulisele umsebenzi wokuqhuba ama-IDP kwezinye izimboni kanti asebenza njengemisebenzi ezimele kwin,Ingxoxo Ngemiphumela Yokulamula Kwe-Life Esidimeni Okwesithathu: Ngiyabonga ngokungithokozisa ukuthi sibe nalesi sikhath
7917,4483,0.125,"i izimo ezikhona zezimakethe, umfutho wazo kanye nesidingo sokuba nale mvume yokugcina amaminerali kanye nomhlaba okukhu","Njengoba i-maize ibiza imali eningi ukufaka, kuvame ukuthatha umzamo omningi ukubulala nokuphatha izifo ngezinto zokwakh"
6031,4452,0.125,Umphathi we-IK - Isu Elingumnyombo Wokuthuthukisa: Abaphathi be-IK kumele bazibandakanye ngokunomqondo ohlelweni kuwo wo,"Abanye baphawula ukuthi kunzima ukuthola izimpendulo ezifanele ezivela ezinkampanini, okwenza kube nzima ukuhlela izinsi"
1993,4489,0.125,Isivumelwane saMazwe aseYurophu saqala ukusebenza eNingizimu Afrika ngaphansi kwaMalungelo Esintu eBophuthatswana kodwa ,Ukulalelwa Komphakathi Mayelana noMshwalense Wezempilo Kazwelonke (NHI) Uhlelo lweMshwalense Wezempilo Kazwelonke (NHI) 
799,4484,0.125,Kukhona izindlela ezihlukene zokuphatha izifo ngokuzivimba. Kukhona izinhlobo zezitshalo ezikhuliswe ukuba namandla ukuz,Umthetho 247 uthi abantu bangathuthwa kuphela ngemuva kwemoto yezimpahla uma le ndawo abahamba kuyo ivikelwe ngezinto ez
4921,948,0.125,a Ikhansela likamasipala nomkhadlu dolobha noma umasipala wesifunda uzoba negunya lokuphatha kanye nelomthetho kuzinsiza,"Ngakho-ke, kubalulekile ukuba nezinhlaka ezilungile ukuze zikwazi ukusiza abantu ngesikhathi esiphuthumayo. Izinhlelo Zo"
2974,4452,0.125,"Ukumisa inkambiso eyodwa yokuhambisa ngokoMthetho ugesi, igesi ekumapayipi kanye nezimboni zamapayipilayini kaphalafini ","Abanye baphawula ukuthi kunzima ukuthola izimpendulo ezifanele ezivela ezinkampanini, okwenza kube nzima ukuhlela izinsi"
3336,7979,0.125,"Ukulalela okusebenzayo ngumsebenzi onzima futhi omunye umuntu uyakwazi loku. Uma ulalela ngokusebenzayo, wenza ubufakazi","Ama-Drone: Ikhanya Elisha Esibhakabhakeni Ngabe ucabanga ukuthi kungani ama-drone athandwa kangaka? Hhayi, akusikho nje "
2764,8023,0.125,Uhlu lonke lolwazi kumele lwenganyelwe ngokubhekwa kwesu eliqondile ngokuphathelene nokuthuthukiswa Kwesayensi Yezindaba,"Futhi, ukufuna izeluleko kubafundisi noma kubangani kungasiza ekutholeni izindlela ezintsha zokufunda. Umbuzo 4: Yini eb"
5912,8022,0.125,Izilwanyana nezitshalo ezinobuthi ezinga-suseka ngokuhlanza. Ngokucwecwa nokuncwela: Cwecwa izithelo nezitshalo uma kung,"Umhlaba ongathuthukisiwe (ongavakashi) awunani uma uqhathaniswa nomhlaba othuthukisiwe onempahla. Ngakho-ke, kubalulekil"
7382,8018,0.125,"Sizozama nokho ukulwenza ngcono thina lolu olwethu hlelo, siphinde fithi silwele ukulusebenzisa ngempumelelo. Sizokwenza","Lezi zinkantolo eziyi-24 zizohlinzeka ngazo zonke izinsizakalo ezidingekayo, okusho ukuthi izinsizakalo zobulungiswa man"
4663,11,0.125,"Kumele kube ngumsebenzi wanoma yimuphi ohlalayo esimweni samagceke asetshenziswa kakhulu yiningi labahlalayo, umnikazi w",Kuzochaza futhi ukuthi awubopheleki ukuba ubambe iqhaza kulolu cwaningo. Kufanele ubuze imibuzo ngaphambi kokuthi unqume
1194,35,0.125,"Uhlelo lokuSebenza malubhekele isimo sendawo (isibonelo, izikhathi zemihlangano yomkhandlu) lihambisane nesikhathi sokuh","Uma isikhundla somphakathi ophakathi singenalutho, amalungu kufanele emhlanganweni wabo wokuqala ngemuva kokuba isikhala"
4926,8166,0.125,Kuya ngokwanda ukubona umsindo njengento edala ukugula kubasebenzi basembonini yezokumbiwa phansi eNingizimu Afrika. Lem,Impilo Yabafundi: Indaba Yomlando Kwakukhona isikhathi esithile lapho impilo yabafundi yayingekho nje kuphela emkhakheni
3385,318,0.125,Lo Mthetho uzawusetshenziswa kuyo yonke imingcele kazwelonke yeRiphabhuliki. a Imithetho eshiwo kukholomu yokuqala kanye,"Abahlali bezindawo ezichazwe esigabeni (3) noma izindawo lapho noma iyiphi ibhizinisi, umsebenzi noma ukuhweba kwenziwa "
7480,863,0.125,Lokhu kumbandakanya ukumunceka kodoti kanye nokuhlanzwa kwezinsiza zamazi alethwa uhlelo lwezemvelo ezisogwini. Okufakak,Idokhumenti Yenqubomgomo: Kuchazwa Ukwehluleka Kwama-Boiler AseMedupi Isingeniso Le doko ibheka ukwehluleka kwama-boiler
3723,4265,0.125,Nginethemba elikhulu lokuthi leli qoqo lamabhukwana ashicilelwe liyoba wumhlahlandlela owusizo nomthombo wolwazi oluyoni,"Ukufakwa Nokucutshungulwa Kwezicelo Zezimangalo Ze-GEMS Emhlabeni wezempilo, izinsiza ezitholakalayo zibalulekile ukuze "
5902,3830,0.125,Ukumunya kuyasiza njengoba kukhuthaza ukusetshenziswa kwemisipha edingeka ekuphimiseleni amagama ngokujwayelekile (ukuth,"Ngaphezu kwalokho, izinyathelo zokubhekana nokuziphatha okungalungile zizokwenzeka ngezindlela ezahlukene. Isinyathelo s"
2567,341,0.125,"intuthuko kanye nempilo engcono kuwo wonke umuntu. Kulesibalo sabantu, imindeni engamaphesenti angu 84, ihlala ezindawen","Mphathi ohloniphekile weDolobha laseGu, uMphakathi S. Mphathi, umnyango wami ugcizelela ukubaluleka kwasekhaya kanye nok"
1301,7892,0.125,"Sikhuluma ngokukhiqizwayo, asikhulumi ngezifundo, asikhulumi ngokuhlolwayo. Umsolwa usolwa ngokushaya uMnu van Schalkwyk","Ngaphezu kwalokho, iPitoli idinga ukuvuselelwa kwezinsiza. Izindawo zokuhlala zidinga ukwakhiwa kabusha, izikhungo zomph"
284,7850,0.125,"Okuqaphelekayo kulezi zimiso wukuthi ziyimikhuba eyenziwa emiphakathini yendabuko ekhuthaza ukuzwana kwemiphakathi, ukup","Lokhu kungaholela ekwandeni kwezinga lokungasebenzi, okukhathaza umphakathi, ikakhulukazi abantu abasha abafuna umsebenz"
42,7895,0.125,Izizalo zemifula ziyimithombo engokwemvelo engenakuthathelwa indawo okufanele inakekelwe ngokucophelela ukuze kuzuze bon,"Ipolitiki yokuhlukanisa ibilokhu ifakazela ukuba yingozi ngokuphelele, futhi kufanele ngempela kuboniswe emlandweni ukut"
3438,218,0.125,Ubufakazi beholo lomphakathi liyabonakala futhi ekwenziweni ngcono okukhulu kokufinyelela ezinsizeni zempilo eziyisiseke,"Ukwenza kube lula izinqubo zokhetho Ukuze kugwenywe ubuthakathaka bezinqubo zokhetho, kunesidingo sokuhlela kabusha lezi"
7424,218,0.125,Ubufakazi beholo lomphakathi liyabonakala futhi ekwenziweni ngcono okukhulu kokufinyelela ezinsizeni zempilo eziyisiseke,"Ukwenza kube lula izinqubo zokhetho Ukuze kugwenywe ubuthakathaka bezinqubo zokhetho, kunesidingo sokuhlela kabusha lezi"
4835,7982,0.125,"Ngivumele, Mama Somlomo nawe Sihlalo, ukuthi ngigqugquzele bonke abantu baseNingizimu Afrika abanelungelo lokuvota ukuth",Imililo Yasendle: Umthelela Nezizathu Zokuyivuma Noma Ukuvusa Ukukhathazeka Imililo yasendle iyinselele enkulu emvelweni
5895,7593,0.125,Kulindeleke ukuthi lolu khondolo luqhubeke ngisho nangonyakazimali ka-2010/11 ngenxa yodonda kwezinga lokuqoqa le ntela.,Lo mbhalo uphinde uhlanganise amafomu adingekayo kanye nezinkokhelo ezihambisana nezicelo zolwazi. Izinhloso ze-DTI ukuh
4909,887,0.125,I Ningizimu Afrika ne Tunisia ithokozela ubudlelwano obunenjabulo futhi obusiza ndawozombili kanti uhulumeni waseTunisia,"Ngenxa yesigaba 7, ""indaba yokusetshenziswa komhlaba"" kusho indaba ephathelene nezinguquko ekusetshenzisweni kwanoma yil"
1637,7661,0.125,"Unelungelo lokunikeza ulwazi ngesikhathi sophenyo lwecala nangesi khathi so kuthethwa kwalo. Amaphoyisa, umshushisi kany",Sizodinga futhi ukusebenza ngokubambisana nezinye izigaba ukuze sinciphise ukusabalala kwezifo ngenxa yezimo zomphakathi
2474,7619,0.125,"U-Adv Nkosi wathi nakuba umzali ekhokha imali yesondlo ngenyanga ngengane, umzali kufanele futhi size ngokuhlinzeka ngez","Ngomhla ka-15 kuMfumfu 2023, uhulumeni wendawo wethule imiphumela yokuhlolwa kwamabhuku komasipala, ebonisa izinga lokup"
6305,691,0.125,Nokwakha iNingizimu Afrika ebuswa ngentando yeningi nebumbene futhi ezokwazi ukubamba iqhaza layo elifanele njengombuso ,"Ukufinyelela kwamahhala kulezi zikhungo kuzokwenza kube lula kubantu abaningi, ikakhulukazi labo abavela emiphakathini e"
6627,760,0.125,"Lesi sitatimende sisebenzisa imikhakha yokufunda ukufeza lezi zinjongo, lokho okulindelekile kanye nemiphumela okumele i","Lokhu kufanele kuhlanganise nemininingwane yakho, izincwadi ezisemthethweni, kanye nezincwadi zokuxhasa. Ngemuva kwalokh"
7215,24,0.125,"Bodokotela, bahlengikazi, bothisha, bozakwethu esasifunda nabo, bozakwethu esisebenza nabo kanye nomndeni bonke bathinta","Lokhu kuhlanganisa ukusebenzisa izinhlelo eziphakeme zokuvikela ulwazi, ezinjengokufaka izinhlelo zokuphepha, ukuhlola a"
711,8075,0.125,Uma izinto zingeke zidayiswe ngokwesigatshana (3) iSikhulu Esigunyaziwe okuyisona esengamele indawo yokugcina impahla si,"I-NAMC, ngokusebenzisa umkhakha wayo Wokumaketha Nokuthengisa, izozama ukuqhubeka nobudlelwano bokubambisana ne-ITAC fut"
718,160,0.125,i iqoqo namakhophi ako konke ukuphawula okwatholakala ngesikhathi sokuxhumana; kanye j nalo lonke ulwazi olucelwe yisiph,Ukuhlola Ukuqhubeka KweNational Development Plan I-National Development Plan (NDP) iyisicwangciso esibhekene nokuthuthuk
1060,8098,0.125,Ezingeni eliphakeme: Kunezinhlelo zokufunda eziyisishiyagalombili ezakhelwe phezu kwemibandela yemikhakha yezifundo. Uku,"Ukuthuthuka komnotho ezweni kube nehle, futhi kukhona okungaqinisekile mayelana nezimakethe zomhlaba. Kulindeleke ukuthi"
83,4085,0.125,"Funda ngamaphutha akho esikhathi esedlule uphumelele kulokhu. Nquma usuku ozoyeka ngalo ukubhema. (Musa UKUZAMA ukuyeka,","Lokhu kuhlola kudinga izikhalazo eziphakeme, ukuze kudaleke isithunzi sokuhlonipha esilondolozwayo. Ngokuhamba kwesikhat"
2149,3939,0.125,Njengoba kuyobanzima komasipala abaningi ukumisa imibandela elindelwe nokubandakanya yonke imikhakha engaphakathi kohulu,"I-IDP ihlose ukubhekana nezinqumo mayelana nezabelomali zamakhaya, ukuphathwa komhlaba, ukukhuthaza ukuthuthukiswa komno"
1543,3936,0.125,Leli ziko liyodinga isiqu esicacile. Leli ziko kufanele libunjelwe emisebenzini ekhona engaphakathi kwalomkhakha. Ngokup,"Okutholakele kuphenyo lomlilo wesakhiwo eGoli Isingeniso Emashumini eminyaka edlule, imiphakathi eminingi eGoli ibhekene"
4929,3927,0.125,Umnyango ukuphawula ngentshisekelo nangentokozo ukuthi inqubo eningi namaqhinga ezinguquko aseyasebenza eNgosini yokulon,Izimpawu zesizwe sethu yilezi zibonakalayo nezizwakalayo ezichaza ubunikazi besizwe. Izimpawu zesizwe zichazwe nguMtheth
2295,3871,0.125,"Umbuso omusha ohambisana nokusetshenziswa kwezilimi ezehluka-hlukene eNingizimu Afrika, njengokuhambisana nesigaba 6 soM","Enye yezinselelo ezinkulu yikhono lokuphatha idatha. Njengoba i-AI idinga idatha enkulu ukuze ifunde, kukhona ukukhathaz"
650,4088,0.125,Izikhundla zomdabu ngaphansi kwesakhiwo sobukhosi ziyingxenye yalowo mphakathi ongaphansi kwenkosi. Ngaphezu kokusiza im,"Umphumela wale simo kube ukungalingani, lapho ukuphathwa kwesiNgisi nesi-Afrikaans kudala ubudlelwano obungalingani phak"
4807,253,0.125,Siye saqala izikole zokugxilisa ingqondo ngenxa yalokhu kwanda nezinto ezintsha ezilethwa yintuthuko. Igwema ukugxila ek,"Umsakazo Wezempilo Nezemfashini Ngomphakathi wonke ubumbene, umcimbi obalulekile wezemfashini, owaziwa ngokuthi ""Umsakaz"
3078,228,0.125,"Kungathiwa impumelelo ivela phakathi kokunye ukuphatha ngokucophelela izindleko, ukusebenza ngokuthembeka kanye nokuphat","Ukugunyazwa Kodokotela Nokuxhumana: Umqondo Ohloniphekile Ezinsukwini zanamuhla, ukuxhumana phakathi kodokotela neziguli"
5783,4053,0.125,Ithuluzi lokuhlola ukwenziwa komsebenzi kwezisebenzi ezingesiwo amalungu e-SMS (amazinga eholo asuka kwelo-1 kuya kwele-,"Inqubo yokuhlola yonyaka evamile ibizwa ngokuthi isiphakamiso noma ukuhlola ukusebenza, kuyilapho eyingxenye engafanele "
7169,1139,0.125,Ukuphatha izilokazane kuyinto ebalulekile ekuphatheni komsebenzi jikelele epulazini ngoba kungehlisa noma kungakhuphula ,"Amaphoyisa aphinde abopha indoda endala efunwa ngenxa yokukhwabanisa eSilverton, ePretoria kuleli sonto. Inqubomgomo kah"
7496,1147,0.125,"Njengoba sonke sazi, izinselelo ezibhekene nezwekazi lethu yindlala kanye nokuvikela ukungasweleki kokudla. Isifo sofuba",Izinsiza Zokwakha Izinsiza ezisetshenziswa kwezakhiwo zithinta kakhulu umphumela wokugcina. Izinsiza ezifanele zifaka ph
764,7009,0.125,Kungenzeka ukuthi ucelwe ukuthi ukhokhe idiphozithi ngaphambi kokuthi uthole irekhodi: lediphozithi iyingxenye yenani le,Zonke izinhlangano zokuvikela umlilo kumele zibhaliswe kwiMnyango Wezamanzi Nezihlahla. Abafakizicelo abafuna ukubhalise
7365,1127,0.125,Ikhansela lewadi kumele lisebenzisane nehhovisi lesikhulumi ukuthola ngosuku olufanele ukuthi kubanjwe umhlangano wokukh,"Ngonyaka ka-2013, iNetflix yathola udumo olukhulu ngemuva kokukhulula uchungechunge lwezithombe olwakhiwe kahle, iHouse "
8126,7114,0.125,a ukuthenga noma ukuthola okusansimbi okuyigugu okubunjwe ngokungaphelele nganoma yisiphi isimo kunoma yimuphi umuntu on,"Ekuhloleni kwemikhiqizo, noma lezo ezithengiswa njengeziphuzo ezinomphumela uma ziqukethe ngaphezulu kwephesenti elilodw"
6942,1099,0.125,"IDP, sikubona kuzoba nomthelela omuhle kakhulu ekuphuculeni izimpilo zabantu ngokusheshisa, nokulethwa kwezidingo. Sonke","Ukunakekelwa Kwezingane Ezisanda Kuzalwa Ezibhedlela Ukwamukela ingane emhlabeni kuyinto eyinhle, kodwa kukhombisa nezin"
6509,1155,0.125,Umndeni ubonakala njengohlelo lokuthuthukisa izimilo yinhlangano ebizwa ngokuthi MRM ngoba yisona sithunywa esisemqoka u,"Mphakathi weGu District Municipality, uMphakathi S.B. Kuyajabula kakhulu ukuba sithintane nomphakathi wethu lapha eSimah"
5981,7139,0.125,b U Ngqongqoshe kumele anike onelungelo ithuba lokuzimela kulokho okutholwe yi Bhodi ezinsukwini ezingu 60 kusukela ngos,Umphakathi uyaziswa ukuthi uMongameli uvumile umthetho olandelayo owashicilelwa lapha ukuze wazise umphakathi wonke. Ama
1745,7148,0.125,Ziningi izibophezelo ezisezingeni lomhlaba lapho lelizwe lisayine khona izivumelwane kanti lezi zindawo ziyochazwa esikh,"I-NAMC, ngeMkhakha Wayo Wokumaketha Nokuthengisa, izozama ukuqhubeka nobudlelwano bokubambisana ne-ITAC futhi iqale ukwe"
5666,1100,0.125,Uhulumeni uzoshayela umthetho imigqa yokuhambisa ugesi ukuze kuhlinzekwe ukufinyelela okungacwasi kwizinto ezingaphozelw,"Ukukhathazeka ngokuphepha kuhambisana nezinsiza ezitholakalayo kubantu. Ukunakisisa Komphakathi Kweminye imiphakathi, ab"
6137,7053,0.125,Imibuzo - Zilungiselele imibuzo eqhamuka kumaLungu eKomidi. Kuwumqondo omuhle ukuthi ucabange ngemibuzo okungenzeka ibuz,Uhulumeni bendawo udlala indima ebalulekile ezinhlelweni zokuthuthukiswa lapha eNingizimu Afrika. Uhlelo lokwakha imipha
7382,4598,0.125,"Sizozama nokho ukulwenza ngcono thina lolu olwethu hlelo, siphinde fithi silwele ukulusebenzisa ngempumelelo. Sizokwenza",Inselelo enkulu ukuwenza lo msebenzi ube yimpumelelo futhi uqinisekise ukuthi uqhubeka nokusiza umphakathi ngendlela efa
5011,6984,0.125,O-Constable Green noGroup abangeniswa ePaarl Medi-Clinic basesimeni esigculisayo. I-Lepidopterist - ofunda ngezinambuzan,Isivumelwano Sokusebenza sakhulunywa neziMali Zokuphepha (i-SAPS ne-SANDF) kanye nezinsizakalo zabo zomthetho. Izichibiy
5545,4568,0.125,Inhloso yokumiswa kwe-CMA ukubandakanya imiphakathi yendawo ekuphatheni imithombo yamanzi. I-CMA iphatha imithombo yaman,"Futhi uma sizobe sikhuluma ngalezi zindaba, kufanele siyikhumbule le ndlela esiqhuba ngayo nokuthi yini esizama ukuyenza"
2264,3393,0.125,Lona ngumzamo wokuvikela izinkampani zakwamanye amazwe ukuthi zinikeze amaphethenti kukudla nemithi yemvelo ekade isetsh,Ngizokwenza ngokuchaza okwenzekayo emzimbeni wakho uma uzivocavoca nokuthi ukuzivocavoca kungakusiza kanjani. Uma uzivoc
2490,1466,0.125,Ngaphezu kwalokho kufanele kutholakale indlela yokuqoqa intela esebenzayo kanye nokufinyezwa kwezindleko zikaHulumeni. I,"Umbuzo 5: Yini eyenziwa ngesikhathi sokuhamba? Ngesikhathi sokuhamba, abahlengikazi baqhubeka nokunakekela umgibeli. Bac"
447,964,0.125,"Ukuba esimweni sokusebenzisa amasu akho akusasa nokuthola imigomo yebhizinisi lakho, kudingeka ukuthi uhlanganise kahle ",Ngiyazi ngoba ngangiyingane futhi. Ngakho umsebenzi wami ukuqinisekisa ukuthi labo abenza ubugebengu ezinganeni baboshwa
3422,3391,0.125,UMnu. Nkambule uthe i-summit izobheka izindaba ezibalulekile futhi ikhombe nokumele kwenziwe uma kuqhutshekwa ekusizeni ,Umbuzo 8: Ubulungiswa bokudla bunjani? Ubulungiswa bokudla buhlale buhlala busembhizeni. Izinkinga ezifana nokungabi nal
378,3458,0.125,"Ngesikhathi esifanayo, sithola isithombe nezinkomba zezidingo zezinsiza ukuze umsebenzi uqhubeke ngendlela egculisayo. S","Ngaphezu kwalokho, ubuchwepheshe bokuhlola izimo, njengezinhlelo zokusebenza ezisebenzisa ubuhlakani bokwenziwa, zingasi"
5536,3457,0.125,Ukugudluka kukuxhaswa ngezimali okwesekwe ngokuxhaswa ngezimali okufakwayo komphumela. Loku kuzodinga ukuthi uhulumeni a,Umphakathi Wokuphatha uzokhetha umuntu ofanele kulolu daba lokuphatha impahla yomuntu ofile. Ngesikhathi sokuhlela impah
6052,3448,0.125,Isimo sendawo yokusebenzela kufanele sesekele ukuphakelwa kwemisebenzi okugculisayo nokuqeqeshekile kube ngaso leso sikh,"Ngemuva kokuphothula le nqubo, uMnumzane Mthembu waqonda ukuthi ukuqinisekiswa kwezinkokhelo akukhona nje ukubaluleka, k"
3988,2507,0.1172,"Ukuhlola lokhu kufanele kubuye kusize abafundi ukuthi bakwazi ukwenza izinqumo ngokuseben-za kwabo, ukuzihlelela izinhlo","Ukufuna Umsebenzi: Ingxoxo Ngendlela Yokuphumelela Isingeniso Ukufuna umsebenzi kuyinto ebalulekile empilweni, ikakhuluk"
1897,6906,0.1172,"Ama""Activity Spines"" ajwayele ukubizwa ngama""Corridors"" entuthuko, kanti avame ukuba emigwaqeni emikhulu esuka noma eya ",Ukusebenza kwezinkundla zokuphepha komphakathi 1. Isingeniso Ukusebenza kwezinkundla zokuphepha komphakathi kubalulekile
926,2608,0.1172,sicele ofake isicelo ngokweSahluko 3 sale mithetho njengokuthi kwenziwa isicelo esisha semvume yezemvelo. Ekufinyeleleni,"Ukuthuthukiswa kubalulekile abantu - kuhilela ukuxhumana nomuntu. Nansi eNingizimu Afrika, kukhona abalimi abaningi abat"
449,6908,0.1172,Lesi sigaba siyohlinzeka ngomthamo wemisebenzi elandiswe ngokohlelo lwezigaba ezichazwe ngenhla kanjalo namathimba ahlos,"Ukuphatha impahla yomntwana ongakwazi ukuphatha yena, kanye nabanye abangakwazi ukuphatha izindaba zabo. Umphakathi ungu"
4203,7884,0.1172,Kuba nzima ukuhamba uma uvelelwa yile nkinga. Ukuhlala ngokuzivocavoca nokudla ukudla okunempilo yizona ndlela ezimbili ,Ulwandle luthatha izigaba ezintathu ezibalulekile zabathwebuli bezinhlanzi noma ukudoba: abathwebuli bezinhlanzi abaphil
6740,5456,0.1172,Kulokho esakubona uyakwazi ukuthi athi babengekho abantu ababenezibhamu. Indawo ezungeze inkudla yezemidlalo ibiyiwe emu,Ukungenelela okuhle kweMnyango kwakwazi ukuvimbela ukuphazamiseka ekunikezeni izinsizakalo zempilo ngesikhathi lesi sikh
5891,6908,0.1172,"Noma kunjalo, lolu Hlelo Lokwethula iZidingo zoMphakathi luyonquma inkambo namaqophelo ngokubheka ubukhulu bomphakathi f","Ukuphatha impahla yomntwana ongakwazi ukuphatha yena, kanye nabanye abangakwazi ukuphatha izindaba zabo. Umphakathi ungu"
738,1226,0.1172,"Ngibhalise eNyuvesi yaseDurban-Westville ngenza iziqu ze-Bachelor of Science, ngigxile kakhulu ku-Mathematics nakuPhysic","Umbuzo 4: Yiziphi izinyathelo ezithathwayo ukuqinisa ukuqoqa izikweletu? Impendulo: Ukuqinisa ukuqoqa izikweletu, i-Esko"
4538,4053,0.1172,Yilokhu kuhlola konyaka wonke okuzosetshenziswa njengesisekelo ukunquma mayelana nomsebenzi wesisebenzi. Lona lelo thulu,"Inqubo yokuhlola yonyaka evamile ibizwa ngokuthi isiphakamiso noma ukuhlola ukusebenza, kuyilapho eyingxenye engafanele "
711,5428,0.1172,Uma izinto zingeke zidayiswe ngokwesigatshana (3) iSikhulu Esigunyaziwe okuyisona esengamele indawo yokugcina impahla si,"Uma isikhundla somholi singenalutho, uNgqongqoshe kufanele akhethe, ngokuthanda kwakhe, noma ubani ophuma kumalungu asel"
242,4058,0.1172,Kodwa-ke izinkinga eziphathelene nokungabekezelelani ngokwebala noma ukungahloniphani ngokwamasiko yiyona nto ebonakala ,"Umcimbi we-GNSS uchaza umcimbi onjengalowo kanye nezimo ezifanayo nezokuphazamiseka komshini, izinkomba, noma iphutha lo"
5779,5485,0.1172,Iminyango kaZwelonke kanye neziFundazwe zisekele ukuthuthukiswa kwale ncwadi echazayo zibuye futhi zinikele ngezimvo ezi,Inombolo yesikhumbuzo: 4.3.2.4-... Amagama aphelele omyeni/umkakho:... Inombolo nezinsuku zokuzalwa zazo zonke izixhaso:
5150,2081,0.1172,"Imisebenzi yeKhansela leSifunda leZempilo kuzoba ukuqhubekisa ukubusa ngokubambisene, ukuqinisekisa ukusiza ukuhlela, uk",Ngiyajabula kakhulu ukwethula isu lokusebenza leMithetho Yezilimi Kazwelonke eyethulwe nguNgqongqoshe. IMithetho Yezilim
7405,5415,0.1172,Ukweboleka kwesikhathi eside kuvame ukuba ngaphezu kweminyaka emihlanu. Iqhaza leBhange lokuxhasa ngezimali lifaka ukuhl,Lokhu kubalulekile ukuze kuqinisekiswe ukuthi izinqubo ezisetshenziswayo zisebenza kahle. Ukuhlola izimo eziphuthumayo k
8173,2550,0.1172,"Ngaphandle kwanjengoba kuhlinzekelwe kusigatshana(1) noma kunoma yisiphi esinye sezimiso zoMthethosisekelo, awukho umthe",Yini eyenzeka ngokuphathwa nokugcinwa kwemishini? Lezi zithombe ze-traktor esebenza emapulazini kanye ne-toolbox enezing
6636,5925,0.1172,Uqhubeka nesiko kwingqikithi yesiko elisaguquka kanye neseliguqukile. Izindlela zemihlahlandlela yokwenza zokubuka izilw,"Ezindaweni lapho umhlaba usetshenziswa umphakathi wonke, kuvamile ukuthi umndeni othile ube nendawo ethile (lokhu kuhluk"
4095,4093,0.1172,Mina nomthathi wezithombe saya enkundleni ngamkhombisa ezinto ezithile. U- Akol wathi iKhartoum ivumile ukuthi ukulawulw,Sebenzisa ipeni emnyama noma eluhlaza okwesibhakabhaka ukuze ugcwalise ifomu lethenda futhi ugcine ukubhala kwakho ngaph
2713,4686,0.1172,"Ngo-2003 the Umnyango Wezemidlalo, Ezokungcebeleka, Ezobuciko Namasiko wagunyaza uhlolo locwaningo ngokuphathelene nolim","Ukuntuleka kwemisebenzi kuholela ekuwohlokeni kwezimali, okwenza kube nzima abantu ukuba bakwazi ukuhlinzeka ngemindeni "
7284,5844,0.1172,"I.5 Ukusiza ukucwaninga ukuqashwa ezisebenzini zikahulumeni, isikhulu esiphethe siyohlanganisa zonke izikhundla emnyangw",Noma iyiphi inja yentombazane efanele ukuhlinzeka ngaphandle kokuthi le nja yentombazane igcinwe ngaphansi kokulawula ok
5523,6901,0.1172,"Ukubona lnqubekela phambili eseyenzekile kusu kela kuqala um-buso wentando yeningi, mayelana noguquko kuzinhlelo zobulun",Inqubo yokwenza lokhu okwenziwe ibhizinisi iqondiswa yizinhloso nezifiso ezibekwe kule mithetho. Lezi zindawo ezilandela
5679,2211,0.1172,Izimali eziphuma kuzwelonke okuyisabelo esilinganisiwe nezipho ezinemibandela zicabangela uhlaka lwakamuva lwezezimali n,I-municipality noma ezinye izikhungo zikahulumeni azikwazi ukwamukela isicelo sokuhlukaniswa komhlaba noma ukuhlanganisw
799,6951,0.1172,Kukhona izindlela ezihlukene zokuphatha izifo ngokuzivimba. Kukhona izinhlobo zezitshalo ezikhuliswe ukuba namandla ukuz,"Uma ufuna ukuphatha ibhizinisi lakho lokulima ngendlela efanele, kubalulekile ukusetha imigomo nezifiso zakho. Awukwazi "
3727,163,0.1172,Kungani uhlelo lwezomnotho lwalelizwe kusenzele abantu abaningi kangaka babe mpofu? Ukwehla kwezimilo kufana nendwangu e,"G. Iziphakamiso Eziwusizo Zokuphatha Izimpawu Zokugula Nokwandisa Ukudla Okunempilo. Impilo yethu, indlela esizizwa ngay"
5043,1115,0.1172,"Ukufinyelela kuloku kanye nokwethula kukugunyazwa kwakho, uMnyango udinga ukubona ukuthi yiziphi izinjongo okumele izifi","Ngokwehlelo lokubuyisela ubulungiswa oluvimbela ubugebengu, izenzo ezinjalo zixazululwa ngohlelo lwendabuko lokwahlulela"
5363,5743,0.1172,Kungabe izakhiwo namaforamu akhiwe nguHulumeni ayasiza ekubambeni iqhaza kwentando yeningi? Ikuthuthukisa kanganani okul,"Abantu abasha abangenamsebenzi bavame ukuba nezinselelo ezinkulu zempilo yengqondo, okubandakanya ukudangala nokukhathaz"
1506,150,0.1172,Ukuqeqeshwa kwabosizo oluphumthumayo kuyingxenye yohlelo kukahulumeni wesifundazwe ukuqinisekisa ukuthi zonke izindawo k,Ubani ozothola inzuzo kulolu bhukwana? Lolu bhukwana lunikeza uhlaka lokuthuthukisa amakhono abantu abathintekayo ohlelw
718,5751,0.1172,i iqoqo namakhophi ako konke ukuphawula okwatholakala ngesikhathi sokuxhumana; kanye j nalo lonke ulwazi olucelwe yisiph,"Ukufinyelela Kwamahhala Komphakathi Ezikhungweni Ngaphakathi kweminyaka edlule, umphakathi wethu ubhekane nezinselelo ez"
2473,5709,0.1172,"Inselelo yesibili ngukwakha amakhono ezikhungo zaseAfrika - Ohulumeni bakaZwelonke, ama-RECs kanye ne-AU. Ngale kokuba k","Ngokuhamba kwesikhathi, izinqubo zokwazisa ngesibhedlela zamahora angama-48 zikhombisa ukuthi ziwusizo kakhulu empilweni"
2220,5709,0.1172,Ukuphathwa kwalezi zigcawu ezintsha kuyodluliselwa kwiNhlangano Yamacebo Amasha Obuchwepheshe lapho seyibunjiwe. I-ICT i,"Ngokuhamba kwesikhathi, izinqubo zokwazisa ngesibhedlela zamahora angama-48 zikhombisa ukuthi ziwusizo kakhulu empilweni"
4921,2081,0.1172,a Ikhansela likamasipala nomkhadlu dolobha noma umasipala wesifunda uzoba negunya lokuphatha kanye nelomthetho kuzinsiza,Ngiyajabula kakhulu ukwethula isu lokusebenza leMithetho Yezilimi Kazwelonke eyethulwe nguNgqongqoshe. IMithetho Yezilim
847,5373,0.1172,Kuyamangalisa kakhulu ukwazi ukuthi lapho ngiyolala amashidi abuya ekulimeni. Bengingazi ukuthi irayisi limila ezitshalw,"UNgqongqoshe uzokhetha ofakazi eMnyangweni, onesifundo esifanele esiphakeme sokuthuthukiswa kwezilwane, njengomphakathi "
3438,667,0.1172,Ubufakazi beholo lomphakathi liyabonakala futhi ekwenziweni ngcono okukhulu kokufinyelela ezinsizeni zempilo eziyisiseke,"Lokhu kuholele ekwakhiweni kwezinhlelo zokuxhasa abantu abahluphekayo, okuhlanganisa izinhlelo zokudla, ezokwelapha, nez"
1043,2652,0.1172,"isahluko 35 sakha ikomidi lokwengamela uGu lika zwelonke, lale komidi lizo sebenzisana necandelo lalokhu lika hulumeni. ","108 ka-1996), ngokusekelwe kumfuneko yokuthi ukusetshenziswa kwazo kufanele kube ngu-98% wabantu bonke. Izilimi eziyi-11"
2010,4705,0.1172,Uhulumeni osebenza ngenqubo esobala ubamba imihlangano yomphakathi futhi avumele ukuba ihanjelwe yizakhamizi. Uvumela ab,Umgomo ohlobene nokusetshenziswa nokuphathwa kwemali uzothuthukiswa. I-ATAF ayikwazi ukuhlinzeka ngensizakalo yezimali (
4556,742,0.1172,"Umsolwa washintsha amapuleti endleleni ngesikhathi ehambisa izinto. Uma onke amathenda esehlukanisiwe, izinga lokusebenz",Ukubambisana nezinye izikhungo zomphakathi kuzohlale kuba yinto ebalulekile emizamweni kahulumeni nasemsebenzini wawo wo
6351,3363,0.1172,Lomsebenzi usuqalisiwe. kulemisebenzi kahulumeni okumele yenziwe ngaphambi kweminye sizoqondisa ekuthuthukiseni amakhono,"Kulo nyaka sizokwakha uhlelo lokuguqula izinsizakalo zezempilo, iHealth Service Transformation Plan, esizosebenza kuyo k"
6905,4228,0.1172,"Barker oyisikhulumli sethu esiqavile ezethulweni. Okufakiwe ukukhiqizwa kwezindwangu ezinithiwe , isicaba noma indingili","Ukukhanya kwelanga, izinyanga eziphuma ngezikhathi ezithile, kuveza izinselele ezithile, nezinkinga ezithinta impilo yom"
1841,5355,0.1172,Noma yini edinga ukubhekwa esicelweni sesithunywa akufanele iqhubeke nokubhekwa ngumkhandlu noma yikomidi kuze kube isit,"Izici ezibalulekile zalesi sibopho Ukuze kuqinisekiswe ukuthi isibopho semiphumela yokwelashwa sifezekiswa, kunezici ezi"
6186,4276,0.1172,Leli yiqiniso lemethamethiki ongalivivinya emsebenzini ngomthelela wezigidi eziyi-6 zabantu abasha abangaphansi kweminya,"Lokhu kuzokwenza kube lula kubo ukuthola imvume yokwelashwa, futhi kuzokwenza kube lula ukuhamba phambili ezinqubweni zo"
2031,7906,0.1172,Grabber: Lapha eAfrika ukuqhubeka komsebenzi oqondene neBio-fuel emhlabeni jikelele kusilethela amathuba amahle ukwandis,"Kodwa-ke, kufanele sikhumbule ukuthi izilimi zidinga ukunakekelwa. Njengoba sithuthuka, sithola ukuthi ezinye izilimi zi"
680,2792,0.1172,"Isikhulumi samaphoyisa, uNsumpa Thembi Nkhwashu, wathi ngoLwesihlanu, amadoda amane aboshiwe emva kokuba amaphoyisa amis",Noma ubani angafaka isicelo mathupha uma engakwazi ukufunda nokubhala noma uma engakhubazekile ngendlela yokuthi angakwa
3208,1166,0.1172,"Kungenzeka kube nomkhiqizo ongaphezulu kowodwa kuhlolo oluthize. Imikhiqizo ecwaningwayo kungenzeka kube yimithi, imijov","Ngemuva kweminyaka eminingana yokubambisana nokuthuthukiswa, iphrojekthi ye-flue gas eKusile yawela esigabeni sokuphothu"
5994,1267,0.1172,Amalungu eminye iminyango esekelayo nawo azofakwa emsebenzini phakathi nale nkathi ukuze kwandiswe isibalo samaphoyisa f,Uma lesi SIVUMELWANO siphela ngemuva kwesinyanga esisodwa ibala usuku nosuku kusukela ekuqaleni kwalesi SIVUMELWANO (bhe
1745,8075,0.1172,Ziningi izibophezelo ezisezingeni lomhlaba lapho lelizwe lisayine khona izivumelwane kanti lezi zindawo ziyochazwa esikh,"I-NAMC, ngokusebenzisa umkhakha wayo Wokumaketha Nokuthengisa, izozama ukuqhubeka nobudlelwano bokubambisana ne-ITAC fut"
7848,2767,0.1172,Inhlangano eqondwe esigatshaneni 1 ithathwa njengeqokwe njengenhlangano yokuvikela izingane isikhathi esiyiminyaka emihl,"U-Transnet kufanele aqhamuke nezixazululo eziphumelelayo ukuze aqhube ukusebenza komnyango, ukukwenza kube lula ukufika "
2008,150,0.1172,Ukwenza izinhlangano zizinikele kumongo wamagugu okuHlanganyela Okusha kweNtuthuko yeAfrika ngobuholi. Imibandela yesikh,Ubani ozothola inzuzo kulolu bhukwana? Lolu bhukwana lunikeza uhlaka lokuthuthukisa amakhono abantu abathintekayo ohlelw
3395,2081,0.1172,b iLungu elifanele loMkhandlu oMkhulu ngemuva kokubonisana nelingu lesigungu esikhulu esiphethe izindaba zika hulumani b,Ngiyajabula kakhulu ukwethula isu lokusebenza leMithetho Yezilimi Kazwelonke eyethulwe nguNgqongqoshe. IMithetho Yezilim
3196,4060,0.1172,Uma kunokwenzeka ulimi lwebele yilona okumele lusetshenziselwe ukufunda nokufundisa abafundi. Loku kusemqoka ikakhulukaz,Isikhathi sokuvuna siseduze futhi kusekhona izinkambu eziningi ezigcwele izihlahla. Izingxoxo zethu zihlala zibuyela kul
5271,2075,0.1172,Le miThetho Migomo ingabizwa ngemiThetho Migomo yokusetshenziswa kwaManzi ngeziNloso zokuNgcebeleka. Ingxenye yokuqala i,Izimo ezibalulekile zomthetho zichazwe kule mthetho. b 'Ukubhida' kubhekisela esicelweni esibhaliwe ngendlela ethile nom
7250,4085,0.1172,"Noma yimuphi umuntu ongavumelani nanoma yisiphi isinqumo esithathwe ngumhloli, angafaka isikhalo esiphikisa leso sinqumo","Lokhu kuhlola kudinga izikhalazo eziphakeme, ukuze kudaleke isithunzi sokuhlonipha esilondolozwayo. Ngokuhamba kwesikhat"
5895,1233,0.1172,Kulindeleke ukuthi lolu khondolo luqhubeke ngisho nangonyakazimali ka-2010/11 ngenxa yodonda kwezinga lokuqoqa le ntela.,Le ncwadi iphinde ifake amafomu adingekayo kanye nezinkokhelo ezihambisana nezicelo zolwazi. I-DTI inhloso yayo ukuhola 
6137,2107,0.1172,Imibuzo - Zilungiselele imibuzo eqhamuka kumaLungu eKomidi. Kuwumqondo omuhle ukuthi ucabange ngemibuzo okungenzeka ibuz,Ungakuhlola kalula lokhu. Bamba umhole ufinyelele ku-15 cm ubukhulu bese uthatha isampula somhlaba. Zama ukwenza ibhola 
4909,2107,0.1172,I Ningizimu Afrika ne Tunisia ithokozela ubudlelwano obunenjabulo futhi obusiza ndawozombili kanti uhulumeni waseTunisia,Ungakuhlola kalula lokhu. Bamba umhole ufinyelele ku-15 cm ubukhulu bese uthatha isampula somhlaba. Zama ukwenza ibhola 
2747,8062,0.1172,"b Ikheli nenombolo yesikhahlamezi eNingizimu Afrika lapho kufanele kuthunyelwe khona ulwazi olunikiwe. c Uma kufanele, m","f Uma isicelo senziwa egameni lomunye, ubufakazi bokuthunyelwa komfaki-sicelo kumele bukhishwe ngendlela ejabulisa iMene"
1951,6994,0.1172,"Uma isikhathi esingama hora ngama -48 esikhonjwe kwisigatshana- 1 siphela ngo Mgqibelo, ISonto noma iholide lomphakathi,",Lolu hlaka oluvumela luzoqinisekisa ukuthi abantu bangakwazi ukufeza ngokuphelele amandla abo emphakathini futhi bakhe i
3960,2102,0.1172,"Ingqikithi yanonyaka ithi ""Sisebenzela impilo ngokubambisana"". Kulokhu sasibungaza sihlonipha iqhaza labasebenzi bezeMpi","Imiphumela Yezivivinyo: Ukubaluleka Kwayo Empilweni Yomfundi Ngokwenyama, imiphumela yezivivinyo ithathwa njengophawu lo"
3642,1233,0.1172,UGu kumele lwenganyelwe ngendlela efanele ukuze lenyuke izinga lokuhlomula kuwo onke mathuba aqukethwe uGu. Kodwa ke lol,Le ncwadi iphinde ifake amafomu adingekayo kanye nezinkokhelo ezihambisana nezicelo zolwazi. I-DTI inhloso yayo ukuhola 
2774,5956,0.1172,Lokhu kwenza ukuba ingane ikwazi ukucindezela ulimi kanye nedami kuthintane nethambo kanti futhi ngokwenza njalo bese ik,"Ngaphezu kwalokho, singenza kahle uma sithokozisa ubuhlakani bokwenziwa ngokulandela izimiso zokuhlonipha. Ukubaluleka k"
450,5947,0.1172,Inhloko yokuphatha namalunga aphezulu abasebenzi ayoba yingxenye yabahlala emihlanganweni yebhodi noma bona bengeyikuvot,Ezokuthuthukiswa Kwezindawo Zasemakhaya Umbuzo 1: Yini ezokuthuthukiswa kwezindawo zasemakhaya? Impendulo: Ezokuthuthuki
877,2137,0.1172,"Kuncika ebungakweni nasohlotsheni loMnyango (inani lezisebenzi, izifundazwe, izifunda nezi district distribution) amakom","Amaphutha Emigomweni: Ukuhlinzeka ngemigomo engacacile mayelana namaholo, izikhala ezingenakuhambisana nezinye izixazulu"
671,6070,0.1172,Uma umyalo ophoqayo uchithwa kumele imiphumela ehambisana nawo ihoxiswe kanti uma ibandakanya ukwesulwa kokumiswa komunt,Iphakamisa iziphakamiso kuNgqongqoshe mayelana nanoma yiziphi izindaba ezingase zishiwo ngaphansi kwalesi sikhungo; futh
4722,2788,0.1172,"Gcina izikhali zokusebenza ngaphakathi, uma lokho kunokwenzeka, ususe umthwalo ophezu kwamasondo (kwamathaya). Beka izin","Uma ungavumelani, yiziphi izikhalazo onazo ngalolu hlelo? Ingabe umele inhlangano ethile? Lolu hlobo lokuhlola luqaliswe"
5048,8093,0.1172,Ezempilo zasemsebenzini kulukhuni ukuzibala nokuzilawula njengalo imithelela yomsebenzi empilweni yomuntu kungelula ukut,Zandisa ubuchwepheshe bokuphila. Abalimi eNingizimu Afrika bangasebenzisa le ngcebo ngezindlela ezingahlangene ngqo noku
2154,2409,0.1172,"Ibonisa futhi isidingo esisemqoka sezinsiza zokuhumusha, kanye nobumqoka obusezingeni eliphezulu okumele benziwe ekusets","Leqembu lifaka abahloli abavela emaphandleni ezeMpilo, Ezokuphatha, Ezomsebenzi, Ezolimo, njll. Kuphela uma izivumelwano"
5972,3335,0.1172,"Njengamalungu angabasunguli balesi sikhungo, sifaka isandla ekulungiseni uhlelo lwamazwe omhlaba lwamalungelo esintu. Uk",Uhlelo lwe-‘companion planting’ lungaba usizo olukhulu. Lokhu kusho ukufaka izitshalo ezihambisanayo eduze komunye nomun
415,8018,0.1172,Isiyonke imali yamathenda anikwe ama-co-operatives kusukela ngoNcwaba kuya kuZibandlela nyakenye ingu-R11 million kumath,"Lezi zinkantolo eziyi-24 zizohlinzeka ngazo zonke izinsizakalo ezidingekayo, okusho ukuthi izinsizakalo zobulungiswa man"
3694,5609,0.1172,e ukwedluliswa kwezisebenzi kuyokwenziwa ngokubhekelela izidingo zoMthetho wezobuDlelwano neziSebenzi; futhi f ukwedluli,"Ngokulandela lokhu, kubizwa ngokuthi isivumelwano somphakathi ngapha, emva kwalokhu babizwa ngamaqembu. I-SAPS ingena es"
7768,8132,0.1172,Ngiyicela kanjani imali yesondlo? Yini amalungelo ami? Ngumsebenzi wabo bobabili abazali ukusiza ingane yabo ngemali. Lo,"Uma ukhokha ngeposi noma usebenzisa i-ATM, ukukhokha kumele kwenziwe ngesikhathi sokuthi ifomu lakho lifike kusenesikhat"
7189,3665,0.1172,Ukuhlola amathuba okuphumelela kwemisebenzi nezinhlelo ezihlongozwayo. Lokhu kuyokwenziwa yikomidi lokulumbanisa elibunj,Isizathu ukuthi umuntu oqinisekisa i-affidavit kumele abe ngumuntu ongahlangene futhi ongenawo umqondo endabeni equkethw
2688,3643,0.1172,Isilinganiso aamandla okukhokha izikweletu zonke zika 11.08% mhlaka 31 Disemba 2009 sehla ezingeni lika 11.93% elivunywe,Izikhala ezisungulwe ngaphansi kwesigaba 1 zizoba ezifana kuzo zonke izithuthi noma amabhasi asebenza kulowo mgwaqo noma
6620,8129,0.1172,Ukwaluleka ngezindaba zenqubomgomo yokuphepha kuzwelonke nokuqondisa inkambo yohlelomgomo loMnyango wezokuVikela ngokumi,"Ngaphezu kwalokho, abadlali abaphumelelayo baba izibonelo ezinhle zentsha yaleso sizwe, njengabantu abavelele, noma ngab"
484,582,0.1172,"Namanye amalungu uNgqongqoshe angawabona efanele. b kungathi ngokwesigaba 1, aqoke nelinye ilungu elizoshintshana nelung","Amafomu esicelo kumele athunyelwe ukuze kufakwe izicelo ezintsha kanye nezichibiyelo zokubhaliswa okukhona, kuhlanganise"
3661,3336,0.1172,"Uma umnikazi engaziwa ukuthi ukuphi noma u-MEC aneliseka ukuthi angeke kukwazeke ukuthi kuhanjiswe isaziso kumnikazi, no","Le mklomelo inikezwa kubantu baseNingizimu Afrika abaveze ubuchwepheshe obukhulu emikhakheni yobuciko, isiko, izincwadi "
3093,8090,0.1172,Lolusiko sifisa luhlonishwe kanti sinxusa yonke inkosi ezogcotshwa ukuba ilulandele lolusiko. Angazi - ke ukuthi bangaki,Umbiko: Ukuqinisekisa Ukuphendula Ngemizuzu Eyishumi Nanhlanu Isingeniso Ekuthuthukiseni nasekuhloleni izinga lokuphendu
4909,648,0.1172,I Ningizimu Afrika ne Tunisia ithokozela ubudlelwano obunenjabulo futhi obusiza ndawozombili kanti uhulumeni waseTunisia,Ngiyajabula ukukwazisa umphakathi waseNingizimu Afrika ngomyalo ophakanyisiwe mayelana nezemidlalo nokuzijabulisa. Lo my
2774,648,0.1172,Lokhu kwenza ukuba ingane ikwazi ukucindezela ulimi kanye nedami kuthintane nethambo kanti futhi ngokwenza njalo bese ik,Ngiyajabula ukukwazisa umphakathi waseNingizimu Afrika ngomyalo ophakanyisiwe mayelana nezemidlalo nokuzijabulisa. Lo my
1548,3323,0.1172,"Kuyiqiniso lokho, bengizosho. Inani lokondla lohlaza oluvuniwe kumele lulingane nalolo lwesitshalo esimile uma kungazang","Amathuluzi akhe, njll. Sikholelwa ukuthi bonke abantu abasebenza kulesi sibonelo esiphakeme banolwazi futhi bakwazi ukwe"
7310,3356,0.1172,"Zini izinhlelo ezifana nalezi esesiziqalile esifundazweni sethu. Ngikhuluma nje sinezinhlelo ezifanayo kwaHlabisa, eMang","Uma izitshalo zibhujiswa, umhlaba uba mnyama. Lokhu kudala umoya omubi, futhi umphakathi uba nezinselelo ezinkulu. Ngakh"
7424,667,0.1172,Ubufakazi beholo lomphakathi liyabonakala futhi ekwenziweni ngcono okukhulu kokufinyelela ezinsizeni zempilo eziyisiseke,"Lokhu kuholele ekwakhiweni kwezinhlelo zokuxhasa abantu abahluphekayo, okuhlanganisa izinhlelo zokudla, ezokwelapha, nez"
5130,3637,0.1172,"Ngifisa ukuniqinisekisa ukuthi, lamadoda namakhosikazi, banenhloso yokuthuthukisa isimo sezempilo sabantu besifundazwe s","Isaziso sezinsuku ezingama-30 ngezinguquko empilweni Ngonyaka ka-2023, umphakathi wethu wathola isaziso esibalulekile es"
6282,5678,0.1172,"Njengesifunda sakwa Zulu-Natal, kuyasijabulisa ukubona igxathu esesilithathile emizameni yokubuyisa isithunzi sobuholi b","Izinhlelo zokusebenza ezithuthukisiwe, izinhlelo zokulandelela, kanye nezinsiza zokuxhumana zenza kube lula ukuhlela nok"
5905,4200,0.1172,Izisebenzi ziyanikwa ilungelo lokwenqaba ukusayina ifomu lokuhlolwa kokwenziwa komsebenzi. Nokuvunyelwa kwabamele iziseb,"UMsunguli Jikelele uqokwe njengomphathi wehhovisi lolwazi, njengoba kushiwo esigabeni 1(a)(ii) somthetho. Abaphathi Abas"
3097,3773,0.1172,Intshonalanga eNgaphandle iseyindadwo ebalulekile okugxilwe kuyo ekuqinisekiseni ukuthi singakhulisa amathuba esitayela ,"Amaphoyisa aphinde abopha indoda endala efunwa ngokukhwabanisa eSilverton, Pretoria kuleli sonto. Umgomo kahulumeni woku"
106,3773,0.1172,I-isrdp ilungiselwe ukuthola ukubumbana komphakathi kanye nomphakathi wasemaphandleni ongaguquki onezomnotho osebenzayo ,"Amaphoyisa aphinde abopha indoda endala efunwa ngokukhwabanisa eSilverton, Pretoria kuleli sonto. Umgomo kahulumeni woku"
2471,2334,0.1172,"Kwesinye isikhathi, amaqembu ezigebengu angena ngale kocingo lwesikole kanti ubugebengu emphakathini buchithekela esikol","Lokhu kudinga ukuthi kube nezinhlelo ezinamandla zokuvikela abavoti, ukuze kuqinisekiswe ukuthi bonke abantu bangavota n"
2473,4106,0.1172,"Inselelo yesibili ngukwakha amakhono ezikhungo zaseAfrika - Ohulumeni bakaZwelonke, ama-RECs kanye ne-AU. Ngale kokuba k","Ukuze lokhu kufezwe, iGEMS ibambisene nabahlinzeki bezempilo ukuze kuqinisekiswe ukuthi imvume iyavuma, futhi ulwazi olu"
2498,2323,0.1172,Inhloso yale ncwanjana ukwenza ukuthi amalungu omphakathi azejwayeze nezinqubo okufanele zilandelwe ukuze kutholakale im,"Sipho Dlamini, ubelokhu ebekezela ekuhlinzekeni ngobuhle bendlela yokuhlonipha imiyalo yomthetho. Ngesikhathi evidwayo, "
1519,2414,0.1172,Umbiko ogcwele ngale khomishani utholakala esigabeni sokuVikelwa kwaMalungelo ethu. Isigaba 9 soMthethosisekelo sihlinze,"Kwakuyisikhathi sokukhuluma, sokuxhumana, nokwakha izixazululo ezizokwenza kube nokuthula. Ngemuva kwemihlangano emining"
2571,5568,0.1172,Ukuhlanganisa nokunikezela ngamarekhodi okusebenza nesitifiketi sokusulwa embuthweni ukuze asentshenziswe yilowo muntu n,"Isigaba 3: Imibhalo Yokufunda Ngaphezu kwalokho, izidingo zemibhalo zifaka phakathi iziqu zakho zemfundo. Lokhu kuhlanga"
612,5561,0.1172,"Lelo khasimende kuyomele likhokhe imali enqunyiwe. UMkhandlu uyokhokhisa abahlali, kanye nabanikazi bezindawo kanye naba","Ngenxa yokudubula, abesifazane ababili ababejolile kuphela balimala, kanti omunye umsolwa udubuliwe enyameni. Awukwazi u"
4029,5587,0.1172,Kufanele kwaziwe ukuthi umthetho wendabuko awehlukanisi phakathi kodaba lombango nobugebengu ngendlela efanayo nomthetho,"Uma ofile ehlala eNingizimu Afrika ngesikhathi sokufa kwakhe, bika ifa kuMaster onegunya endaweni lapho ofile ehlala kho"
5145,5688,0.1172,"Empeleni, sikwazile ukudlula phakathi kwezinxushunxushu ezinkulu, futhi eqophelelweni ngalinye kule ndlela, kuye kwading","Okokugcina, ukusimama kubalulekile ekwakheni isu eliqhubekayo lokuphathwa kwemithombo. I-GEMS ibeka phambili izindlela z"
66,5601,0.1172,"Ingoma yesizwe yaseRiphabhuliki iyonqunywa nguMongameli ngokuthi enze isimemezelo. Ifulegi lesizwe linombala omnyama, os","Ukusetshenziswa kwe-smart meter kwa-Eskom: Ukubuyekezwa Eskom, njengomphakathi omkhulu wezokwakha amandla eNingizimu Afr"
2713,8135,0.1172,"Ngo-2003 the Umnyango Wezemidlalo, Ezokungcebeleka, Ezobuciko Namasiko wagunyaza uhlolo locwaningo ngokuphathelene nolim","iTakealot: Indaba Yezitolo Zamanje Kwathi ngesikhathi esithile emhlabeni wezohwebo, umqondo omusha wokuthenga wavela. Lo"
6720,5587,0.1172,Kufanele kwaziwe ukuthi umthetho wendabuko awehlukanisi phakathi kodaba lombango nobugebengu ngendlela efanayo nomthetho,"Uma ofile ehlala eNingizimu Afrika ngesikhathi sokufa kwakhe, bika ifa kuMaster onegunya endaweni lapho ofile ehlala kho"
2930,3323,0.1172,Sikhathazekile futhi ngokuthi ukulwa nobushokobezi akumele kuphazamise ukuhlonishwa komthetho womhlaba wonke kanye nokuv,"Amathuluzi akhe, njll. Sikholelwa ukuthi bonke abantu abasebenza kulesi sibonelo esiphakeme banolwazi futhi bakwazi ukwe"
6210,5585,0.1172,"Ukukhetha izihloko eziphathelene nezimpilo zabafundi, ziphinde futhi zibafundise nokunye abangakwazi, Isib. Ukukhetha iz","Izinqubo Zokuthunyelwa Kwama-Ambulensi Umuntu: UThando Mthembu Umxhumanisi: UZanele Nkosi UZanele Nkosi: Sawubona, Thand"
1776,3984,0.1172,"Ukwaziswa okubalulekile okukula maqoqo kuba yingxenye yamagugu ahlanganyelwa yizwe lonke. Abathenga ngaphandle, abatheng","Wathuthukisa izinhlelo zokuvikela ubumfihlo, futhi wagedla isikhathi esiningi efunda indlela yokuphatha umphakathi ukuze"
5004,1077,0.1172,Siza unake Yilapha lapho udinga khona ukugcwalisa inani le-claim yakho ukuthi loku kubekwa eceleni kwe-R1.5 sigidi kwend,Inqubo ehlanganisiwe idinga ukucabanga nokubheka izinto ngokubanzi futhi ukusabalalisa kwezinye izikhala zemboni. Uhlelo
5309,4150,0.1172,Ngokucacile inhlangano ethuthukisa noma eyeluleka nge-IKS izodinga ukusebenzisana ngokusondelene neKhomishana. Le nqubom,"Okokuqala, sithola ukulimala kwemisipha, okungaba yizinkinga ezinjengokuphuka kwemisipha, ukulimala kwemithambo, noma uk"
7382,1076,0.1172,"Sizozama nokho ukulwenza ngcono thina lolu olwethu hlelo, siphinde fithi silwele ukulusebenzisa ngempumelelo. Sizokwenza","Abantu abaningi abathandi ukungena emsebenzini wokunakekela abantu abadala, nokwenza kube nzima ukuhlinzeka ngensiza eya"
3425,2439,0.1172,b umhlinzeki wonakekelo lwezempilo okunguyena okungumsebenzi wakhe ukunyanga umsebenzisi; futhi c unhloko wesikhungo sez,"Hheyi, unjani? Ngizokhuluma ngalezi zinselelo zokusebenza kwezitimela zakwa-Transnet Freight Rail. Kukhona izinto ezinin"
4415,8023,0.1172,"Luvama ukuba nezimpande ezinamandla futhi luzwana kalula nezimo sezulu ezahlukene. Kunzima ukulubulala, lukhuni futhi lu","Futhi, ukufuna izeluleko kubafundisi noma kubangani kungasiza ekutholeni izindlela ezintsha zokufunda. Umbuzo 4: Yini eb"
6305,2365,0.1172,Nokwakha iNingizimu Afrika ebuswa ngentando yeningi nebumbene futhi ezokwazi ukubamba iqhaza layo elifanele njengombuso ,"Umnyango kufanele wenze izivumelwano zokuhweba ezindaweni zokuhweba zomphakathi, ezizoba yisivumelwano phakathi kweKhans"
4054,648,0.1172,"Amanye amasosha amaningi anqunywa emuva kokuqulwa kwamacala, agwetshwelwa ukudlwengula kanye nokubulala abantu bendawo. ",Ngiyajabula ukukwazisa umphakathi waseNingizimu Afrika ngomyalo ophakanyisiwe mayelana nezemidlalo nokuzijabulisa. Lo my
5363,1147,0.1172,Kungabe izakhiwo namaforamu akhiwe nguHulumeni ayasiza ekubambeni iqhaza kwentando yeningi? Ikuthuthukisa kanganani okul,Izinsiza Zokwakha Izinsiza ezisetshenziswa kwezakhiwo zithinta kakhulu umphumela wokugcina. Izinsiza ezifanele zifaka ph
2735,2289,0.1172,"Uma kukhona ukushayisana phakathi kwesimiselo saleNgxenye kanye nesimiselo senye iNgxenye yalezi ziQondiso, isimiselo sa",Ukuhlinzeka ngenhlonipho ngezindlela zokwakha ubudlelwano phakathi kwabantu; umthelela emthethweni ophathelene nobudlelw
5215,7915,0.1172,Qikelela ukuthi awukho umsindo omkhulu ozophazamisaabantu. Nikeza abanti ithuba lokubuza imibuzo basho nemibono yabo. Bu,"Izikhombisi ze-IDP, ezakhelwe ithimba elihlukile le-DPLG ngoxhaso lwe-GTZ, ziphakamisa inqubo ehlelekile yokuhlela nokup"
3269,7969,0.1172,"Khomba umhlaba ofisa ukuwuthenga. Kokunye, ungaba usunawo umhlaba, ofana nomhlaba ohlanganyelwe womphakathi. Thintana no",Le ncwadi kumele iphumelele ngolimi lwemiphakathi emithathu kwiGazethi yoMnyango. Uma imisebenzi yezakhiwo ezimbili noma
1915,3312,0.1172,"Sibathulela isigqoko ngokukhuthaza ithemba ngezikhathi ezinzima. Ngalo mbandela, ngifisa ukwenanela ubukhona buka Pat Tl",Ukusiza nokufundisa abalimi ngabanye kuthatha isikhathi eside futhi kubiza imali eningi. Kungcono ukuhlanganisa abalimi 
3479,5725,0.1172,"Imifula emikhulu emine yaseNingizimu Afrika kwatshelwana ngayo namanye amazwe, okwenza ukuthi ukuphathwa kwemithombo yam",I-SAMSA iphinde ikhishwe futhi inikeze izitifiketi okufanele abantu babe nazo uma besebenza ezikebheni. IKomidi leMithet
1354,5714,0.1172,"Lokhu kuzohlanganisa ngokuyinhloko ukwenziwa lula kohlelo lwabasebenzi, ukufaka abalingani kanye nokukhishwa kwemisebenz","Isikhathi seHope, ukhuluma ngodokotela wezangoma uma ethula inkulumo yakhe ngesikhathi sokuvulwa kwePhalamende. UMnyango"
7089,5714,0.1172,Isigaba sokuphathwa kokufakelela sibhekene nokusungula iminikelo yokwahlukaniseka kwamabhrendi kanye nokuthengisa imikhi,"Isikhathi seHope, ukhuluma ngodokotela wezangoma uma ethula inkulumo yakhe ngesikhathi sokuvulwa kwePhalamende. UMnyango"
6020,2353,0.1172,"Loluhlelo lugcizelela ukubaluleka kweqhaza labahlukumezekile, imindeni namalunga omphakathi ngokubenza babe yingxenye yo",Vumela abantu abafuna ukuhlola incwadi yokubhaliswa nokwenza ikhophi noma ingxenye yale ncwadi ngemuva kokukhokha imali 
7264,8152,0.1172,Akukho malungelo alowo onemvume yokusebenzisa irenki yamatekisi noma yamabhasi ngaphansi kwale Mithetho ayovimbela uMkha,U-Sipho usebenzisa izikhathi ezithile zokuqeqesha ukuze aqinisekise ukuthi bonke abanikazi bezinkonzo bayazi ngemigomo y
711,46,0.1172,Uma izinto zingeke zidayiswe ngokwesigatshana (3) iSikhulu Esigunyaziwe okuyisona esengamele indawo yokugcina impahla si,"Uma kungekho mholi noma nganoma yisiphi isizathu bengakwazi ukwenza imisebenzi yabo njengomholi, umphakathi ophakanyisiw"
6223,7719,0.1172,"Umthethosisekelo weRiphablikhi yaseNingizimu Afrika, Umthetho 8 ka-1996 uthi wonke umuntu unelungelo lokuthola ulwazi ol",C.5 Umphakathi omkhulu nomphathi wengxenye bazokuqinisekisa ukuthi uMnyango Wezezimali uvuma ngaphambi kokuthi benze isi
7912,7711,0.1172,Laba bantu baseNingizimu Afrika bamelele ithemba kanye nokubekezela okuyisibonelo sesizwe sethu. Yilaba kanye nabanye ab,"Lokhu kuhlangana kwempilo yansuku zonke nemishini ye-AI kuveza indlela entsha yokuxhumana, lapho abantu bengahlanganyela"
811,464,0.1172,"Abanikezeli bezinsiza ngakwelinye icala, kumele bathuthukise izinhlelo ezixhaswayo ezifinyelela izidingo zamaqembu amani","Umbuzo 14: Yini esingayenza ukuze sithuthukise izinhlelo zokulwa nesifo sofuba? Impendulo: Ukuze sithuthukise izinhlelo,"
8031,3799,0.1172,"a ngokuthanda kwayo noma ngemuva kokuthola isikhalo, iphenye noma yikuphi ukungaziphathi kahle noma ukwephula umthetho o","Umbuzo 5: Yiziphi izinzuzo ezizotholakala nge-NHI? Impendulo: I-NHI izoletha izinzuzo eziningi, ezifaka phakathi: - Ukuf"
6777,51,0.1172,"Umanyolo udingeka kakhulu ima sifuna ukukhiqiza umvuno omuhle, kodwa uyadula. Ngakho-ke kubalulekile ukubala nokuthola i","Ukufunda Ngaphandle Kwezakhiwo Zesikole: Uhlanga Olusha Lokufunda Namuhla, ukufunda ngengqondo ye-inthanethi sekuyindlel"
1059,4004,0.1172,Abantu baseAfrika abanxusi ukuba kuqhutshekwe nokuba bakhangezwe usizo noma ukwehliswela imali. Sanelisekile ukuthi ithu,"Lo mhlahlandlela uzokusiza ukuthi udle ukudla okunempilo, usebenzisa ukudla okutholakalayo. Uma unesifo esingapheli (nje"
2051,523,0.1172,Kanti ngifuna ukukuqinisekisa ukuthi imizamo yakho ngeke izitshwe noma inganakwa. Idolobha selamukele uhlelo lokusebenza,Umgwaqo wezokulungisa ulethe umthetho ozovumela umphakathi nezinye izithakazelo ezifana noMnyango wezobuJustice kanye ne
711,3473,0.1172,Uma izinto zingeke zidayiswe ngokwesigatshana (3) iSikhulu Esigunyaziwe okuyisona esengamele indawo yokugcina impahla si,"Lokhu kuholela ekwakhekeni kokungaqondi kahle, okungase kube nemiphumela emibi. Umphakathi udinga amaphoyisa avumelana n"
4258,56,0.1172,"Ngesikhathi salo msebenzi amalungu athola izimpahla ezinjengosofa, imibhede, amakhompyutha, amathuluzi asengadini kanye ",Ukukhuthaza ulwazi mayelana nezinzuzo zomnotho kanye nokuhlangana komphakathi ngenxa yokufana kwamagama ezindawo. Ukuze 
2418,332,0.1172,"Uma leso senzo sichuma ngenxa yaleyo mizamo yabo ngokubumbana baqhube uhlelo, kusuke sekuzalwa yonake inhlangano. Izinhl","Ucwaningo lube negalelo, kubalulekile ukwenza abantu baqonde ukuhlonishwa kwemvelo nokuthatha izinyathelo zokuvikela umf"
7788,18,0.1172,"Lapho umqashi ehlinzeka ngezinzuzo zokuxhasa ukwelashwa kwabasebenzi njengengxenye yesixa sezinzuzo zabasebenzi, kufanel",Izitifiketi Zobungcweti Zabasebenzi Bakahulumeni: Ukuqinisekisa Ikhwalithi Nokuqinisa Umsebenzi Ngokwanda kwezidingo zok
898,3299,0.1172,"Njengalo kungaphoqelekile ukulethwa kwemibiko yezempilo ezimayini ngaphansi kwemithetho-mgomo, kuyisibopho sezimayini uk","Kungase kube nzima uma abahlengikazi bekhathazekile ngemininingwane ethile, ngakho kubalulekile ukunikeza yonke imininin"
5989,4008,0.1172,Isigaba -206 siyosebenza ekuthathweni kwezinto zokusebenza ngaphansi kwalesisigaba. Uma u-MEC ebona kufanele ukuze kumis,"Izinguquko Zomthetho: Indaba Yomlando Ekuqaleni, izinguquko zomthetho zazingekho ezindaweni eziningi, ikakhulukazi ezwen"
413,4007,0.1172,"Ukuze kuthuthukiswe umsebenzi owenzelwa ababuthakathaka njengabantu abadala, abesifazane, nentsha, sizobuyekeza amakomid","Ukuphuthuma okuphezulu kukhombisa ukuthi lezi zisebenzi zizothinta inzuzo - uma ziqhutshwa ngokushesha, kuzokwandisa inz"
367,7775,0.1172,Uma nanoma kuliphi izinga ngesikhathi kuqhutshwa umsebenzi ngaphambi kweBhodi kuvela ukuthi umqondisi okhona emhlanganwe,Okungenani elinye lamalungu akhethwe yiBhodi kumele libe nolwazi lokuphatha kwezimali. Bazokwenza noma babe yilungu imin
970,6404,0.1172,"Umsebenzi wami : ukusebenzisa izinkantolo ngenhloso yokuxazulula ingxabano, ukugwema ukuzibambela umthetho. Umsebenzi wo","Igunya elisha le-dplg laba yisisekelo sokuthuthukisa ukuphathwa, ukwandisa ukuhlinzekwa kwezinsizakalo, nokwenza ukuthut"
8101,6399,0.1172,nakho konke okuphathelene nentela; kanye namandla uNgqongqoshe awanikeziwe ngokuhambisana nalemithetho engenhla; futhi e,"Kunemibandela eminingi echaza intshisekelo evukile yokuthuthukisa abalimi abamnyama eNingizimu Afrika, njengokuthi: umhl"
1968,6399,0.1172,nakho konke okuphathelene nentela; kanye namandla uNgqongqoshe awanikeziwe ngokuhambisana nale mithetho engenhla; futhi ,"Kunemibandela eminingi echaza intshisekelo evukile yokuthuthukisa abalimi abamnyama eNingizimu Afrika, njengokuthi: umhl"
3172,1584,0.1172,Umnako womphakathi ekuvezweni kwerekhodi uyakwedlula ukulimazeka kwalokho okungalindelwa ngokukhipha lelo rekhodi. Izice,Isigaba 10 soMthetho sidinga ukuthi iKomidi Lezokuphila Lwabantu baseNingizimu Afrika likhiphe imigomo equkethe ulwazi o
6627,6812,0.1172,"Lesi sitatimende sisebenzisa imikhakha yokufunda ukufeza lezi zinjongo, lokho okulindelekile kanye nemiphumela okumele i","Ngamafuphi, kumele kube nezinhlelo ezicacile, ezizwakala kahle, nezinhlelo ezihlose kahle. Lokhu kunciphisa umzamo wokut"
3849,4593,0.1172,"Iqhinga eliphumelelayo lidinga izindlela ezintsha zokusebenza nokunaka kakhulu amacala womabili, isibalo sabantu abafuny","Uma ungathathi izinyathelo, ungase ube sengozini yokulahlekelwa yizinsiza ezibalulekile. Ngabe ubona ukuthi izinkampani "
738,6446,0.1172,"Ngibhalise eNyuvesi yaseDurban-Westville ngenza iziqu ze-Bachelor of Science, ngigxile kakhulu ku-Mathematics nakuPhysic","I-Microsoft Iqhubeka Nokuhola Emhlabeni Wezobuchwepheshe Ngokuhamba kwesikhathi, iMicrosoft, inkampani edume kakhulu emh"
5836,7656,0.1172,"Lapho u-MEC aba umhlaba noma ilungelo lomhlaba ngaphansi kwesigaba -19, u-MEC kumele akhiphe isaziso sokwabiwa asihambis",Inhloso yale bhukwana ukuhola abakhandi bendabuko emsebenzini wabo ukuze kuqinisekiswe ukuthi ukuphathwa kokwahlulelwa k
2502,6822,0.1172,Ngicabanga ukuthi uDkt Klatzow naye angathanda ukubuza imibuzo embalwa. Iphethini elandelwayo akumele ichazwe ngezizathu,UBongi uthatha zonke izinsimbi anazo ukuze athenge utshwala ngenkathi umndeni wakhe uthola ubuhlungu ngoba lelo mali kuf
3849,1621,0.1172,"Iqhinga eliphumelelayo lidinga izindlela ezintsha zokusebenza nokunaka kakhulu amacala womabili, isibalo sabantu abafuny","Lokhu kubonisa ukuthi imililo ingathuthukisa impilo yezitshalo, ikakhulukazi ezindaweni ezitshalo ezinamakhono amancane "
7430,4508,0.1172,"Uma ecelwe uNgqongqoshe ofanele, uMkhuzi woMbutho wezokuVikela ebambisene noNgqongqoshe wezokuVikela bangagunyaza ukuset","Bonke abahlukunyezwayo abayisixhenxe bakhomba kuye emgqeni wokuhlonza umphangi. U- Mr. Mokoena, osanda kujoyina ithimba "
6746,6481,0.1172,"Eminyakeni yethu eyishumi yokuqala njengohulumeni wentando yeningi, sabhekisa amandla ethu kanye nemizamo yethu yokuhamb","Ukwelashwa - Abantu abathintekayo bathole usizo lwezempilo, futhi izikhungo zezempilo ziqinisekisile ukuthi banikezwa uk"
7284,1679,0.1172,"I.5 Ukusiza ukucwaninga ukuqashwa ezisebenzini zikahulumeni, isikhulu esiphethe siyohlanganisa zonke izikhundla emnyangw",Inqubo yokuphatha akufanele ibe yimfihlo. Kufanele unikeze ulwazi ngomsebenzi wakho mayelana nezindinganiso zokusebenza 
4631,6822,0.1172,"Amabhodi enkasa akhona, amabhodi amanzi ezinhloso zokunisela impahla kanye namabhodi okuphatha amanzi abhekela ukusetshe",UBongi uthatha zonke izinsimbi anazo ukuze athenge utshwala ngenkathi umndeni wakhe uthola ubuhlungu ngoba lelo mali kuf
3125,4452,0.1172,UMvikeli Womphakathi uLawrence Mushwana uncenge uMbutho Wezaphoyisa AseNingizimu Afrika (i-SAPS) ukuba ukhokhele izingqa,"Abanye baphawula ukuthi kunzima ukuthola izimpendulo ezifanele ezivela ezinkampanini, okwenza kube nzima ukuhlela izinsi"
4921,6516,0.1172,a Ikhansela likamasipala nomkhadlu dolobha noma umasipala wesifunda uzoba negunya lokuphatha kanye nelomthetho kuzinsiza,Izivumelwano Zokufinyelela Kosonkontileka Besithathu: Ukuthuthukisa Ukusebenza Kwezimali Zomphakathi Ngokuhamba kwesikha
6746,1649,0.1172,"Eminyakeni yethu eyishumi yokuqala njengohulumeni wentando yeningi, sabhekisa amandla ethu kanye nemizamo yethu yokuhamb","Yini ukuhlela umphakathi? Lokhu kuyindlela elula, lapho indawo eqashwayo ihlukaniswa yaba izingxenye ezincane ezilula uk"
4309,4561,0.1172,"Induna yeChweba, mayelana nalelo chweba eqashelwe lona, nguyena oyisiphathimandla onezwi lokugcina mayelana nezindaba zo","c Ezinye izindleko ezingase zibe khona ezweni nasekuphathweni komphakathi zikhokhiswa ukuze samukelwe isicelo, uma kuqha"
3714,5141,0.1172,Ukuhlola okuqondile kwenkinga yokho kuzokusiza ngezindleko zakho lapho ubulala ukhula. Kuhle ukwazi ukuthi lingakanani i,"iPlayStation Kwakukhanya ilanga elihle eGoli, umoya uvunguza kancane, kanti izingane zazijabulela ukudlala ngaphandle. K"
6759,6856,0.1172,"Umfaki sicelo osicelo sakhe sivunyiwe, kufanele akhokhele amakhophi ukufunwa kwerekhodi lakhe kanjalo nokulungiswa kolwa",Owayeduze kithi wahlukana abantu babeziqoqela ezigabeni ezimbili - umugqa wabantu abakhipha imali kanye nalabo abahlawul
3993,2967,0.1172,Inkantolo ingakhipha umyalelo wokuthi ubaba akhiphe imali yezindleko zonakekelo lwengane ukusukela usuku eyazalwa ngalo ,b Umqoqi wama-akhawunti kumele anikeze abashadile isitifiketi sokubhaliswa esikhombisa imininingwane esemthethweni. (a) 
1011,5168,0.1172,"Isamanisi lokubakhona kukafakazi noma lokukhishwa kwanoma iyiphi incwadi, umbhalo noma into ngaphambi kweBhodi kufanele ","Isiphetho Izinsizakalo zokubeletha ezibhedlela zibalulekile empilweni yomphakathi, futhi zidinga ukuqashelwa ngokwanele."
1761,7377,0.1172,Izinyathelo ezithathwe ohulumeni besifundazwe kanye nabasekhaya ekunciphiseni imithetho enezivimbelo kanye nezimo zokuph,"Lapho befika emkhakheni wombhoxo, bamtshela ukuthi bafuna ukwenza uthando naye njengoba behambe naye ibanga elide. Asiza"
594,7410,0.1172,"Kuyicala ukukhokhisa imali ngokunikezela izitho zomzimba. a anganikela ngomzimba wakhe noma ngamathishu athile, ukuba as","Ngaphezu kwalokho, izibhedlela zihlala zibhekene nezinkinga zokuphathwa, okwenza kube nzima ukuhlinzeka ngezinsizakalo e"
83,6407,0.1172,"Funda ngamaphutha akho esikhathi esedlule uphumelele kulokhu. Nquma usuku ozoyeka ngalo ukubhema. (Musa UKUZAMA ukuyeka,",Ukuqinisekisa ukuthi zonke izinkokhelo zikhona phakathi kwezinsuku ezithile kuzokwenza kube lula kubasebenzi ukuhlela iz
7607,1773,0.1172,2.1 Isikhungo sobuholi bendabuko ngesikhathi sombuso wengcindezelo. Indima edlalwa yizikhungo zendabuko ekuphathweni kwe,"Imiphumela YeziTeleka Iziteleka zabasebenzi zingaholela emiphumeleni eminingi, ethinta hhayi kuphela abasebenzi, kodwa n"
5170,6865,0.1172,"Sesifikile isikhathi sokusebenza ngokuzikhandla okukhulu. Uhulumeni wethu uzobheka phambili, hhayi emuva! Izinyathelo ez","EKwaZulu-Natal, kanye naseNingizimu Afrika yonke, ngiyabonga ngenkxaso yenu ngesikhathi umndeni wami nami sikhathazekile"
4933,916,0.1172,Sizohlala njalo sifuna ukuqinisa ukubambisana nalaba kanye namanye amazwe ukulandelela lokho okuhle ebantwini. Sinenhlan,"Izitshalo ze-soybeans zihlala zithinteka kalula yizifo ezithile ze-fungal, izifo ezibulalayo, izifo ze-viral, kanye nezi"
66,1735,0.1172,"Ingoma yesizwe yaseRiphabhuliki iyonqunywa nguMongameli ngokuthi enze isimemezelo. Ifulegi lesizwe linombala omnyama, os","Le modeli iyakwazi ukuphendula imibuzo, ukuhlinzeka ngolwazi, nokuxoxa ngezihloko eziningi, konke lokhu ngendlela ehleki"
1560,925,0.1172,"Siyazi ukuthi iNingizimu Afrika ayithintekile ngokunamadla kunamanye amazwe. Ngempela, ngesikhathi lapho abanye benokweh",UMphathi Osebenzayo uqokwe nguNgqongqoshe wezeMthetho kulandela inqubo ethile eyenziwe nguNgqongqoshe ngokuxhumana neKom
2819,1776,0.1172,Mama Somlomo weSishayamthetho Sikazwelonke; Sihlalo ohloniphekile woMkhandlu Kazwelonke Wezifundazwe; Mama Phini likaMen,"Ukuhamba kwezingane ezindaweni eziphezulu kumiphakathi, ezithokozisayo, kumele kwenze kucace ukuthi ziningi izinzuzo ezi"
7768,6422,0.1172,Ngiyicela kanjani imali yesondlo? Yini amalungelo ami? Ngumsebenzi wabo bobabili abazali ukusiza ingane yabo ngemali. Lo,"Imiyalelo ye-Debit Order kanye nemininingwane yasebhange ye-GEMS Ngokuhamba kwesikhathi, izinkampani zempilo ziye zathut"
766,925,0.1172,"Siyazi ukuthi iNingizimu Afrika ayithintekile ngokunamadla kunamanye amazwe. Ngempela, ngesikhathi lapho abanye benokweh",UMphathi Osebenzayo uqokwe nguNgqongqoshe wezeMthetho kulandela inqubo ethile eyenziwe nguNgqongqoshe ngokuxhumana neKom
7804,948,0.1172,"Ezinyangeni ezimbalwa ezizayo ngokuncika okhethweni lukazwelonke nolwezifundazwe, sizozama ukuqedela lelo gunya elamukel","Ngakho-ke, kubalulekile ukuba nezinhlaka ezilungile ukuze zikwazi ukusiza abantu ngesikhathi esiphuthumayo. Izinhlelo Zo"
505,3409,0.1172,"Noma ngubani onentshisekelo ekunakekeleni, empilweni noma entuthukweni yengane angafaka isicelo eNkantolo ePhakeme, enka","R. 386 kanye No. R. 387 ka-2006, kuhlanganise nezinye izimemezelo ezingase zikhishwe ngokuhambisana nesigaba 24D seMthet"
4810,3586,0.1172,"Nanoma yimuphi umuntu anganako ukuthi ngokulandela indlela ebekiwe, kuthi lapho ekhokha imali enqunyiwe aqinisekise ulwa",Uma wazi kusengaphambili ukuthi uzodinga ukuhamba phambili emsebenzini othile noma ungene esibhedlela uma kufanele ube s
6509,7287,0.1172,Umndeni ubonakala njengohlelo lokuthuthukisa izimilo yinhlangano ebizwa ngokuthi MRM ngoba yisona sithunywa esisemqoka u,Izikhwama ezingcolile nezimanzi kumele zisuswe nsuku zonke futhi zishintshwe ngezikhwama ezomile. I-sow kumele ibe nokuk
7857,7290,0.1172,"Eminye imibhalo iqondiswe ohlelweni uqobo, kanti eminye kwiziko eliphakeme, eminye eziko. ""Imibhalo"" iqondiswe emithonje","UNgqongqoshe uzokhetha umphakathi kwiSigaba, onemfundo efanelekile ephezulu ekuthuthukiseni izilwane, njengomphakathi Wo"
3859,1542,0.1172,Amasamaniso okuqala kwesinyathelo esimbandakanya ukuvenjelwa ukubhadalwa kwemali yomqasho ngokwayo. Kusobala ukuthi amaz,"Ingxoxo Ngentsha YaseNingizimu Afrika Ngaphakathi kwenkulumo-mpikiswano emnandi, sihlangane noThandi, intombazane enemin"
5588,1515,0.1172,d inqubo okumele uyilandele ukufaka isicelo sokuthola usizo lwezimali noma olunye nje usizo kanye nezinye nje izindaba e,"Ukwakha Izimiso Zokuziphatha Nokuhlonipha Okwengeziwe, kubalulekile ukusiza izingane zikhule zisendaweni efanele yokuzip"
6724,6625,0.1172,Ukubeka imboni yamaminerali namandla ezimweni sokuncintisana emazingeni omhlaba. Ukuba negalelo ekuthuthukeni ngempumele,Kubalulekile ukuhlaziya ukuthi imakethe ifuna ini nokuthi bazokhokha malini ukuthenga umkhiqizo. Akulungile ukusebenza k
5218,6511,0.1172,"Esinye sezisekelo zokuhlanganyela okusha kweNtuthuko yeAfrika ukwandisa imibuso yentandoyeningi, nokugxilisa isiko lamal",Lokhu kubavumela ukuba babe nekhono lokucabanga. Ingxenye 3: Ukubeka Izimiso Umbuzo: Yiziphi izimiso ezibalulekile eziba
8048,6672,0.1172,Khumbula ukuthi kuyohlala kungcono ukuthola iwaranti. Okuhle ngayo ukuthi ivikela iphoyisa ukuthi lingabekwa icala nokut,I-visa yebhizinisi iyimvume enikezwa umuntu ongaphandle ofuna ukusungula noma ukufaka imali ebhizinisini eNingizimu Afri
3395,4611,0.1172,b iLungu elifanele loMkhandlu oMkhulu ngemuva kokubonisana nelingu lesigungu esikhulu esiphethe izindaba zika hulumani b,"Isinyathelo 3: Ukuhlanganisa Izinsiza Ezilungile Ezikhungweni, izinsiza zibalulekile ekwakheni indawo enempilo. Lokhu ku"
4538,3172,0.1172,Yilokhu kuhlola konyaka wonke okuzosetshenziswa njengesisekelo ukunquma mayelana nomsebenzi wesisebenzi. Lona lelo thulu,Le nqubo izodluliselwa kuhulumeni bendawo abazokwakha izinqubomgomo zabo zezilimi ngokuhambisana noHlelo lwezokuphatha l
1761,979,0.1172,Izinyathelo ezithathwe ohulumeni besifundazwe kanye nabasekhaya ekunciphiseni imithetho enezivimbelo kanye nezimo zokuph,"Emhlabathini owomile, umoya (ukuhlukumeza) ungafaka izitshalo ngempahla njengoba zizama ukukhula. Ukushisa okweqile kung"
4807,3155,0.1172,Siye saqala izikole zokugxilisa ingqondo ngenxa yalokhu kwanda nezinto ezintsha ezilethwa yintuthuko. Igwema ukugxila ek,"Ukuze umphakathi uphumelele ekufinyeleleni imiphumela engcono, kudinga ukuba kube nezinsiza ezanele, ezihlanganisa kakhu"
4095,4899,0.1172,Mina nomthathi wezithombe saya enkundleni ngamkhombisa ezinto ezithile. U- Akol wathi iKhartoum ivumile ukuthi ukulawulw,Yini efakwe ngaphansi kwe-NEMA? Ubani ongafaka isikhalazo ngaphansi kwe-NEMA? Ingabe isenzo noma isinyathelo esikhala ng
4597,4949,0.1172,Le ngxenye ingagcwaliswa kuphela uma isicelo solwazi senziwa esikhundleni somunye umuntu. Amagama aphelele nesibongo:...,Le mali izokhokhwa ngenyanga ngemali yaseNingizimu Afrika. Le mali yesivumelwano (bheka i-clause 10.1 ngezansi) imele um
6267,4916,0.1172,Izinhlelo ziqala kumaDiploma eminyaka emithathu kanye nama-Higher Diploma emnyaka emine kuya kuma- Master's Diploma in T,Amabhizinisi Amancane: Indaba Yempumelelo Kwakukhona idolobha elincane elalibizwa ngokuthi uMzimkhulu. Leli dolobha lali
5150,4611,0.1172,"Imisebenzi yeKhansela leSifunda leZempilo kuzoba ukuqhubekisa ukubusa ngokubambisene, ukuqinisekisa ukusiza ukuhlela, uk","Isinyathelo 3: Ukuhlanganisa Izinsiza Ezilungile Ezikhungweni, izinsiza zibalulekile ekwakheni indawo enempilo. Lokhu ku"
2867,6509,0.1172,Lawa makomiti angamiswa ngezinhloso ezehlukile kanye nokwenza imisebenzi ehlukile. Lawa makomiti angawohlobo lokweluleka,Umbiko Ngemva KweNkantolo Yomthethosisekelo Isingeniso I-Nkantolo Yomthethosisekelo iyisikhungo esibalulekile emhlabeni 
1295,4463,0.1172,Kumele kugcizelelwe ukuthi ukuthuthukiswa kwale ncwadi kuyinqubo ebalulekile futhi kuzodinga ukuba ibukezwe ngazo zonke ,"Ukuthuthuka kwezobuchwepheshe kulezi zinsiza kuholele ekwenzeni izithuthuthu zibe nezici eziningi, njengokuphathwa kahle"
1529,4591,0.1172,UMthetho-sivivinywa uhlose ukuba usungule uhlaka lokushaywa kwemithetho kanye nokulawula okuzoqondana nomkhakha wezempil,"Ngaphezu kokusebenza kokuhlela kwangaphambili, i-IDP ivele njengensiza yokuphatha imiphakathi futhi njengengxenye yesu l"
6872,4483,0.1172,"Imisele yokudonsa amanzi ngaphansi kwemigwaqo, amaphayiphi amanzi ezikhukhula, kanye namadamu aphundlekile ngezinye zezi","Njengoba i-maize ibiza imali eningi ukufaka, kuvame ukuthatha umzamo omningi ukubulala nokuphatha izifo ngezinto zokwakh"
1122,3102,0.1172,Ukulethwa kwezikwehlela ngesikhathi esingengaphezulu kwamahora angu 48 kwaba ngcono kusuka ku 15% ngo 2005/6 kuya ku 53.,"Ngalesi sikhathi, sahlonipha iminikelo yabasebenzi bezempilo, futhi saphinde sakhumbula izinselelo ezibhekene nabasebenz"
8001,3087,0.1172,"Bhala ephepheni izinyathelo ozitholile. (ngenxa yesinyathelo sokufuna imibono ehlukene, lesenzo asinayo indlela eyodwa y","Izinkampani, ohulumeni, kanye nezikhungo ezahlukene zisebenzisa lawa ma-platform ukwenza izimemezelo, okunikeza abantu u"
8001,5006,0.1172,"Bhala ephepheni izinyathelo ozitholile. (ngenxa yesinyathelo sokufuna imibono ehlukene, lesenzo asinayo indlela eyodwa y","Impendulo: Ukuze kuthuthukiswe izinga lezokwelapha, kudingeka kube nezinhlelo eziphumelelayo zokuphatha izibhedlela. Lok"
4458,3565,0.1172,Lowo ofake isicelo kufanele akhombise ukuthi ucela umfanekiso noma ikhophi yalelo rekhodi noma ufuna ukuza azozibonela l,"Njengoba lokhu kuyisisekelo esibalulekile esakhiwe ekwenzeni kahle nasekuziphatheni kahle, umqashi kumele aqinisekise uk"
5405,6787,0.1172,Amaqiniso angavezwa ngokusebenzisa izinhlobo ezahlukene zemithombo noma izinto eziphathekayo. Umdwebo olandelayo uveza n,"Umbikweni Ngobuhlakani Bokwenziwa EZwe lanamuhla, sithokozisa umcimbi okhethekile obuhlanganisa izinkanyezi zothando nez"
7496,1441,0.1172,"Njengoba sonke sazi, izinselelo ezibhekene nezwekazi lethu yindlala kanye nokuvikela ukungasweleki kokudla. Isifo sofuba","Izithiyo ezibhekene nokukhula kwezingadi zokudla Noma kunjalo, ukukhula kwezingadi zokudla akukhululekile ezitheni ezith"
5176,5025,0.1172,"Emsebenzini walo wokuqapha, iPhalamende liqinisekisa ukuthi imithetho eshayiwe iyasetshenziswa kubalwa naleyo enzelwe ab","Lokhu kukhombisa ukuthi amahlaya angaba yindlela yokubhekana nezinto ezinzima, futhi ahlinzeka ngethuba lokubhekana nezi"
194,4450,0.1172,Lemvume ingashintshwa ngokubhekelela umonakalo owenzekile. Lo Mqulu awethuli izinhlelo ezintsha sokwengamela imvelo ecek,"Kusukela ezikhathini zasendulo, abaholi bendabuko benze imisebenzi ebalulekile ezindaweni zabo nasemiphakathini yabo. In"
4458,6739,0.1172,Lowo ofake isicelo kufanele akhombise ukuthi ucela umfanekiso noma ikhophi yalelo rekhodi noma ufuna ukuza azozibonela l,"Lokhu kuhlanganisa ukuqwashisa abaqashwa, ukunikeza izifundo ezivamile ezikhuluma ngale ndaba, nokuhlinzeka ngendawo yok"
1749,3540,0.1172,"Lolu hlelo lufaka ukuklonyeliswa kwamabhonasi okwenziwa komsebenzi, okuhambisana nezilinganiso njengalokhu zibekiwe endi","Isiphetho Amaphoyisa badlala indima ebalulekile ekwakheni umphakathi ophephile nonobulungiswa. Ngokuvumelana, ubudlelwan"
1008,5066,0.1172,"Kade sasisho ukuthi indlela enkulu esithola ngayo imali wukwephuca impahla osekuhlulekwa ukuba ikhokhelwe, izinguquko zo",Lokhu kungase kwenzeke ngokusebenza ngenhloso yokuhola inhlangano nokuphatha ngendlela efanele noma nje ukuphatha; njeng
3946,5066,0.1172,"Okwesithupha, ukusetshenziswa kangcono komhlaba ukuze kubhekwane nokwehla kwezinga kwezemvelo okufaka phakathi ukutshala",Lokhu kungase kwenzeke ngokusebenza ngenhloso yokuhola inhlangano nokuphatha ngendlela efanele noma nje ukuphatha; njeng
4615,3132,0.1172,Kuvama ukuthi kube ngumnikazi wendawo noma umhlali noma umuntu oseshiwe. Iwaranti kumele ilandelwe ngendlela ebalulwe ku,"Ukuhlukunyezwa Kwamalungelo Abantu: Inselelo Ebalulekile Emhlabeni Wethu Ngokuhamba kwesikhathi, ukuhlukunyezwa kwamalun"
7084,5294,0.1172,"Abakwazi ukuzihlela nokuziphatha bona ngokwabo nalokho abakwenzayo bakwenze ngempumelelo. Abakwazi ukuqoqa, bahlaziye, b",Uqhubekile ekhuthaza ukuthi bangazizwa behlulekile ngenxa yezindleko eziphezulu ngoba ulwazi luyabiza ngempela. Le nsiza
3771,884,0.1172,"Okwesibili, zibunjwe ngendlela yokuvikela abantu besiko noma bolimi oluthile noma abantu. Umbuso nabantu kufanele baqaph",Umlobi wenkantolo kumele athumele ikhophi egunyaziwe yomyalelo wokuvikela nanomyalelo wokubamba okukhuluma ngawo esigabe
12,3204,0.1172,"lanoma yikuphi ukuzitshwa kwesigaba esishiwo kukholomu 1 yoHla lwamaLungelo Angenakuzitshwa, ngokwezinga elivezwe laqond",I-SARS iqukethe inani elikhulu lolwazi eliqoqwa ngesikhathi sokwenza umsebenzi wayo wansuku zonke wokuhlanganisa imali y
6823,2960,0.1172,Okuphokophelwe Ukuhlanganyelo Okusha kweNtuthuko yeAfrika kwesikhathi eside ukuxhumanisa ukwesulwa kwesikweletu nezindle,Umkhandlu wendawo waseMatjhabeng kanye nezinkomiti zawo zendawo zinikeze ulwazi olubalulekile nemifundiso esekelwe kule 
2764,810,0.1172,Uhlu lonke lolwazi kumele lwenganyelwe ngokubhekwa kwesu eliqondile ngokuphathelene nokuthuthukiswa Kwesayensi Yezindaba,"Noma ngabe ukudla kuphisiwe, izivakashi kumele ziqinisekise ukuthi kuphisiwe kahle futhi kusemisha. Ngezikhathi ezithile"
3024,7570,0.1172,"AmaShayina ayefundiswa ukuthi ukunakekela abanye abantu yisiko-nqandi lakho njengobuntu, ubuntu boqobo. Uma sibheka emuv","Amalungelo Abantu Besifazane Ngokuhlanganyela, umphakathi wonke uzokwakha umcimbi obalulekile, ogcizelela amalungelo aba"
7566,7570,0.1172,Inqubo yabo engumhlahlandlela yayikhetha umbono wokuthi abantu kumele bazibophezelele ekubambeni iqhaza emisebenzini yom,"Amalungelo Abantu Besifazane Ngokuhlanganyela, umphakathi wonke uzokwakha umcimbi obalulekile, ogcizelela amalungelo aba"
5666,7444,0.1172,Uhulumeni uzoshayela umthetho imigqa yokuhambisa ugesi ukuze kuhlinzekwe ukufinyelela okungacwasi kwizinto ezingaphozelw,Umthelela Empilweni Yezempilo Ukwanda kwezinkinga zamanzi kuholela ekwandeni kwezifo. Amanzi angcolile ahamba nezifo ezi
8170,2718,0.1172,"Uma umshushisi enikeza imvume yalokho, ilungelo lokuthi siphumelele isicelo lyonikwa emva kokuba sekukhokhwe imali efane",UMphathiswa Wezimo Zomhlaba Nezokuvakasha wenze imithetho ebekwe kulolu hlu ngokuhambisana nesigaba 24 esifundwa nesigab
2713,780,0.1172,"Ngo-2003 the Umnyango Wezemidlalo, Ezokungcebeleka, Ezobuciko Namasiko wagunyaza uhlolo locwaningo ngokuphathelene nolim",Izinhlelo zokufundisa ezisekelwe emiphakathini zingakhuthaza abantu ukuba babe nomqondo ophumelelayo mayelana nokuphila 
2148,1933,0.1172,Woza lapha! ungahlali phansi!). Ukuziqonda izindlela zesenzo uma kuxoxwa isib. Ukusiqonda isenzo esiphikisayo (isib. Bay,I-Commission yeZinsizakalo Zomphakathi (PSC) iyisikhungo somphakathi esizimele esakhelwe ngaphansi kweSigaba 196 soMthet
6608,1932,0.1172,Ukwakha uhlaka lokubambisana kwezokuxhumana okunikezwa ulwazi ngombono ohlanganisa konke maqondana nezinhloso zentuthuko,"Lokhu kunciphisa isikhathi sokuphendula ezinkingeni, okuholela ekwenzeni ngcono ukusebenza kwe-Eskom. Izinkinga Nezinsel"
996,1926,0.1172,Omasipala abaningi bedlulisele umsebenzi wokuqhuba ama-IDP kwezinye izimboni kanti asebenza njengemisebenzi ezimele kwin,Abantu abaphumelelayo ngezinye izikhathi bayazi ukuthi kufanele bathule futhi bagcine ukuzola kwabo. Ukuphikisana nezith
2067,7142,0.1172,Ukuqinisekisa ukufunda okuqhubekayo okumbandakanya ukukhushulwa kwezinga lemfundo noqoqosho lwabantu abadala (adult basi,Idinga uhlelo lwezebhizinisi. Izinhlelo zangaphakathi ngaphakathi kwenhlangano kufanele nazo ziqalwe kanye nezinqumo may
3520,6220,0.1172,"Bakhathazwa wukuthi sinawo yini amandla okuvikela amalungelo entando yeningi, nomthetho sisekelo owaqanjwa ngukuzinikela","Lokhu kuhlanganisa izitifiketi zokuhlola ezikhombisa ukuthi unempilo enhle, futhi ungaphinde uhlinzeke ngemininingwane e"
7611,6216,0.1172,"Ngamafushane, ama-IDP kumele anike impendulo ecacile yendlela umasipala ayodingida ngayo izinkinga eziqondene nezemvelo ","Ubugebengu Emiphakathini: Iziphumo Nezindlela Zokulwa Nalesi Simo Ngokuhamba kwesikhathi, ubugebengu emiphakathini bukhu"
4663,7587,0.1172,"Kumele kube ngumsebenzi wanoma yimuphi ohlalayo esimweni samagceke asetshenziswa kakhulu yiningi labahlalayo, umnikazi w",Umphathiswa kufanele axoxe neBhodi mayelana nemiphumela yokuhlola. Noma yiziphi izimali ezisele kulolu Fund kusukela eku
3743,7623,0.1172,Photo 4: Ingozi enkulu idalwe ezinhlokweni zikabhekilanga. Lapho lezi zinto ziningi kakhulu ukukhiqiza ubhekilanga akung,"Ukushoda kokwaziswa noma ukunakekela izinsiza zokuvikela kungabangela imiphumela emibi, hhayi kumasipala kuphela, kodwa "
1983,2029,0.1172,"Ukwehlisa izinga lobungcuphe kuzilimo, imikhiqizo yezilimo kanye nokunye nokulawulwayo. Ukwehlisa izinga lobuncuphe obul","Lokhu kuzokwenza kube lula kubantu abakhuluma isiZulu ukuthi bakwazi ukufunda, ukuthola ulwazi, nokuxhumana nezinsiza ez"
4260,1991,0.1172,"Ngale ndlela, umthetho wendabuko uyahambisana nesigaba 8 soMthethosisekelo futhi awubandlululi izingane ngemvelaphi noku","Lezi zinyathelo zenzelwe ukubonisa ubunzima okuyiwo abahlangabezana nawo. Ngokuhamba kwesikhathi, izinkampani zathola uk"
7345,1970,0.1172,Izinkomba zithi ukuvota kuqhubeke kahle kanti manje ukubala sekuqhubeka ngaphandle kwezihibe. Iqiniso elithi ukukhanya e,"Kubalulekile ukuthi umgibeli aqhubeke nokuzijwayeza, aqonde izindlela zokuphumelela, futhi akhulise amakhono akhe. Ukuse"
3849,1965,0.1172,"Iqhinga eliphumelelayo lidinga izindlela ezintsha zokusebenza nokunaka kakhulu amacala womabili, isibalo sabantu abafuny",Ngabe uyazi ukuthi izinhlelo zokuvikela zidinga ukuvuselelwa njalo? Lokhu kubalulekile ukuze kuqinisekiswe ukuthi izinsi
2764,3286,0.1172,Uhlu lonke lolwazi kumele lwenganyelwe ngokubhekwa kwesu eliqondile ngokuphathelene nokuthuthukiswa Kwesayensi Yezindaba,Izinhlangano nezinyunyana zabasebenzi bomphakathi zibe nezinhlangano eziningi nemifundaze futhi zenze iziphakamiso eziba
3479,2032,0.1172,"Imifula emikhulu emine yaseNingizimu Afrika kwatshelwana ngayo namanye amazwe, okwenza ukuthi ukuphathwa kwemithombo yam","I-Eskom, okuyinkampani enkulu yokukhiqiza ugesi eNingizimu Afrika, ibhekene nezinkinga eziningi zokuphatha, okuhlanganis"
4307,2902,0.1172,"Ngokunjalo, indoda ephansi kwenhlanganiso yendabuko, yayikwazi ukuphinda ishade ngokwesiko lesilungu noma ukuthatha inko","I-Mnyango Wezokuvikela inikezwa ukuvikela ubukhosi, izwe, nabantu baseNingizimu Afrika ukuze kuqinisekiswe indawo ethule"
4054,887,0.1172,"Amanye amasosha amaningi anqunywa emuva kokuqulwa kwamacala, agwetshwelwa ukudlwengula kanye nokubulala abantu bendawo. ","Ngenxa yesigaba 7, ""indaba yokusetshenziswa komhlaba"" kusho indaba ephathelene nezinguquko ekusetshenzisweni kwanoma yil"
2473,7611,0.1172,"Inselelo yesibili ngukwakha amakhono ezikhungo zaseAfrika - Ohulumeni bakaZwelonke, ama-RECs kanye ne-AU. Ngale kokuba k","Ingxenye 3: Uhlaka lokuhlukanisa amalungu Uhlaka lokuhlukanisa amalungu ancike kwabanye luqukethe izigaba ezithile, ezif"
5157,3204,0.1172,"Inqubo yamalungiselelo kumele ifake igalelo ekuzilungiseleleni komasipala ngenqubo ye-IDP. Ngakho, akekho oyothatha isin",I-SARS iqukethe inani elikhulu lolwazi eliqoqwa ngesikhathi sokwenza umsebenzi wayo wansuku zonke wokuhlanganisa imali y
6950,1902,0.1172,"e Noma isiphi isikweletu, ilungelo, isibophezelo, umsebenzi osalele ngemuva womuntu oyingxenye esebenzela inhlangano nom","Ngaphezu kwalokho, umthetho ubhekana nobufihlo obuhlobene nokudluliswa kwebhizinisi le-SARS lapho lokhu kungase kudingek"
6443,866,0.1172,"Ngokubambisana singenza okuningi. Njengoba sengike ngasho kulenkulumo yami, kuzogxilwa esimeni sangaphakathi emnyangweni",Ushintsho kuMthetho 121.07. a ukubhala kabusha izinombolo zomthetho 121.07.2 ukuze kube nguMthetho 121.07. Ushintsho kuM
220,2956,0.1172,Izimboni zokudla kanye neziphuzo zivame ukuba yizinhlobo ezahlukene ezingaphezu kwamashumi amathathu. Lokhu kubandakanya,"Izinsizakalo Zokubeletha Ezibhedlela: Indaba Yomlando Ekuqaleni, izinsizakalo zokubeletha zazihamba phambili emakhaya, l"
7953,870,0.1172,"71 we -1962), njengoba uchitshiyelwa izikhathi ngezikhathi. Amandla anikezwe nanoma yisiphi isikhulu samaphoyisa angaset",I-Language Policy in Education iyinqubomgomo yolimi yesizwe esebenza ngaphakathi kwesimo semfundo. Inhloso eyinhloko uku
505,2937,0.1172,"Noma ngubani onentshisekelo ekunakekeleni, empilweni noma entuthukweni yengane angafaka isicelo eNkantolo ePhakeme, enka","R. 386 no. R. 387 ka-2006, kuhlanganise nezinye izikhumbuzo ezingase zikhishwe ngokuhambisana nesigaba 24D soMthetho. No"
1820,7676,0.1172,INingizimu Afrika inesibopho sokusekela ukuthuthukisa komnotho kwezinye izindawo lapha eAfrika. Ukusekela ukuthuthukisa ,"Ishadi lokushada lisetshenziselwa ukufakazela ukuthi ushade. Umshado kumele wenziwe phambi kwabantu abashadayo, abafakaz"
1395,1846,0.1172,Ukufuna ulwazi nemininingwane yezindlu ezidingekayo phezu kwenani elifanelekile. i-Servcon izoloku iqhubekile nokunikeze,"Ukuthengwa kwezindiza kuphinde kube nendawo ebalulekile. Ukuze uthole imo engcono yokuhamba, kubalulekile ukucabanga nge"
8123,3690,0.1172,UMqondisi oyiNhloko yamaThuba alinganayo nokuBonelelwa ababebandliluliwe. Ukuphaka kanye nokulawula uMbutho wezokuVikela,"Nakuba kukhona isigaba 2, uma amalungu eMpi efisa, angabekwa ezandleni zikaNobhala Wezokuvikela ukuze angene ezikhundlen"
2567,1845,0.1172,"intuthuko kanye nempilo engcono kuwo wonke umuntu. Kulesibalo sabantu, imindeni engamaphesenti angu 84, ihlala ezindawen","Izinqubo Zezimo Eziphuthumayo EziBhedlela Umxhumanisi: Sanibonani, bangane! Namuhla sizoxoxa ngezimo eziphuthumayo ezikh"
279,975,0.1172,"J.2 Umbiko wokuqala wonyaka, nohlonzwe esiqondisweni- III J.1, uyokwethulwa kwisishayamthetho esifanele ngokonyaka wezim",Siqinisekisa ukuhambisana nokuphathwa kweMthetho Wamaphothi Kazwelonke yiZiphathimandla Zamaphothi Kazwelonke. Siqapha f
2716,1875,0.1172,LesiSahluko sibuye sisungule iKomidi likaZwelonke lokweLuleka kwezeMpilo. Amalungu aleliKomidi yizinhloko zeminyango yez,"Imvume yokwenza ibhizinisi lokumbiwa yiphepha elikhishwe nguMnyango WezamaNandi Nezamandla, elikuvumela ukuthi wenze imi"
5238,1861,0.1172,"Ukuze nibone ukuthi uMnyango ngisho kuZwelonke ufuna ukunibona nihlale niphilile ngenxa yokuzivocavoca, sekuhlelwe imidl","Abantu bahlala bejabulile, futhi umphakathi waqala ukuhamba phambili. Ngemuva kweminyaka embalwa, uJabulani wathola umkl"
4003,6360,0.1172,Kanjalo zithola amanzi nokudla okwanele ukumilisa isitshalo kahle. Ukucina komhlabathi kungenzeka ezindaweni ezimbili: u,"Isu leRestorative Justice alikabi lisha lapha eNingizimu Afrika, futhi kukhona izimo lapho lezi zimiso seziye zafakwa ng"
3088,4843,0.1172,Imalaysia neNingizimu Afrika banamazinga afanayo okukhula komnotho kodwa iMalaysia ayikafinyeleli ezingeni elifanayo lok,Ngokuphathelene nohlobo olusha lwezilwane noma uhlobo olusha lwezilwane oludingekayo ukuba lungene ezweni noma lukhulisw
6918,1321,0.1172,Izimo ngokuphathelene nokudlulisa izimali noma isabelo kungalandelwanga. Izinhloso okuvunyelwene ngazo zingafinyelelwa. ,ISIMEMEZELO SOKUNEMBA KWEFOMU LELUNGU (GEMS MEMBER FORM ACCURACY DECLARATION) Isingeniso Ngokuhambisana nemigomo nemiban
7361,7421,0.1172,Ngakho abathengi kufanele bavumele umphakeli kagesi noma lowo oqokwe ngumphakeli ukuba anikwe ilungelo lokungena ngenhlo,Izithombe zisitshela okuningi... Isithombe 1: Indawo yokufunda eMalekutu. Isithombe 2: Insimu eduze nendawo yokufunda eM
2260,6389,0.1172,"Amazwe amaningi aseAfrika mancane, ngokwesibalo sabantu nangokwemali engenayo. Ngenxa yokuthi izimakethe aziziningi awah",Inhloso yewebhusayithi yezinsizakalo zikahulumeni waseNingizimu Afrika ukuhlinzeka ngendawo eyodwa yolwazi mayelana nezi
6746,6386,0.1172,"Eminyakeni yethu eyishumi yokuqala njengohulumeni wentando yeningi, sabhekisa amandla ethu kanye nemizamo yethu yokuhamb","Abantu baqala ukuzizwa bephila kahle, bejabulile. Lokhu kwakukhombisa ukuba izikhungo zifana nama-ATM, njengoba zithola "
1354,5095,0.1172,"Lokhu kuzohlanganisa ngokuyinhloko ukwenziwa lula kohlelo lwabasebenzi, ukufaka abalingani kanye nokukhishwa kwemisebenz","Iphrofayela kaThandiwe Mthembu: Umzamo Wokuphila Ngempilo UThandiwe Mthembu, umama oneminyaka engama-35, uhlala edolobhe"
7187,964,0.1172,"Okunye, uhlelo lwamasu lwenza iBhodi ukuthi libukeze zonke izinto zebhizinisi leSkimu ukuqinisekisa ukuthi, ngenkathi is",Ngiyazi ngoba ngangiyingane futhi. Ngakho umsebenzi wami ukuqinisekisa ukuthi labo abenza ubugebengu ezinganeni baboshwa
7250,7430,0.1172,"Noma yimuphi umuntu ongavumelani nanoma yisiphi isinqumo esithathwe ngumhloli, angafaka isikhalo esiphikisa leso sinqumo","Umphakathi udinga ukuqonda kahle ukuthi yini engatholakala kubo, nezinyathelo ezizothathwa ukuze bafeze izidingo zabo. L"
5259,5082,0.1172,"UMquli wodaba kufanele ngaphambi kokuba kunqunywe ukuthi kube khona ubandlululo olungalungile, inkulumo enenzondo, ukuhl",Izivumelwano Zokufinyelela Kosonkontileka Besithathu (GEMS Third-Party Contractor Access Agreements) Ngaphakathi komhlab
736,6353,0.1172,Kufanele kube nezinto zokuqoqa nokugcina igazi ezitsheni ezivalekile ngaphambi kokuba lisuswe. a maqondana nokuconsisa i,Zama ukudla okungenani izinhlobo ezinhlanu ezahlukene zezithako noma izithelo nsuku zonke. Ukuze kuhlangabezane neziding
7618,4843,0.1172,Loku kuthelela ngamandla uhulumeni ukuthi ahlole izindleko kanyen nezinzuzo zemisebenzi yakhe kanye nokuchazela umphakat,Ngokuphathelene nohlobo olusha lwezilwane noma uhlobo olusha lwezilwane oludingekayo ukuba lungene ezweni noma lukhulisw
817,6249,0.1172,"Lokhu kwenziwa komsebenzi kwasombulula izindaba ezifana nokuphangwa kwamabhizinisi, abantu abangabhalisiwe kanye nezimpa","Uzobona, kuhle ukubona abantu behola imihlola, lokhu kuhle kakhulu! Ngakolunye uhlangothi, umphakathi ookhuluma ngabo ku"
6894,6243,0.1172,ILayisense yobuSakazi beMiphakathi inenhloso yokuhlangabezana nezidingo zobusakazi kumphakathi ukufinyelela kwiminyaka e,Iphrofayela kaSipho Mthembu: Umholi Wezobuchwepheshe be-Cryptocurrency USipho Mthembu ungumholi ophawulekayo emkhakheni 
5450,6237,0.1172,"Ngesikhathi-ke beqhubeka bexoxisana nabanikazi bolimi lolo, bazobona ukuthi ukwazi izilimi eziningi lokhu kuyakusiza wen","Ekugcineni, kunesidingo sokukhulumisana ngemva kokubeletha. Umama, nomntwana kudinga ukunaka okukhululekile, nakuba bekh"
7536,1835,0.1172,Amaconsi emvula awela phezu kwezinhlanga namakhasi alahlekelwa amandla awo ukudala ingozi emhlabathini ngoba nawo amacon,"Kusukela ezikhathini zasendulo, abaholi bendabuko benze imisebenzi ebalulekile ezindaweni zabo nasemiphakathini. Ingxoxo"
7941,7145,0.1172,Amanzi awanazo izakhamzimba ezitholakala ezinhlotsheni ezihlukene zokudla kodwa ayadingeka emzimbeni. Okusempeleni zonke,Ukungeniswa kweMali yeMinyaka Emithathu (MTEF) yoHulumeni wePhondo laseGauteng ka-2006/07 kubonisa isinyathelo esibalule
3604,5190,0.1172,"Ngiyasho nje Sihlalo, ukuthi ngizocela ukuthi nibheke amaphepha ukusiza umsebenzi wami ekuhambeni kosuku. Njalo ngo Sept","Izinhlaka zikamasipala zixhasile uhlelo lweRestorative Justice. Ngo-1999, iKomidi Labaphathiswa leBhodi leYurophu lamuke"
3348,4384,0.1172,"a Ngaphansi kwalesi sigaba, inhlangano ezilawulayo ingachibiyela noma immise imithetho yayo. b Ngaphansi kwalesi sigaba,","Uma usuku olubekwe lokuqala kwesikhathi singelona usuku lwenkantolo, lesi sikhathi sizoqala ngosuku lwenkantolo olulande"
944,1853,0.1172,"Impela inamuhla libonakala lihaqwe yizithandani ezingathandani okuwubuphofu kanye nokunotha, indlala kanye nenala, intut","Izinsizakalo Zezimo Eziphuthumayo Ngemva Kwezimali Zamaholide Ngaphambi kokuhlola izinsizakalo zezimo eziphuthumayo, kub"
3607,975,0.1172,"a ngokwezimiso zesigaba- 923b zoMthethosisekelo, siyofakela ulwazi olubekwe esiqondisweni- III J.2 noma- J.3 embikweni w",Siqinisekisa ukuhambisana nokuphathwa kweMthetho Wamaphothi Kazwelonke yiZiphathimandla Zamaphothi Kazwelonke. Siqapha f
939,5237,0.1172,Kaningi le ndlela futhi inikeza ithuba lokulondoloza amanzi lapho kuniselwa ngokufanelekile. Njengazo zonke izindlela zo,"Singasho nokuthi, ngethuba elikhethekile, izinto eziningi zohlelo lwethu lokwakha umthethonqubo zihlolwe phakathi nalesi"
4458,5221,0.1172,Lowo ofake isicelo kufanele akhombise ukuthi ucela umfanekiso noma ikhophi yalelo rekhodi noma ufuna ukuza azozibonela l,"Ngokwesibonelo, uma umphakathi uthola ukuthi izinsiza ezifana namanzi, ugesi, noma imfundo azitholakali ngendlela efanel"
2764,2888,0.1172,Uhlu lonke lolwazi kumele lwenganyelwe ngokubhekwa kwesu eliqondile ngokuphathelene nokuthuthukiswa Kwesayensi Yezindaba,Ukubaluleka Kokuxhumana Ukuxhumana kahle phakathi kwabazali nezingane kubalulekile empilweni yengqondo yengane. Ukuvula 
5313,2882,0.1172,"Lokhu kwenza ngcono isidingo sokuthi izindawo ezisemadolobheni zihlinzeke ngosizo kulabo ababethembele kuzona, okuphinde","Ukusebenza Ukude Ezinkampanini ZaseNingizimu Afrika Ngenxa yokwanda kokusebenzisa ubuchwepheshe be-inthanethi, izinkampa"
1761,2882,0.1172,Izinyathelo ezithathwe ohulumeni besifundazwe kanye nabasekhaya ekunciphiseni imithetho enezivimbelo kanye nezimo zokuph,"Ukusebenza Ukude Ezinkampanini ZaseNingizimu Afrika Ngenxa yokwanda kokusebenzisa ubuchwepheshe be-inthanethi, izinkampa"
83,2868,0.1172,"Funda ngamaphutha akho esikhathi esedlule uphumelele kulokhu. Nquma usuku ozoyeka ngalo ukubhema. (Musa UKUZAMA ukuyeka,","Umbuzo 13: Ngabe uKomidi ubona impumelelo kulolu hlelo? Impendulo: Sinethemba lokuthi kuletha impumelelo, kodwa kumele s"
1897,1338,0.1172,"Ama""Activity Spines"" ajwayele ukubizwa ngama""Corridors"" entuthuko, kanti avame ukuba emigwaqeni emikhulu esuka noma eya ","Lokhu kudala umoya wokungazethembi, ikakhulukazi kubantu abasha abathola ukuthi izinga labo lokuphila lilinganiswa ngemp"
4630,5212,0.1172,Uma ohlalayo noma umnikazi enqaba ukuthatha izinyathelo ezibalulwe esazisweni ngaphansi kwale mithetho kamasipala noma e,"Ukuze uthumele izivakashi zezimali ezibhalisiwe ukuze zisetshenziswe ezilwaneni, kufanele ube ne-permit yokungenisa evel"
4630,4053,0.1094,Uma ohlalayo noma umnikazi enqaba ukuthatha izinyathelo ezibalulwe esazisweni ngaphansi kwale mithetho kamasipala noma e,"Inqubo yokuhlola yonyaka evamile ibizwa ngokuthi isiphakamiso noma ukuhlola ukusebenza, kuyilapho eyingxenye engafanele "
300,8107,0.1094,Isigatshana 1 akufanele sihunyushwe ngokuthi sivimbela uHulumeni ukuba adlulisele eSigungwini seziPhathimandla noma iyip,"Ukwazi Ngemitholampilo Ukukhuluma ngempilo, uma ngabe sithanda ukukhipha izinsiza kulezi zinsizakalo, ungathanda ukusits"
7112,8044,0.1094,"Ekukhumbuleni laba bafundi beminyaka edlule kunemiyalezo ehleli, leyo yokomela inkululeko nolwazi olutheleka nangamandla","Ngokuphila kwabo, uZanele nabezinye izintokazi zaphumelela, zashintsha umhlaba, zenza umphakathi waba yindawo engcono. U"
1354,336,0.1094,"Lokhu kuzohlanganisa ngokuyinhloko ukwenziwa lula kohlelo lwabasebenzi, ukufaka abalingani kanye nokukhishwa kwemisebenz",Isinyathelo 6: Ukuxhumana Nomphakathi 1. Xhumana Nomphakathi: Qhubeka uxhumana nomphakathi ukuze ubazise ngempumelelo ya
5530,8100,0.1094,"Impokophelelo ecacile yokuqondisa inhlangano nezinhlelo zayo. Inqubo yokuphatha ehlelekile, abaholi bakhona kanye nabase",Umphathi ngamunye unomthwalo wemfanelo wokwenza kube nokuphepha nokuvikela umphakathi othile (ezindaweni zasemaphandleni
2764,7926,0.1094,Uhlu lonke lolwazi kumele lwenganyelwe ngokubhekwa kwesu eliqondile ngokuphathelene nokuthuthukiswa Kwesayensi Yezindaba,"Impendulo: Umphakathi ungawusiza ngokubambisana ne-SITA, ukuhlinzeka ngempendulo mayelana nezinsizakalo, nokwakha izinhl"
3110,171,0.1094,Kuthi kusenzeka kanjalo kube futhi kudwebeka isithombe esingesihle ngokusetshenziswa ngokungeyikho kwezinto ezingaba lus,Ukusetshenziswa kwe-AI emsebenzini: Ukuhlaziywa Kwezinguquko Nokuqonda Amazwi Okuzayo Emhlabeni ogcwele izinguquko eziba
5806,8150,0.1094,"Lomqulu uhlose ukunikeza lowo ofaka isicelo sokuthola ulwazi, njengokulandela uMthetho, ngemininingwane yokuthintana, ka","Futhi, izikhungo eziklama abantu kumele zihlale zifaka bonke. Ukuze ubuchwepheshe bube usizo, kubalulekile ukuthi kube n"
6686,61,0.1094,Lolu qeqesho luqhutshwe abahlinzeki bezinsizakalo abahlonishwayo abakhethwe ngendlela yokwabiwa kwemisebenzi kahulumeni.,e ukubheka izithelo zezibopho zeNingizimu Afrika eziphathelene nempilo yezingane ngokuhambisana nezinhlinzeko zamathuluz
5974,8152,0.1094,"UMkhandlu uyokuba nelungelo lokuvala okwesikhashana noma iyiphi irenki esungulwe ngaphansi kwale Mithetho kanti, uma kun",U-Sipho usebenzisa izikhathi ezithile zokuqeqesha ukuze aqinisekise ukuthi bonke abanikazi bezinkonzo bayazi ngemigomo y
7804,4611,0.1094,"Ezinyangeni ezimbalwa ezizayo ngokuncika okhethweni lukazwelonke nolwezifundazwe, sizozama ukuqedela lelo gunya elamukel","Isinyathelo 3: Ukuhlanganisa Izinsiza Ezilungile Ezikhungweni, izinsiza zibalulekile ekwakheni indawo enempilo. Lokhu ku"
2527,3392,0.1094,Izazi zezibalo bezibalo bangabagcini bemigomo yentando yabantu esobala nokuzibophezela. Khomba futhi ucwaninge ukuntulek,"Ngenxa yenhloso yale nqubomgomo kanye nesimo somthetho samanje, kubalulekile ukuhlela abathwebuli bezinhlanzi kanye nomk"
1248,4545,0.1094,"Njengamanje, izinhlangano zaseNingizimu Afrika zinethuba elincane noma izinsiza zobuchwepheshe kodwa kunobufakazi bokuth","Lokhu kudinga ukucabangela okukhulu ukuze kuqinisekiswe ukuthi iphrojekthi iyaphumelela. Ngokubheka phambili, kubaluleki"
1823,4568,0.1094,"Kwabe sekwenziwa isincomo sokuthi kusungulwe i MHSI, eyabe izokugxila kuzindaba zezempilo nokuphepha ezimayini. Lezi zik","Futhi uma sizobe sikhuluma ngalezi zindaba, kufanele siyikhumbule le ndlela esiqhuba ngayo nokuthi yini esizama ukuyenza"
2145,4600,0.1094,Njengamanje kunomcwaningi oyedwa emalungeni ayinkulungwane abasebenzi uma uqhathanisa naseAustralia kanti eJaphani bayis,"Ukukhulelwa Kwentsha Isingeniso Ukukhulelwa kwentsha kuyinkinga ethinta izwe lonke, kanti kuthinta imiphakathi eminingi "
4136,7248,0.1094,"ngokusebenzisa isabizwana soqobo esihlanganisayo 'thina'). Ukubonisa umusho osemqoka, ukwehlukanisa amaphuzu asemqoka ku","Abafundi abangenayo imfundo efanele bahlala benokungabi nempumelelo ezimpilweni zabo, okwenza kube nzima ukuthola amathu"
5300,1033,0.1094,"Nokucwaningwa kwamabhuku ezimali kwangaphakathi, ukulawula kwangaphakathi, izindlela nezinqubo zokubala izimali, izimo e","Izibhedlela zazigcwele, futhi abanye abantu babengenakho ukufinyelela emithini. Lokhu kwenza uThandiwe azizwe edabukile,"
4921,4611,0.1094,a Ikhansela likamasipala nomkhadlu dolobha noma umasipala wesifunda uzoba negunya lokuphatha kanye nelomthetho kuzinsiza,"Isinyathelo 3: Ukuhlanganisa Izinsiza Ezilungile Ezikhungweni, izinsiza zibalulekile ekwakheni indawo enempilo. Lokhu ku"
7266,1142,0.1094,a umngcele womgwaqo noma walayini wajantshi obekiwe owodwa kuphela owela ngaphandle kwezindawo ezikhonjwe kwisigatshana ,"I-NCOP kufanele ibonwe njengendawo engasiza ekuphathweni kokubambisana kanye nenhloso enkulu yokubamba iqhaza, futhi uku"
5460,1155,0.1094,Kuleli zinga abafundi kufanele bebe sebekwazi ukukhuluma lolu limi ngokukhululeka nokuzethemba ikakhulukazi uma kuxoxwa.,"Mphakathi weGu District Municipality, uMphakathi S.B. Kuyajabula kakhulu ukuba sithintane nomphakathi wethu lapha eSimah"
3145,5744,0.1094,"Uma unezimpawu ezingathenicono, hlala ekhaya futhi gwemanqanda ukuhlangana nabantu. Ngifisa ukuniqinisekisa ukuthi ososa",iMercedes-Benz Umbuzo 1: Yini iMercedes-Benz? Impendulo: IMercedes-Benz iyinkampani eyaziwa kakhulu yokukhiqiza izimoto 
1272,2139,0.1094,Eminye imithombo ehlangabezana nezidingo zomthetho enjengezinhlelo zosizo kanye noxhaso ngezimali oluvela kubaxhasi. I-W,"Izingo, ukulimala, nezifo zingaphazamisa impilo nezinkampani. Izixazululo zivame ukuba lula futhi zingabizi, futhi abant"
5033,2153,0.1094,"Umkhiqizo kufanele uncike kumakethe. Lokhu kusho ukuthi kufanele uthole ukuthi abathengi bafunani, (izimfuno), bese ukhi","Yini inhloso yokubamba umuntu? Yini okusho ukuthi umuntu ubhekwa njengomuntu ongaphikiswa? Yiziphi ezinye izindlela, nga"
3723,5872,0.1094,Nginethemba elikhulu lokuthi leli qoqo lamabhukwana ashicilelwe liyoba wumhlahlandlela owusizo nomthombo wolwazi oluyoni,Izinyathelo Zokuphatha Izigameko Eziphuthumayo Ezibhedlela: Ingxoxo-Mpikiswano Izimo eziphuthumayo ezibhedlela zihlala z
533,5883,0.1094,Kuphinde kuthiwe futhi abasolwa ababili bashiya ikhishi kanye negumbi lokuphumula ebheke phezulu lapho okwatholakala kho,"Izimo zokusebenza ezinzima, ukuntuleka kwemali, kanye nezinsiza ezingekho zokufundisa zenza kube nzima. Abasebenzi badin"
4304,5573,0.1094,Inhloso yosuku lwegalofu lwaminyaka yonke likaSodolobha ukuqoqa izimali ukusiza abafundi baqhubeke nezifundo zabo. Ngiya,"Le nqubo igcizelela ukubaluleka kokuba nabantu abathintekayo, imindeni, kanye namalungu omphakathi behlanganyela ohlelwe"
3392,5657,0.1094,zivumele abantu abafisayo ukuba bahlole ibhuku lokubhaliswa futhi benze nomfanekiso noma ingxenye yalelo bhuku ngemuva k,"Ukuhlolwa Nokunakekelwa Ngemva kokubhaliswa, isiguli sithola ukuhlolwa. Lokhu kuhilela izinyathelo ezithile zokuhlola im"
203,5691,0.1094,Ukusungula iThimba lokuHlanganyela Imakethe yeziMali elizophuthumisa ukuhlanganyela kweziMakethe zeMali ngokusungulwa kw,"Inkinga yamanzi eKapa, eyaziwa ngokuthi i-Day Zero, ibonisa isimo esinzima sokushoda kwamanzi, esikhumbuza ukuthi imitho"
2764,2403,0.1094,Uhlu lonke lolwazi kumele lwenganyelwe ngokubhekwa kwesu eliqondile ngokuphathelene nokuthuthukiswa Kwesayensi Yezindaba,"Izincwadi eziningi zikhuluma ngezikhathi ezikhanyayo, ezifana nezimpi, ukuvuka kwemiphakathi, nempumelelo yezinkanyezi e"
6459,2450,0.1094,Kuleli bhokisi kunezinye izinto zakudala kakhulu ezibonisa ukuthi umuntu wayenjani emhlabeni. Ukubamba iqhaza nokuziband,"Ngoviyo owenziwa emphakathini, i-Eskom yabamba umhlangano ophakathi kwezinkampani eziningi, iziphathimandla zomthetho, k"
3201,2334,0.1094,36 ka-1998). Uyithuluzi elikhulu elisemthethweni eliphathelene nokuphathwa kwezinsizasidingo zamanzi eNingizimu Afrika. ,"Lokhu kudinga ukuthi kube nezinhlelo ezinamandla zokuvikela abavoti, ukuze kuqinisekiswe ukuthi bonke abantu bangavota n"
2309,7087,0.1094,"Lapho amasu okwenza imisebenzi yakusasa eziwe ngokugcwele, nezingcebo zabasebenzi nemishini kuhlanganisiwe, kufanele kwe","UQuincy wakhulela endaweni encane yaseWentworth, eningizimu yeDurban, futhi wayefuna ukuba ngumlingisi kusukela ebuncane"
5318,7116,0.1094,Omama kumele bagqugquzelwe ukuzama ukuncelisa besebenzisa izinhlangothi ezahlukene ukuze bathola ukuthi iyiphi indlela e,Uhulumeni bendawo udlala indima ebalulekile ezinhlelweni zokuthuthukisa lapha eNingizimu Afrika. Uhlelo lokushintsha oku
5363,1099,0.1094,Kungabe izakhiwo namaforamu akhiwe nguHulumeni ayasiza ekubambeni iqhaza kwentando yeningi? Ikuthuthukisa kanganani okul,"Ukunakekelwa Kwezingane Ezisanda Kuzalwa Ezibhedlela Ukwamukela ingane emhlabeni kuyinto eyinhle, kodwa kukhombisa nezin"
7284,975,0.1094,"I.5 Ukusiza ukucwaninga ukuqashwa ezisebenzini zikahulumeni, isikhulu esiphethe siyohlanganisa zonke izikhundla emnyangw",Siqinisekisa ukuhambisana nokuphathwa kweMthetho Wamaphothi Kazwelonke yiZiphathimandla Zamaphothi Kazwelonke. Siqapha f
4630,4538,0.1094,Uma ohlalayo noma umnikazi enqaba ukuthatha izinyathelo ezibalulwe esazisweni ngaphansi kwale mithetho kamasipala noma e,Ukwenza ngcono nokugcina ukuphepha kokudla ezingeni likazwelonke nokusiza ukwesekwa kokuthuthukiswa kwemiphakathi yasema
3413,7152,0.1094,"Obhalisayo kumele abheke isicelo esenziwe ngokulandela isigaba esingaphansi kuka- 1, 2 noma 3, futhi angenza noma yikuph",Ukwakhiwa kweBhodi (8) kufanele ikhethe omunye wezithunywa zayo njengomholi noma njengomholi weBhodi ozophatha imihlanga
2816,7152,0.1094,"Obhalisayo kumele abheke isicelo esenziwe ngokulandela isigaba esingaphansi kuka- 1, 2 noma 3, futhi angenza noma yikuph",Ukwakhiwa kweBhodi (8) kufanele ikhethe omunye wezithunywa zayo njengomholi noma njengomholi weBhodi ozophatha imihlanga
4350,3311,0.1094,Igunya lenkantolo eqondwe esigatshaneni (I) kufanele likhishwe yiJaji leNkantolo Ephakeme noma yimantshi eneguya endawen,Isahluko 4: Ukudala Uhlelo Lokubhikisha Uhlelo lokubhikisha kufanele lube nolwazi olucacile. Lokhu kusho ukuthi kufanele
3530,7163,0.1094,"Ngaphezu kokuhlola izimayini okujwayelekile okusemthethweni, kungabe ihhovisi lezokuhlola kudingeka ukuba libuye lenzeni",Kumele siqhubeke nokusebenza kulolu sizo ukuze siqhubeke phambili futhi siqedele amaphupho ethu okuphila kahle kubo bonk
2239,964,0.1094,Ukuqinisekisa ukuthi iNhlangano ihlinzekwe ngesisekelo ngesikhathi nangendlela engaqageleka nemithombo eyidingayo ukwenz,Ngiyazi ngoba ngangiyingane futhi. Ngakho umsebenzi wami ukuqinisekisa ukuthi labo abenza ubugebengu ezinganeni baboshwa
7612,972,0.1094,Ukuthatha okuvulekile kuwukuthatha lapho omazisi babantu abehlukene bazelana ngabo. Kunesinye isixwayiso esikhishiwe may,"Lokhu kwenziwa ukuze kubhalwe phansi ukuthi yiziphi izenzo zokukhwabanisa ezenziwe. Izinsolo zingase zibe ezinzima, njen"
4875,4686,0.1094,Lokhu kuyasiza ikakhulukazi lapho isiguli singakwazi ukudla ukudla okuningi. Iziguli kufanele zikhunjuzwe ukuthi amafuth,"Ukuntuleka kwemisebenzi kuholela ekuwohlokeni kwezimali, okwenza kube nzima abantu ukuba bakwazi ukuhlinzeka ngemindeni "
6564,2564,0.1094,"Kodwa-ke, sizoqinisekisa ukuthi amazinga okweboleka okwenziwa uhulumeni ahlakaniphile futhi ayaqhubeka. Lokhu futhi kush","Uma kwenzeka izinto ezivamile empilweni yakho, ungase ube nesifo noma ulimele, ngakho-ke uzodinga ikhefu lesifo ukuze up"
3429,2564,0.1094,"Kodwa-ke, sizoqinisekisa ukuthi amazinga okweboleka okwenziwa uhulumeni ahlakaniphile futhi ayaqhubeka. Lokhu futhi kush","Uma kwenzeka izinto ezivamile empilweni yakho, ungase ube nesifo noma ulimele, ngakho-ke uzodinga ikhefu lesifo ukuze up"
6031,7790,0.1094,Umphathi we-IK - Isu Elingumnyombo Wokuthuthukisa: Abaphathi be-IK kumele bazibandakanye ngokunomqondo ohlelweni kuwo wo,"- Ubufakazi Bobuchwepheshe: Abahloli baphenyi izinsalela zomlilo, izinsiza zemizila, nezinsizakusebenza zokwakha ukuze b"
4826,2607,0.1094,Ngamanye amazwi loHulumeni uzibophezele ekutheni wonke umuntu abe nendawo yokuhlala ehloniphekile noma ngabe ukuliphi iz,"Uhlobo Lokuzivocavoca Kunezindlela ezihlukahlukene zokuzivocavoca, okungafaka phakathi ukuhamba, ukudlala imidlalo, ukwe"
7877,2065,0.1094,"Futhi, ngokuhambisana nokwehlisa ubuphofu kanye namasu okuqinisa ukondleka komzimba, uhulumeni uzokhuthaza uphenyo ngezi","Lokhu kungaholela ekwandeni kokucindezeleka, ukuphazamiseka kwempilo yengqondo, kanye nezinkinga zokwelapha. Abantu abah"
7783,2507,0.1094,"Uma isikhalo siphathelene nokungaqhutshwa kahle noma ngezenzo zobandlululo ezenziwa ngumqashi, isikhalo singadluliselwa ","Ukufuna Umsebenzi: Ingxoxo Ngendlela Yokuphumelela Isingeniso Ukufuna umsebenzi kuyinto ebalulekile empilweni, ikakhuluk"
1630,2519,0.1094,Izimoto ezithutha izilwane eziguliswa yisifo kufanele zigezwe futhi zikhishwe amagciwane ngendlela enqunywe ngudokotela ,"URegistrar uzogcina irekhodi labakhulisi bezilwane, abahlinzeki, abaqoqi bezinhlaka, abahlukanisi bezinhlaka, abangenisi"
866,5978,0.1094,"Noma izihlinzeko zesigaba 23 zicinywe ngokuphindela emuva, ngeke zisebenze emafeni asedluliswe ngokugcwele ngaphandle kw","Ukubona intuthuko esiyenzile mayelana nobuso bobuDemokhrasi, mayelana nezinguquko ezinhlelweni zokwahlulela ukuze kuqini"
771,2574,0.1094,"Obunye ubunziba obubhekene namazwe asathuthuka wudaba logibe lwezikweletu. Esifundazweni saseNyakatho Ntshonalanga, edol","Ithelevishini: Umkhiqizo Wokuxhumana Nokuzijabulisa Ithelevishini, noma i-TV, ingenye yezinto ezibaluleke kakhulu empilw"
1554,5709,0.1094,Imininingwane ehluziwe ibe isihlelwa ukuze ikhiphe isethi yemininingwane eliqiniso. Imibiko evela emazweni aphesheya kwe,"Ngokuhamba kwesikhathi, izinqubo zokwazisa ngesibhedlela zamahora angama-48 zikhombisa ukuthi ziwusizo kakhulu empilweni"
1453,2107,0.1094,"I-LiEP ibhekene nalezi zindaba ezifana nolimi/nezilimi zokufunda nokufundisa ezikolweni zikahulumeni, ohlelweni lwezifun",Ungakuhlola kalula lokhu. Bamba umhole ufinyelele ku-15 cm ubukhulu bese uthatha isampula somhlaba. Zama ukwenza ibhola 
1463,5955,0.1094,"Ukususwa komhlali noma komuntu ongene ngaphandle kwemvume kufanele kwenziwe ngokuvumelana nemithetho esebenzayo, kungenj","Ukwesekwa Kwamabhizinisi Amancane: Isidingo Esibalulekile Sokukhula Komnotho Emhlabeni wanamuhla, amabhizinisi amancane "
4054,5956,0.1094,"Amanye amasosha amaningi anqunywa emuva kokuqulwa kwamacala, agwetshwelwa ukudlwengula kanye nokubulala abantu bendawo. ","Ngaphezu kwalokho, singenza kahle uma sithokozisa ubuhlakani bokwenziwa ngokulandela izimiso zokuhlonipha. Ukubaluleka k"
1347,7041,0.1094,b Ukukhathazeka kungatholwa yibo bobabili umama kanye nengane njengomphumela wesikhathi esithathwa ekunceliseni lapho in,"Imfundo yahlukaniswa, kwaziswa kalula ukuthi abantu abamnyama banele bakwazi ukufunda, kanti abamhlophe kufanele bathole"
1677,916,0.1094,"Njengoba kuke kwafakazeleka ezintuthukweni ezahlukene ezinyangeni ezimbalwa ezedlule, iNingizimu Afrika izosebenzisa ilu","Izitshalo ze-soybeans zihlala zithinteka kalula yizifo ezithile ze-fungal, izifo ezibulalayo, izifo ze-viral, kanye nezi"
4909,7053,0.1094,I Ningizimu Afrika ne Tunisia ithokozela ubudlelwano obunenjabulo futhi obusiza ndawozombili kanti uhulumeni waseTunisia,Uhulumeni bendawo udlala indima ebalulekile ezinhlelweni zokuthuthukiswa lapha eNingizimu Afrika. Uhlelo lokwakha imipha
4054,7053,0.1094,"Amanye amasosha amaningi anqunywa emuva kokuqulwa kwamacala, agwetshwelwa ukudlwengula kanye nokubulala abantu bendawo. ",Uhulumeni bendawo udlala indima ebalulekile ezinhlelweni zokuthuthukiswa lapha eNingizimu Afrika. Uhlelo lokwakha imipha
104,7062,0.1094,"Okwesithathu, asikholwa ukuthi i-capitalism kanye Nombuso Wobandlululo kwakufana noma kuyafana. Ngemuva kokuba sekupheth","Ikhwalithi ibhekisela ekuqinisekiseni okuphelele komuthi noma indlela yokwelapha, noma ukungenelela kwezokwelapha okuvum"
682,3608,0.1094,"Ezweni elifana neNingizimu Afrika, yimaphi amaqhinga akhona okuthuthukisa amathuba ososayense nokwenza baphumelele Kusob","Ngaphansi kwemizamo yokubhekana nokuguquka kwesimo sezulu, amaphrojekthi okuphathwa kwamanzi afaka phakathi ukwakhiwa kw"
4631,4452,0.1094,"Amabhodi enkasa akhona, amabhodi amanzi ezinhloso zokunisela impahla kanye namabhodi okuphatha amanzi abhekela ukusetshe","Abanye baphawula ukuthi kunzima ukuthola izimpendulo ezifanele ezivela ezinkampanini, okwenza kube nzima ukuhlela izinsi"
3495,953,0.1094,noma Ibhasi kusho inqola ethutha umphakathi eyakhelwe kuphela noma ikakhulukazi ukuthutha abagibeli abevile kwabayi-15 e,Umbiko Ngemidlalo ye-Minecraft: Ukubuyekezwa Kwezwe Lokuqala Isingeniso Ngemva kweminyaka eminingi yokuphila kwempilo ye
4012,3584,0.1094,Ukuqokwa kwalowo oqhamuke nokusha odle umhlanganiso kuzothathwa kulawa maqoqo abalwe ngenhla yithimba lamajaji. Inzindle,Umthetho 108 ka-1996 ngokweSigaba 152 ubopha uhulumeni bendawo ngokukhuluma ukuthi 'uhulumeni bendawo' kumele 'ukhuthaze
23,7318,0.1094,a Umlawuli-sikhungo angathatha isibophezelo somsebenzi owodwa noma ngaphezulu walena ephawulwe esigatshaneni uma umlawul,"Mbatha, ungachaza ukuthi kusho ukuthini ""bahlukanise""? I-SAPS eGaleshewe izibophezele ekuqhubekeni nokugxila kulolo hlob"
2712,7318,0.1094,a Umlawuli-sikhungo angathatha isibophezelo somsebenzi owodwa noma ngaphezulu walena ephawulwe esigatshaneni uma umlawul,"Mbatha, ungachaza ukuthi kusho ukuthini ""bahlukanise""? I-SAPS eGaleshewe izibophezele ekuqhubekeni nokugxila kulolo hlob"
7408,7370,0.1094,Isithombe sitshela okuningi... Photo 1: Indawo yesifundo eMalekutu. Photo 2: Insimu eceleni kwendawo yesifundo eMalekutu,"Ngaphezu kwalokho, i-TRC ibheke kakhulu ezinhlelweni zokufundisa, ngenhloso yokwabelana ngolwazi ukuze abantu bathole uk"
391,3198,0.1094,Ngokwesikhashana ngizokwamukela ngokusemthethweni izithunywa ezisuka kukhomanda omkhulu we-MK. Njengoba imbongi yaseNing,"Kungcono ukuba ne makethe ngaphambi kokutshala ukudla ofuna ukukhiqiza, ngoba kunezivuno eziningi ezitshala ngokushesha,"
6411,3242,0.1094,"Abaqashi kufanele baqinisekise ukuthi amalungelo abasebenzi malungana ne-HIV/AIDS, kanye nezinsizakalo abangazithola uma",Izinsizakalo Zokubeletha Ezibhedlela: Ingxoxo noDkt. Mthembu Qala Umsebenzi Usuku lwethu lungumsebenzi omkhulu! Namuhla 
6305,3249,0.1094,Nokwakha iNingizimu Afrika ebuswa ngentando yeningi nebumbene futhi ezokwazi ukubamba iqhaza layo elifanele njengombuso ,Ukuhlaziywa Kwezokuxhumana: Izinguquko Nezimpikiswano Isingeniso Ezokuxhumana ziyingxenye ebalulekile empilweni yansuku 
7783,3257,0.1094,"Uma isikhalo siphathelene nokungaqhutshwa kahle noma ngezenzo zobandlululo ezenziwa ngumqashi, isikhalo singadluliselwa ",Abasebenzi abasasebenza kumele bavezwe noma ngabe abanye baphakanyisiwe ezikhundleni zabo. Izikole ezizimele kumele zikh
3197,4779,0.1094,Inhloso wukusiza ababambe iqhaza ekusebenziseni kangcono ukuhlela intuthuko edidiyele njengesikhali esinomthelela omkhul,Nazi izinyathelo ezithile ezingathathwa: 1. Ukuthuthukisa Izinsiza: Izikole kufanele ziqinisekise ukuthi zinezinsiza eza
4260,4780,0.1094,"Ngale ndlela, umthetho wendabuko uyahambisana nesigaba 8 soMthethosisekelo futhi awubandlululi izingane ngemvelaphi noku","uMangosuthu Buthelezi: Umholi Eminyakeni eyishumi edlule UMangosuthu Buthelezi, omunye wabaholi abavelele emlandweni was"
441,4784,0.1094,I-Boiler-turbine sets noma injini emile enobhoyilane ophelisayo. Ukhomishana angafaka isikhalo esakhiweni esilawulayo. I,"Inkululeko isitholile, manje sekuyisikhathi sokuthi abantu baseNingizimu Afrika babe nesandla ekuguquleni izwe lethu lib"
5545,6906,0.1094,Inhloso yokumiswa kwe-CMA ukubandakanya imiphakathi yendawo ekuphatheni imithombo yamanzi. I-CMA iphatha imithombo yaman,Ukusebenza kwezinkundla zokuphepha komphakathi 1. Isingeniso Ukusebenza kwezinkundla zokuphepha komphakathi kubalulekile
4447,6918,0.1094,a ngadlulisa noma imaphi amandla esinikwe wona ngaphansi kwaloMthetho kunoma yimuphi umsebenzi osebenzela uMkhandlu; nom,Izindiza - Ukuhlaziywa Ngezindlela Zokuthengwa Kweminikelo Yezindiza Izindiza zithathwa njengendlela yokuhamba esheshayo
1178,3280,0.1094,Ukuphatha ipulantela ngendlela efanelekile kuzokhombisa ukuthi uzothola umvuno omuhle noma uzolahlekelwa inzuzo eningi. ,"Izingcuphe ezivikelwe ukuqashwa ezinkambeni zingabandakanya: ihayi, umlilo, ukuthutha, ukushisa, umswakama omningi, imvu"
6210,3291,0.1094,"Ukukhetha izihloko eziphathelene nezimpilo zabafundi, ziphinde futhi zibafundise nokunye abangakwazi, Isib. Ukukhetha iz","Lokhu kufaka izinyathelo ezinzima kanti akusizi ukwenziwa ngezwi elijulile. Ukunciphisa lezi zinkinga, kudinga ukuthi si"
3164,1391,0.1094,Yini umkhuhlane wezinyoni? Umkhuhlane wezinyoni yisifo esithathelanayo sezilwane nesidalwa yigciwane elithize kanti siva,Isici esibalulekile sempilo ukuxhumana. Ungacabanga ukuthi umhlaba uzobukeka kanjani ngaphandle kokukhuluma? Kukhona ama
7804,4813,0.1094,"Ezinyangeni ezimbalwa ezizayo ngokuncika okhethweni lukazwelonke nolwezifundazwe, sizozama ukuqedela lelo gunya elamukel",ukwenza ikhophi yohlelo olukhona itholakale ukuze kuhlonishwe futhi kuqoshwe ngezikhathi ezifanele nganoma yimuphi umunt
6798,6753,0.1094,"LoMthetho uzakubizwa ngoMthetho woMshwayilense wabangasebenzi ka 2001, kanti uyakuqala ukusebenza ngosuku oluyomiswa ngu","Ngaphezu kwalokho, umthetho ubhekana nokufihla okuhlobene nokudluliselwa kwebhizinisi le-SARS lapho lokhu kungase kuding"
1823,6812,0.1094,"Kwabe sekwenziwa isincomo sokuthi kusungulwe i MHSI, eyabe izokugxila kuzindaba zezempilo nokuphepha ezimayini. Lezi zik","Ngamafuphi, kumele kube nezinhlelo ezicacile, ezizwakala kahle, nezinhlelo ezihlose kahle. Lokhu kunciphisa umzamo wokut"
2739,1226,0.1094,Ulwazi ngezinkonzo kwezinye izilwimi lufakelwa kwi-website ngemuva kokuba seluhunyushiwe. Sebenzisa ikhasi elithi xhuman,"Umbuzo 4: Yiziphi izinyathelo ezithathwayo ukuqinisa ukuqoqa izikweletu? Impendulo: Ukuqinisa ukuqoqa izikweletu, i-Esko"
556,6901,0.1094,Ngizokufungisa ukuze sidlulise lokho okumele kwenziwe bese siya kubufakazi bakho. Futhi ngenxa yelanga kanye nesimo sezu,Inqubo yokwenza lokhu okwenziwe ibhizinisi iqondiswa yizinhloso nezifiso ezibekwe kule mithetho. Lezi zindawo ezilandela
1021,1896,0.1094,iv. Ukwehlukana kwabantu: Indlela okuhlelwe ngayo isakhiwo seqhaza lomphakathi kumele sihlinzekele ukwehlukana okukhona ,"Uhlolo lukhombisa ukuthi izinhlelo ezibekwe phambili zisebenza kahle, futhi zikhuthaza abanye masipala ukuba bazame ukuf"
4109,1939,0.1094,Ngaphezu kwakho konke isiyenze isisekelo sokuguqulwa kwezolimo e-Afrika nokuqalisa ukusebenza kweziguquko kwezenhlalo no,Ukufuduka Kwezakhamuzi Zangaphandle eNingizimu Afrika Ukufuduka kwabantu bangaphandle eNingizimu Afrika kubalulekile eml
7877,7711,0.1094,"Futhi, ngokuhambisana nokwehlisa ubuphofu kanye namasu okuqinisa ukondleka komzimba, uhulumeni uzokhuthaza uphenyo ngezi","Lokhu kuhlangana kwempilo yansuku zonke nemishini ye-AI kuveza indlela entsha yokuxhumana, lapho abantu bengahlanganyela"
4630,2045,0.1094,Uma ohlalayo noma umnikazi enqaba ukuthatha izinyathelo ezibalulwe esazisweni ngaphansi kwale mithetho kamasipala noma e,C 6.5 kufanele ahambisane nezindinganiso zobuchwepheshe bokuxhumana ngekhompyutha njengoba kuchaziwe. C.7.11 kufanele uk
4231,6101,0.1094,"Ngibonga kakhulu."" Ngibonile ukuthi ngaphandle komsebenzi wezokulima sizolamba futhi asingeke sibe nezinto zokwembatha. ","Ukuze kuthuthukiswe impilo, ukukhululeka kwezifo ezithathelwanayo kubalulekile. Lokhu kuholela ekunciphiseni izindleko z"
4835,7768,0.1094,"Ngivumele, Mama Somlomo nawe Sihlalo, ukuthi ngigqugquzele bonke abantu baseNingizimu Afrika abanelungelo lokuvota ukuth","Umbiko Wakho: Izepolitiki eNingizimu Afrika Isingeniso Lapho sihlola izepolitiki eNingizimu Afrika, kubalulekile ukuqond"
7072,422,0.1094,"Yonke ingane inesibophezelo esifanele esihambisana nobudala bengane namandla ayo ngomndeni, ngomphakathi, ngohulumeni ne","Ukwakha indawo yomphakathi ephephile nephilile ngokunciphisa ukuveliswa kwemfucumfucu, ukusebenzisa izinsiza ezivuselele"
7851,604,0.1094,Isikhungo sokuvakasha sitholakala esakhiweni esidala sePosi leso okumanje osekuyingxenye yamagceke ePhalamende. IPhalame,"Umgibeli weBhodi Yokufaka Izikhalazo! Ukufaka izicelo zokuhlelwa kabusha kwezinhlelo zomphakathi, ukuhlukaniswa komhlaba"
3960,620,0.1094,"Ingqikithi yanonyaka ithi ""Sisebenzela impilo ngokubambisana"". Kulokhu sasibungaza sihlonipha iqhaza labasebenzi bezeMpi",Uhlanga 3: Ubulungiswa Nobuchwepheshe Umxholo: Ingabe izindlela zobuchwepheshe zenza kube lula ukubhaliswa kweziguli? U-
66,434,0.1094,"Ingoma yesizwe yaseRiphabhuliki iyonqunywa nguMongameli ngokuthi enze isimemezelo. Ifulegi lesizwe linombala omnyama, os","Impendulo: Izinsizakalo ezithinteka kakhulu zifaka phakathi izinhlelo zokuphatha izinsiza zomphakathi, izinhlelo zokubha"
7630,492,0.1094,"Ekukhumbuleni laba bafundi beminyaka edlule kunemiyalezo ehleli, leyo yokomela inkululeko nolwazi olutheleka nangamandla","Mthembu waze wathola izinsiza ngendlela ezikhokhelwayo, kanti uhulumeni wanika isandla. Ngaphezu kokuba nemithi, abantu "
7112,492,0.1094,"Ekukhumbuleni laba bafundi beminyaka edlule kunemiyalezo ehleli, leyo yokomela inkululeko nolwazi olutheleka nangamandla","Mthembu waze wathola izinsiza ngendlela ezikhokhelwayo, kanti uhulumeni wanika isandla. Ngaphezu kokuba nemithi, abantu "
4054,7770,0.1094,"Amanye amasosha amaningi anqunywa emuva kokuqulwa kwamacala, agwetshwelwa ukudlwengula kanye nokubulala abantu bendawo. ",Izingxoxo zePhalamende ngesikhathi se-Presidential Question Time Izingxoxo zePhalamende zidlala indima ebalulekile ekubh
212,7711,0.1094,I-Peacebuilding Commission izosetshenziswa kodwa izodlala indima ebalulekile esikhathini sezinguquko kusukela esikhathin,"Lokhu kuhlangana kwempilo yansuku zonke nemishini ye-AI kuveza indlela entsha yokuxhumana, lapho abantu bengahlanganyela"
4207,1332,0.1094,Umnyango wokuThuthukiswa koMphakathi - eMpumalanga Kapa usebenza kulezi zifunda ezilandelayo. Kungabe okufanayo kuyenziw,"Khumbula njalo ukuthi ukuphuma kwezinsalela kudinga isikhathi, futhi umanyolo onothile ngenitrogen uzodingeka ngoba izin"
5545,6812,0.1094,Inhloso yokumiswa kwe-CMA ukubandakanya imiphakathi yendawo ekuphatheni imithombo yamanzi. I-CMA iphatha imithombo yaman,"Ngamafuphi, kumele kube nezinhlelo ezicacile, ezizwakala kahle, nezinhlelo ezihlose kahle. Lokhu kunciphisa umzamo wokut"
2974,6822,0.1094,"Ukumisa inkambiso eyodwa yokuhambisa ngokoMthetho ugesi, igesi ekumapayipi kanye nezimboni zamapayipilayini kaphalafini ",UBongi uthatha zonke izinsimbi anazo ukuze athenge utshwala ngenkathi umndeni wakhe uthola ubuhlungu ngoba lelo mali kuf
3010,6856,0.1094,UNgqongqoshe onesabelo angaqoka amalunga engekho ngaphansi kwayisikhombisa ngokunxusa abantu ngabezindaba ukuba benze iz,Owayeduze kithi wahlukana abantu babeziqoqela ezigabeni ezimbili - umugqa wabantu abakhipha imali kanye nalabo abahlawul
1064,1274,0.1094,"Ekusungulweni kwe-NER(Umlawuli kagesi ezingeni lika Zwelonke) ngoMbasa enyakeni ka-1995, I-NER yazibophezela ekwenyuseni",Impilo Yengqondo: Ukubaluleka Kwayo Nokuhlola Izindlela Zokuphila Impilo yengqondo iyisihloko esibalulekile empilweni yo
267,7412,0.1094,Abantu abavela ngaphandle baqala ngokuba ngabafundi bese bekwazi ukuba ngabeluleki abakhuthazayo. Umnyango wezeNhlalakah,"Abalimi BaseNingizimu Afrika: Umbiko Isingeniso Ezweni laseNingizimu Afrika, abalimi babalulekile ekwakheni umnotho, eku"
6508,7438,0.1094,Othishanhloko bayayalelwa (ngokweSekhula 66 ka-2008 yokuBala amakhanda ka-2009) ukuthi banikezele ngolwazi olungenaphuth,Izibhedlela Zikahulumeni: Umfanekiso Wokunakekelwa Kwezempilo Ezweni Lethu Izibhedlela zikahulumeni ziwumgogodla wezempi
4207,3713,0.1094,Umnyango wokuThuthukiswa koMphakathi - eMpumalanga Kapa usebenza kulezi zifunda ezilandelayo. Kungabe okufanayo kuyenziw,"Khumbula njalo ukuthi ukuhamba kwezinsalela kuthatha isikhathi, futhi umanyolo onothile ngenyukliya uzodingeka ngoba izi"
2473,1337,0.1094,"Inselelo yesibili ngukwakha amakhono ezikhungo zaseAfrika - Ohulumeni bakaZwelonke, ama-RECs kanye ne-AU. Ngale kokuba k","Ukwenza kahle kulezi zinyathelo kuzothuthukisa umphakathi, kuqinisekise ukuthi izinqubo zisebenza ngendlela efanele, fut"
1284,3488,0.1094,"uma ukuhweba ngamathuluzi abhaliswe emakethe yokuhweba kumisiwe ngokulandisa kwalesi sigaba, isikhungo singavumela abagu","Izidingo ezivamile ezifana neziqu zokushayela, izitifiketi zemfundo, kanye nezilinganiso zempilo yengqondo azisebenzi ku"
1554,3494,0.1094,Imininingwane ehluziwe ibe isihlelwa ukuze ikhiphe isethi yemininingwane eliqiniso. Imibiko evela emazweni aphesheya kwe,Okutholakele kuphenyo lomlilo wesakhiwo eGoli Isingeniso Umlilo wesakhiwo eGoli ubangele ukugxekwa okukhulu nokuhlolwa. 
2135,4329,0.1094,"Isabelo esinikezwa uMnyango wezokuThutha senyukile kusuka kwizigidigidi ezi-R5,232 ingo-2009/10 saya kwezi- R6.267 ngo-2",Odokotela kufanele bakwelaphe amacala abekwe engcupheni ngokuhambisana nezindinganiso zokudluliselwa kolwazi (protocol) 
577,7385,0.1094,"Umthethosisekelo uqukethe izahluko noma izigaba, isibonelo; Umthethosisekelo waseNingizimu Afrika unezahluko eziyishumi ","Isimo Somnotho WaseNingizimu Afrika Ngokwezibalo zakamuva, isimo somnotho waseNingizimu Afrika sikhombisa izinselelo ezi"
7458,2898,0.1094,UMnu. Mdumbe ukuvumile ukungenelela okuthize okwenziwa nguhulumeni ukubhekana nalezi zinselele. Wathi kufanele ukuthi ab,Isitifiketi sokufa siyidokhumenti esemthethweni ekhishwe kumndeni womuntu ofile uma kubhaliswa ukufa komuntu. Uma umfore
4990,2915,0.1094,Bakuthokozela ukucula uShosholoza ngesikhathi sicela ukuba kudlalwe umculo ohambisana nesiko laseVenisi ohambeni lwethu.,"Izimboni nazo zikhathazekile, njengoba ukungabi khona kukagesi kuholela ekwehleni kokukhiqiza, okuthinta umnotho jikelel"
6210,2759,0.1094,"Ukukhetha izihloko eziphathelene nezimpilo zabafundi, ziphinde futhi zibafundise nokunye abangakwazi, Isib. Ukukhetha iz","Izinhlelo ezisizayo kumele ziqhubeke, futhi ukubamba iqhaza okuhle kuzobonisa ukuthi sibhakabhakela phambili. Umphakathi"
6765,1924,0.1094,"esimweni sokwaphulwa kwalesi sigaba iSikhulu Esigunyaziwe, emva kokuba lowo muntu owephule umthetho ehluleka ukulandela ",Uhulumeni bendawo udlala indima ebalulekile ezinhlelweni zokuthuthukisa lapha eNingizimu Afrika. Uhlelo lokuguqula ukuze
3942,5297,0.1094,"A Endizeni okufanele iqhutshwe emkhathini okulindelwe kuwo ukwamukelwa kwe-RVSM, kudingeka isitifiketi semvume yokulunge",Kudingeka ukuthi noma ubani osebenza kumphakathi ophathwayo futhi ophakathi kokuphathwa kwezimpahla ezaziwayo kufanele a
2764,2711,0.1094,Uhlu lonke lolwazi kumele lwenganyelwe ngokubhekwa kwesu eliqondile ngokuphathelene nokuthuthukiswa Kwesayensi Yezindaba,"Abanye baphumelela ekwakheni izinhlelo zokusiza, njengezinhlelo zokufundisa abantu abasha ngokuqonda ubuchwepheshe, ezok"
1687,1896,0.1094,b ukuthuthukisa nokwenza lula ubudlelwano phakathi kohulumeni mayelana nemboni yotshwala; kanye c nokwenza- lula ukuxazu,"Uhlolo lukhombisa ukuthi izinhlelo ezibekwe phambili zisebenza kahle, futhi zikhuthaza abanye masipala ukuba bazame ukuf"
6389,1896,0.1094,Thina njengabasebenzi boMnyango Wezobuciko kanye Namasiko Kazwelonke sinikezwe imithombo yombuso ehlukahlukene ebekwe ng,"Uhlolo lukhombisa ukuthi izinhlelo ezibekwe phambili zisebenza kahle, futhi zikhuthaza abanye masipala ukuba bazame ukuf"
5386,2766,0.1094,"Asilale Mpho, mina ngidiniwe, phela le shopping ebesiyenza namuhla iningi."" ""Kulungile s'thandwa, kodwa kufanele uthole ",Ukuhlanza kusho ukususa wonke amakhemikhali angaphezu kokuphuma noma ngaphakathi emshinini. Lokhu kusho ukuthi kufanele 
6305,6285,0.1094,Nokwakha iNingizimu Afrika ebuswa ngentando yeningi nebumbene futhi ezokwazi ukubamba iqhaza layo elifanele njengombuso ,"Ngaphezu kwakho konke, sizodinga ukuqhubeka sikhuluma ngalezi zinguquko, ukuze kuqinisekiswe ukuthi zonke izinhlaka zihl"
7284,2631,0.1094,"I.5 Ukusiza ukucwaninga ukuqashwa ezisebenzini zikahulumeni, isikhulu esiphethe siyohlanganisa zonke izikhundla emnyangw","Umthetho Wokunakekela Izilwane, 2003 (Umthetho No. 41 ka-2003). Noma iyiphi inja ebonisa ukuziphatha okungafanele noma e"
7912,2700,0.1094,Laba bantu baseNingizimu Afrika bamelele ithemba kanye nokubekezela okuyisibonelo sesizwe sethu. Yilaba kanye nabanye ab,"Kuhle ukuthi abantu babe nehloso enembile ukuze bathole ulwazi oluqondile oluhamba phambili. Okwesithathu, ukuxhumana ka"
1367,6053,0.1094,Umphathi weBhange Ngondla uTito Mboweni kanye nabasebenzi beBhange Ngodla sebeqhube kahle kakhulu ngokuphathelene nezima,Ukwenza Ngcono Ukuphathwa Kwezimali: Kubalulekile ukuthi i-SABC ithuthukise ukuphathwa kwayo kwezimali. Lokhu kungafaka 
3414,6078,0.1094,"Isigameko se-GNSS kushiwo isigameko nezimo ezifuze ukungasebenzi kahle komshini, izinkomba noma iphutha lomuntu ngaphans","UNgqongqoshe onenhloso, ngokusekelwe eziphakamiso ezenziwe yiBhodi Yezikhungo Zasolwandle Zesizwe, angacela uNgqongqoshe"
4001,7495,0.1094,Awukho umlingo ongenziwa wokuguqula nokuletha imiphumela esheshayo noma usuthanda kangakanani. Kunesikhathi lapho labo a,"Ezamanzi Nokuhlanzeka: Indaba Yomphakathi Wethu Kwakukhanya ilanga elihle eNdlovukazi, idolobha elincane elisemaphandlen"
5313,4363,0.1094,"Lokhu kwenza ngcono isidingo sokuthi izindawo ezisemadolobheni zihlinzeke ngosizo kulabo ababethembele kuzona, okuphinde","Imiklomelo Nokuqashelwa Kwabasebenzi: Indaba Yomlando Ekuqaleni kwenkathi yeziqu, umqondo wokuhlonipha abasebenzi wawung"
642,4384,0.1094,Isichibiyelo esihlongozwayo ngaphandle kokummisa semithetho kufanele sethulwe kumlawuli-sikhungo ngenhloso yokwemukelwa ,"Uma usuku olubekwe lokuqala kwesikhathi singelona usuku lwenkantolo, lesi sikhathi sizoqala ngosuku lwenkantolo olulande"
8181,6644,0.1094,"Uma kungukuthi ngenxa yokwakhiwa, ukunakekela noma ukuchezula umgwaqo wesifundazwe noma ulayini wajantshi, u-MEC ubona k",Kumele bathumele ikhophi yesinqumo senkantolo kuzo zonke izinhlangothi ezithintekayo kudaba; futhi bazise/benze bonke ab
1688,6723,0.1094,Lapho utusa iseleko sokudla... Khumbula ukuthi ukudla okuvamile kungasetshenziswa ukweleka ukudla. Izinhlobo eziningi ez,"Ezindaweni ezikhulayo lapho kukhona abafama abasha, sisengxenyeni enkulu nezifundo ngoba kuyindlela engcono yokuxhumana "
4490,6739,0.1094,"Ngale kwalokhu, uma ngabe lelo rekhodi lingabhaliwe ephepheni lingabonwa ngaleyo ndlela elicelwe ngayo, uma kwenzeka. Um","Lokhu kuhlanganisa ukuqwashisa abaqashwa, ukunikeza izifundo ezivamile ezikhuluma ngale ndaba, nokuhlinzeka ngendawo yok"
7768,4913,0.1094,Ngiyicela kanjani imali yesondlo? Yini amalungelo ami? Ngumsebenzi wabo bobabili abazali ukusiza ingane yabo ngemali. Lo,Ubani ozothola inzuzo ephakheji yakho futhi bazothola kanjani? Le phakheji igxile ezixhumaneni zabantu bazo ziphi izinsu
7104,4984,0.1094,"Noma abantu besifazane beyiningi ebantwini baseNIngizimu Afrika, abantu besifazane baseyidlanzana uma kuziwa ekuthathwen","Lokhu akusho ukuthi labo abaphikisiwe abaqeqeshiwe. Ngakho-ke, kubalulekile ukuthi abantu babe namaphuzu aphezulu. Okoku"
4446,4994,0.1094,"G. Ukusikisela Okuwusizo Ngendlela Yokubhekana Nezimpawu Zezifo Nokwandisa Umthamo Wokudla Esikudlayo. Impilo yethu, ind","Uhlobo lokudla, kanye nohlobo lokuhlanganiswa ndawonye, kufanele kubhekwane uma ufuna ukwandisa i-calcium ne-phosphorus "
5195,3106,0.1094,Ukwakhiwa kwewayini elengezwe okuthile elifana ne-sherry kanye ne-marsala nakho kufakiwe. Ukusebenzisana okufana nalokhu,Lokhu akukhange kube ngaphandle kwabasebenzi beMnyango wezempilo. Ukungenelela okuhle kweMnyango kwakwazi ukuvimbela uku
7284,1413,0.1094,"I.5 Ukusiza ukucwaninga ukuqashwa ezisebenzini zikahulumeni, isikhulu esiphethe siyohlanganisa zonke izikhundla emnyangw",Siqinisekisa ukuhambisana nokuphathwa kweMthetho Wamaphakheji yiZiphathimandla ZamaPhakheji. Siqapha futhi sithathe izin
5797,1439,0.1094,Ukunikeza usizo oluphelele kubasebenzi noMnyango wezokuVikela. Ukunikeza usizo olungaphathelene nokulwa kumalunga (ngali,"### Ukuhlaziywa kwesinqumo sikaPistorius Isigameko sikaOscar Pistorius, umjaho ophakeme waseNingizimu Afrika, sathinta i"
5363,1441,0.1094,Kungabe izakhiwo namaforamu akhiwe nguHulumeni ayasiza ekubambeni iqhaza kwentando yeningi? Ikuthuthukisa kanganani okul,"Izithiyo ezibhekene nokukhula kwezingadi zokudla Noma kunjalo, ukukhula kwezingadi zokudla akukhululekile ezitheni ezith"
6758,2831,0.1094,Akuvamile ukuthola eminye imisuka nemixhantela lapho kungatholwa khona amandla ogesi. Abaphakeli bogesi bejwayele ukuba ,Bakhokhelwa ngokusebenzisa okuningi ekupheleni kwenyanga ngayinye. Abasebenzisi begesi abangenayo amandla agridi bangahl
4538,5212,0.1094,Yilokhu kuhlola konyaka wonke okuzosetshenziswa njengesisekelo ukunquma mayelana nomsebenzi wesisebenzi. Lona lelo thulu,"Ukuze uthumele izivakashi zezimali ezibhalisiwe ukuze zisetshenziswe ezilwaneni, kufanele ube ne-permit yokungenisa evel"
2867,1855,0.1094,Lawa makomiti angamiswa ngezinhloso ezehlukile kanye nokwenza imisebenzi ehlukile. Lawa makomiti angawohlobo lokweluleka,"Izinselele Eziqhubekayo Izikole zikahulumeni zibhekene nezinselele eziningi. Okokuqala, ukuntuleka kwemali yokusebenza k"
5313,5223,0.1094,"Lokhu kwenza ngcono isidingo sokuthi izindawo ezisemadolobheni zihlinzeke ngosizo kulabo ababethembele kuzona, okuphinde","Izinsizakalo Zezimo Eziphuthumayo Ngemva Kwezikhathi Zamahloli Isingeniso Ngenkathi zamaholide, abantu bavame ukuhamba, "
3900,2813,0.1094,Kumele sizikhumbuze ukuthi sesidla izithelo zomzabalazo walabo abangasekho phakathi kwethu nabanikela ngezimpilo zabo uk,"Lumele ukuhlakanipha, amandla, ubumnene, nokuphila okungapheli. Inezinhloso ezimbili: ukukhombisa ubunikazi nokuvikela n"
3088,4264,0.1094,Imalaysia neNingizimu Afrika banamazinga afanayo okukhula komnotho kodwa iMalaysia ayikafinyeleli ezingeni elifanayo lok,"Izinhlelo zokuhlonipha izinkolo ezahlukene zikhuthazwa, kodwa izinkinga zokuqonda phakathi kwabantu zihlala zikhona. Uku"
7543,3838,0.1094,Kubalulekile ukuthi umkhubaze umhlaseli angakwazi ukubaleka uze uthole usizo noma ubaleke. Uma ngabe ukulwa kungasebenzi,"Waqala uhlelo lokuqwashisa abafundi, abathintekayo, nabazali ngokuqonda ukubaluleka kokudla okunempilo. Waphinde wathuth"
6711,3862,0.1094,"Ngenxa yoMthetho waKwaZulu, Ikhodi yaseNatali kanye nokunga-bi bikho kokuhlinzekelwa kuMthetho Wokuhlonishwa Kwemishado ","Abazimele baphendula ngokubambisana, futhi bahlinzeka ngempahla yokwakha. Ngaleso sikhathi, izindaba zalesi sithombe zaf"
3521,2853,0.1094,"Baningi abagulayo, abanye babo bazobulawa yizifo ezingavimbelekayo. Lapho imilomo yamaphayiphi ivimbekile, amaphayiphi e","Icebo lakwa-Eskom lokubuyisela izikweletu kumasipala Njengoba izinkinga zezimali ziqhubeka nokukhula, izinkampani ezinku"
3010,2860,0.1094,UNgqongqoshe onesabelo angaqoka amalunga engekho ngaphansi kwayisikhombisa ngokunxusa abantu ngabezindaba ukuba benze iz,"Izinkinga Zemfundo: Izinyathelo Zokubhekana Nazo Emhlabeni wanamuhla, imfundo ibalulekile ekwakheni ikusasa eliqhakazile"
7782,4301,0.1094,a ukuthi alethe uhlelo lokulawula indawo yokuphila ngokuhambelana nesigaba 39 esikhathini esiyizinsuku ezingu 30 kusukel,Isigaba 3 seMthetho Wokushada Kwendabuko 120 ka-1998 sivimbela omunye wababheki abakhona emshadweni wamasiko obonwa ngok
2539,4228,0.1094,"Lokhu kuchaza ukuthi, ukulandela uMthetho siSekelo isisebenzi seSizwe kumele siqiniseke ukuthi izinqumo ezithathwayo kan","Ukukhanya kwelanga, izinyanga eziphuma ngezikhathi ezithile, kuveza izinselele ezithile, nezinkinga ezithinta impilo yom"
279,4258,0.1094,"J.2 Umbiko wokuqala wonyaka, nohlonzwe esiqondisweni- III J.1, uyokwethulwa kwisishayamthetho esifanele ngokonyaka wezim","Isivumelwano kumele sichaze ukuthi noma iyiphi uhlelo olubhaliwe, incwadi yemiyalelo, isizinda solwazi, uhlu olunembile,"
5319,5025,0.1094,"Emsebenzini walo wokuqapha, iPhalamende liqinisekisa ukuthi imithetho eshayiwe iyasetshenziswa kubalwa naleyo enzelwe ab","Lokhu kukhombisa ukuthi amahlaya angaba yindlela yokubhekana nezinto ezinzima, futhi ahlinzeka ngethuba lokubhekana nezi"
1486,6625,0.1094,"Ikakhulukazi kulesi sikhathi semithetho emisha. Izinsolo zokuhlukumeza amandla okubusa ngabaholi bendabuko, ukuphakanyis",Kubalulekile ukuhlaziya ukuthi imakethe ifuna ini nokuthi bazokhokha malini ukuthenga umkhiqizo. Akulungile ukusebenza k
391,6631,0.1094,Ngokwesikhashana ngizokwamukela ngokusemthethweni izithunywa ezisuka kukhomanda omkhulu we-MK. Njengoba imbongi yaseNing,"Ukuze lokho kwenziwe, uhlelo lokubambisana phakathi kwabaphethe imibono yempilo, izikhungo zemfundo, nabazali lungaba wu"
6664,1501,0.1094,Ukumiswa Kwesikhwama Semali se-IKS sikaZwelonke esizokweluleka UNgqongqoshe ngezindaba eziphathelene Nezikhwama Nezimali,Yiziphi izinhlobo ozisebenzisayo futhi uyazifaka ngendlela efanele? Ingabe uphumelele ekubulaleni izihlahla? Ingabe uqon
1879,1766,0.1094,"Uma isikweletu singakhokhiwe sonke ngenyanga elandelayo, kuba nzima ukuthi i-akhawunti ihlale ikahle ikhuphuke. Sicela w","Angazi ukuthi bangaki bethu abazi noma basakhumbula lezi zinkolelo, njengoba ingxenye enkulu yesiko lethu lendabuko ilah"
1560,1782,0.1094,"Siyazi ukuthi iNingizimu Afrika ayithintekile ngokunamadla kunamanye amazwe. Ngempela, ngesikhathi lapho abanye benokweh",Abaphathi baphathiswa (ngokweSigaba 66 sika-2008 mayelana nokubalwa kwezinhloko zonyaka ka-2009) ukuba banikeze ulwazi o
5252,1565,0.1094,Isisindo eseqile = 25 - 29. Idayethi ebhalanse kahle efaka okungenani ukuvocavoca umzimba kwemizuzu engama 30-40 kathath,"Izimali ezinikwe kulesi sikhungo sezokuhlaliswa zizobhekana nezidingo eziphuthumayo ezinyangeni ezintathu ezizayo, kuhla"
104,1576,0.1094,"Okwesithathu, asikholwa ukuthi i-capitalism kanye Nombuso Wobandlululo kwakufana noma kuyafana. Ngemuva kokuba sekupheth","Sikhumbula ukuthi abaholi bezombusazwe kumele babe nethuba lokuzilolonga, ukuze bakwazi ukukhuthaza ukusebenza emiphakat"
5500,1584,0.1094,"Ngenkathi siqhubeka sigxile ekugcineni ngendlela ibhalansi yezomnotho ezinkulu , sikhethe ukubheka kakhulu izindaba zezo",Isigaba 10 soMthetho sidinga ukuthi iKomidi Lezokuphila Lwabantu baseNingizimu Afrika likhiphe imigomo equkethe ulwazi o
3946,1761,0.1094,"Okwesithupha, ukusetshenziswa kangcono komhlaba ukuze kubhekwane nokwehla kwezinga kwezemvelo okufaka phakathi ukutshala","Lapho siqonda ukuthi umuntu ubamba ikusasa lakhe ezandleni zakhe, sizokwazi futhi ukuthi akusizi ukuhlinzeka umuntu ngen"
1103,6519,0.1094,Isetshenziselwani imithi yokubulala izilwanyana izinambuzane kanye nezitshalo eziwubuthi? Isetshenziswa ngoba inemiphume,"Ngokomthetho, ukuhola kumaqembu omphakathi kusho ukufaka umoya nokuhola izenzo zabantu eqenjini lomphakathi nasemphakath"
7659,6543,0.1094,Uhlaka lwangaphakathi esontweni lusebenza endaweni esabalele ezungeze iTheku. Wawulindele abe-SAP ukuthi bafake ucingo l,"Uhlelo lobandlululo lwezombusazwe lwavuma ngo-1948, lwathinta kakhulu izimpilo zabantu abamnyama. Lokhu kwaholela ekuphi"
3832,6561,0.1094,"Imiphumela yezivumelwano mayelana nempahla yabashadikazi bomshado wamasiko, abangena kuzo ngaphambi kokuba kuqale ukuseb","Izincwadi: Umcimbi Wokubhalwa Kwezincwadi Ngaphakathi kwesimo esikhulu sokuhlanga, umcimbi omkhulu wokuqhakambisa ubucik"
3155,803,0.1094,Obamisapala abaningi nabeluleki babo abakwazanga ukuhlela inqubo yeqhaza lokubonisana nomphakathi ngendlela enomthelela ,"Ubumfihlo bolwazi lwabancikile (GEMS dependent information confidentiality) Ubumfihlo bolwazi lwabancikile, ikakhulukazi"
8001,6509,0.1094,"Bhala ephepheni izinyathelo ozitholile. (ngenxa yesinyathelo sokufuna imibono ehlukene, lesenzo asinayo indlela eyodwa y",Umbiko Ngemva KweNkantolo Yomthethosisekelo Isingeniso I-Nkantolo Yomthethosisekelo iyisikhungo esibalulekile emhlabeni 
6305,832,0.1094,Nokwakha iNingizimu Afrika ebuswa ngentando yeningi nebumbene futhi ezokwazi ukubamba iqhaza layo elifanele njengombuso ,"Ngesikhathi esifanayo, imboni yokukhiqiza ibamba iqhaza elibalulekile ekuthuthukiseni izinga lokuphila, ikakhulukazi ezi"
5306,860,0.1094,I-UIP ihlose ukusungula isakhiwo sokuphatha sangaphakathi sezinhlobo zamasu athile lapho abanikazi bezindlu nabonga imal,Izinsalela zezinambuzane noma izitshalo eziyingozi ekudleni. Yini izinsalela zezinambuzane nezitshalo eziyingozi? Izinsa
1772,910,0.1094,"Ayixoxe ukusuka nokuhlala indaba uMfaniseni nokuthi ubemi kuphi eHillbrow ngenkathi elinde indoda leyo abeyifuna. ""Zikho","### UHuawei: Umlando, Inoveli, Nezimpumelelo Isingeniso UHuawei, inkampani eyaziwa kabanzi emkhakheni wezobuchwepheshe, "
1505,7619,0.1094,Umasipala ufisa ukuxolisa ngokuphazamiseka okwenzekile. UMary Burton ngomunye wawoKhomishani eWestern Cape kanti uyilung,"Ngomhla ka-15 kuMfumfu 2023, uhulumeni wendawo wethule imiphumela yokuhlolwa kwamabhuku komasipala, ebonisa izinga lokup"
4503,7667,0.1094,Isampula lakho angeke lidayiswe kanti ucwaningo olungaphandle kwalolu luzodinga isigunyaziso sakho. Izinhlamvu zokuqala ,"Uke ubophezela ekuthuthukiseni izindlela zokunakekela abantu abadala kuze kube sekuphumeleni, yena ubalulekile kulesi si"
5485,7683,0.1094,Amarabi isifo esithathelanayo esi-bangwa yivariyasi (igciwane) yezilwane ezi-nawo. Siyisifo esisuka esilwaneni esinom-go,"Lokhu kungafeza ngendlela yokusebenzisa izikhangiso ezilula, ezifana nezikhangiso ezibhalwe phansi kwezimoto, noma izikh"
4642,6329,0.1094,Izisebenzi kumele ziqondisise ukuthi okubonakalayo akuchazi ekunikezeni noma ekuvezeni ulwazi. Njengoba kunzima ukunikez,"Izinhlelo Zokuqeqeshwa Nokuthuthukiswa Kwamakhono Abasebenzi Ngomhla ka-15 kuNhlangulana 2023, umphakathi wezokusebenza "
4988,6333,0.1094,Inqubomgomo yobandlululo nengcindezelo yadala isimo lapho zonke izilimi ngaphandle kwezimbili zingabukelwanga nje phansi,Kumele zixhaswe kahle futhi kumele kube nezindinganiso ezibekwe ngendlela ezixhaswa ngayo ukuze kuhlanganiswe izifunda. 
785,746,0.1094,Kwenzeka lapho abantu bengasakwazi ukuhamba emigwaqeni yezwe ngaphandle kokwesabela ukuqhunyiswa isiqhumane sasemayini. ,"kuMthetho Wezokuhamba Kwamazwe, 1996 Umthetho No. Umthetho Wezakhwo Zasemaphandleni, 1998 Umthetho No. ithikithi noma ib"
2502,6390,0.1094,Ngicabanga ukuthi uDkt Klatzow naye angathanda ukubuza imibuzo embalwa. Iphethini elandelwayo akumele ichazwe ngezizathu,"Nokho, ngokuhamba kwesikhathi, kufanele sithole izixazululo ezithile zokuphatha, futhi sihlinze ngokuqondisa kuyo yonke "
961,5100,0.1094,Sicela wazi ukuthi ngakolunye uhlangothi abathengi banelungelo lokubuza ngemali yokukhokha ezohlangabezana kangcono nezi,Thatha isinqumo sokuthi yiziphi izilwane ozothengisa nokuthi uzothengisa ngani. Ukuhlela lezi zilwane ngokuhlukanisa kuq
4552,6321,0.1094,Kungani wakhetha evulekile kulowo mdlalo? Wasebenzisa leli thuba ngosuku lwakhe lokuqala ehhovisi ukuveza ukuzinikela ek,"Lolu hlelo kufanele luhlanganise izici ezibalulekile ezifana nembono yebhizinisi, izinjongo, iziteshi zokuthengisa, kany"
4111,6329,0.1094,Konke lokhu kungaba wusizo kulabo abasebenza ngokudla ezingeni lokuhlanzeka uma beye bakunaka. Unazo yini izindlela ezan,"Izinhlelo Zokuqeqeshwa Nokuthuthukiswa Kwamakhono Abasebenzi Ngomhla ka-15 kuNhlangulana 2023, umphakathi wezokusebenza "
766,1782,0.1094,"Siyazi ukuthi iNingizimu Afrika ayithintekile ngokunamadla kunamanye amazwe. Ngempela, ngesikhathi lapho abanye benokweh",Abaphathi baphathiswa (ngokweSigaba 66 sika-2008 mayelana nokubalwa kwezinhloko zonyaka ka-2009) ukuba banikeze ulwazi o
1594,3027,0.1094,"Ukuze kulungiswe lokhu, amazwe kufanele ahlanganise ezolimo, ezempilo, ezemfundo ze-NEPAD kanye namakhono entuthuko, ama",Isicabha siqala ukukhula ngokushesha. Izicabha ezine-silk ziqala ukuvela ngokushesha ezikhala eziyi-6 kuya kweziyi-8 phe
6305,3034,0.1094,Nokwakha iNingizimu Afrika ebuswa ngentando yeningi nebumbene futhi ezokwazi ukubamba iqhaza layo elifanele njengombuso ,"Izinhlelo Zokuqeqesha Nezokufundisa Okwesibili, ukuqeqeshwa kwezisebenzi ezibhedlela kubalulekile. Ukuze kube neqhaza el"
4835,3039,0.1094,"Ngivumele, Mama Somlomo nawe Sihlalo, ukuthi ngigqugquzele bonke abantu baseNingizimu Afrika abanelungelo lokuvota ukuth",Isikhungo sombuso kufanele sisebenzise amandla futhi senze imisebenzi enikezwe isikhungo sombuso ngaphansi kwesigaba. Ku
5254,2993,0.1094,Akuvunyelwe muntu ukuthi athamele imihlangano yekomidi ukuzobheka nje ngaphandle kokuthi kuvunyelwene ngokwenhloso yokuq,"Ukuhlinzeka ngokuqhamuka, ukuveza, nokusebenzisa impahla yezenzakalo zezilwane ngaphezu kwabanye ukuze kuthuthukiswe uku"
2376,2479,0.1094,"nokulingana kwamathuba awo wonke umuntu ayalahleka, izilwane nemvelo zoGu nazo zicekeleka phansi. Umbiko osemthethweni k","""IBhasi"" kusho imoto eyenzelwe, noma eyakhiwe ngokomthetho ukuze ifanele, ngumkhiqizi obhalisiwe ngokuhambisana neMtheth"
5972,156,0.1094,"Njengamalungu angabasunguli balesi sikhungo, sifaka isandla ekulungiseni uhlelo lwamazwe omhlaba lwamalungelo esintu. Uk",Izindaba Zempumelelo: Uhlelo Lokuphumelela Kujabulisa ukufunda izindaba ezinhle zempumelelo ezikhombisa umphakathi. Lokh
898,159,0.1094,"Njengalo kungaphoqelekile ukulethwa kwemibiko yezempilo ezimayini ngaphansi kwemithetho-mgomo, kuyisibopho sezimayini uk","Phambilini, sakhuluma ngezizinda eziphila ngaphansi komholo othile. Ukuze sakhe lezi zikhungo, sahlola umgomo ukuze sihl"
661,180,0.1094,"UMthethosisekelo uhlanganisa zonke izinkantolo, lapha singabala izinkantolo zendabuko, izinkantolo zasehlathini uma kuhu",Ukuze inkantho inikeze isikhathi sokubika omunye umuntu ukuthi kufanele abe khona ekulalelweni kwecala. Kungani kubalule
4875,7997,0.1094,Lokhu kuyasiza ikakhulukazi lapho isiguli singakwazi ukudla ukudla okuningi. Iziguli kufanele zikhunjuzwe ukuthi amafuth,"Imali Yokufunda: Uhlanga Oludinga Ukubhekwa Ngokuqinile Emhlabeni wanamuhla, ukufunda sekuyinto ebalulekile kakhulu empi"
2051,200,0.1094,Kanti ngifuna ukukuqinisekisa ukuthi imizamo yakho ngeke izitshwe noma inganakwa. Idolobha selamukele uhlelo lokusebenza,i ingase ikhiphe kumunye ilungu leBhodi amandla anikezwe kumhloli ngaphansi kwalomthetho noma kulomthetho; noma ii ivume
7630,8044,0.1094,"Ekukhumbuleni laba bafundi beminyaka edlule kunemiyalezo ehleli, leyo yokomela inkululeko nolwazi olutheleka nangamandla","Ngokuphila kwabo, uZanele nabezinye izintokazi zaphumelela, zashintsha umhlaba, zenza umphakathi waba yindawo engcono. U"
4162,7887,0.1094,I-HoD inesibopho sokuthuthukisa uhlelo lwesikhashana oluhunyushwa njalo ngonyaka lube uhlaka lokusebenza noma uhlaka lwe,Le mhlahlandlela ubhalwe ngenhloso yokuphila kahle nokuphepha kwabasebenzi eNingizimu Afrika. Akukhona ukujolisa ukushin
2613,200,0.1094,Okwesibili sibuyekeze izidingo zalabo abaphila negciwane sazibekela imigomo ecacile yokuthi sizobakhela izindlu ngokubam,i ingase ikhiphe kumunye ilungu leBhodi amandla anikezwe kumhloli ngaphansi kwalomthetho noma kulomthetho; noma ii ivume
2977,2353,0.1094,"Isigungu sezidluliselo kumele sifake izincomo zaso kuNgqongqoshe, umphathi womnyango kahulumeni wesifunda noma ilungu lo",Vumela abantu abafuna ukuhlola incwadi yokubhaliswa nokwenza ikhophi noma ingxenye yale ncwadi ngemuva kokukhokha imali 
546,5636,0.1094,Lingayisebenzisa indluzula iphoyisa ukuze lingene endaweni elifuna ukuyisesha? Lingayisebenzisa indluzula iphoyisa ukuze,"Lapho uthumela izikhumba ezimanzi noma ezomile nezicoco, ifomu lesicelo kumele liqinisekiswe udokotela wezokwelapha izil"
6126,4194,0.1094,a Ukulungiswa kwenombolo yomthethonkambiso 121.07.2 ibe nguMthethonkambiso 121.07.21. Ukufakwa koMthethonkambiso 135.03.,"ukwazisa mayelana nanoma yisiphi isaziso, incwadi noma enye inqubo ephathelene nezinhlinzeko zalo Mthetho, uchaza ukuvez"
7089,336,0.1094,Isigaba sokuphathwa kokufakelela sibhekene nokusungula iminikelo yokwahlukaniseka kwamabhrendi kanye nokuthengisa imikhi,Isinyathelo 6: Ukuxhumana Nomphakathi 1. Xhumana Nomphakathi: Qhubeka uxhumana nomphakathi ukuze ubazise ngempumelelo ya
4356,4015,0.1094,"Konke ukusika, ukusika isingcezu noma ukugaya inyama kufanele kuhlelwe ngendlela eqinisekisa inhlanzeko ngesikhathi soku",Ibhodi leMuni yaseBuhlebizwe lamukela lezi zinhlinzeko zomphakathi emhlanganweni walo ngomhla zingu-10 kuNdasa 2008 ngok
4216,2458,0.1094,"Ezikoleni zamabanga amancane, ababambi qhaza abakhulu ngokuphathelene nokuphatha kuhlanganisa abazali kanye nothisha. Le",Ubuqotho bakhe buphinde babonakale ngesikhathi seHarare Declaration esikhuluma ngaso futhi wayesekela lokhu. Lokhu kwaku
3727,3814,0.1094,Kungani uhlelo lwezomnotho lwalelizwe kusenzele abantu abaningi kangaka babe mpofu? Ukwehla kwezimilo kufana nendwangu e,"iFacebook - Umcimbi Wokuxhumana Nokuqukethwe Namuhla, iFacebook ibonakala njengesikhungo esibalulekile sokuxhumana emhla"
2220,4106,0.1094,Ukuphathwa kwalezi zigcawu ezintsha kuyodluliselwa kwiNhlangano Yamacebo Amasha Obuchwepheshe lapho seyibunjiwe. I-ICT i,"Ukuze lokhu kufezwe, iGEMS ibambisene nabahlinzeki bezempilo ukuze kuqinisekiswe ukuthi imvume iyavuma, futhi ulwazi olu"
1594,4106,0.1094,"Ukuze kulungiswe lokhu, amazwe kufanele ahlanganise ezolimo, ezempilo, ezemfundo ze-NEPAD kanye namakhono entuthuko, ama","Ukuze lokhu kufezwe, iGEMS ibambisene nabahlinzeki bezempilo ukuze kuqinisekiswe ukuthi imvume iyavuma, futhi ulwazi olu"
3898,4185,0.1094,"Ngifuna nje ukukusho lokho ngokuphelele, futhi ngifuna ukunifundela lokho iMantshi ekushoyo embikweni ewutholile, futhi ",Amawebhusayithi achazwa ngaphansi kwesigaba sokuhlela izindawo. Ukuze kusebenza kancane izinsiza ezingenakufinyelelwa ka
364,3786,0.1094,Indlela yokwenza yalandelwa ngesibalo esenyukile samaphoyisa lapho kwakukhona izimvimbamgwaqo. Emva kokubhekwa kwamagama,Lokhu kuzoba nenzuzo elungile kulwazi olunikeziwe nabantu ababamba iqhaza kulomkhakha. Izinsiza ezidingekayo zihlanganis
4080,3792,0.1094,Isiphathimandla esiphawulwe esigatshaneni 1 singedlulisa noma yiliphi igunya noma umsebenzi esinikwe wona ngaphansi kwal,Lezi zindlela zokuhlola zingahlanganiswa ezigabeni ezifanayo noma zixhunywe ezigabeni ezingafani. Amandla okwakha ubudle
3768,3797,0.1094,Imibandela yokuqashwa komuntu njengomabhalane ngokuyala kwesigatshana 1 ngenhla iyefana nemibandela yokusebenza esentshe,Sebenzisa ipeni emnyama noma eluhlaza okwesibhakabhaka ukuze ugcwalise ifomu lezi zinsiza futhi ugcine ukubhala kwakho n
279,3801,0.1094,"J.2 Umbiko wokuqala wonyaka, nohlonzwe esiqondisweni- III J.1, uyokwethulwa kwisishayamthetho esifanele ngokonyaka wezim",Umphakathi Wezokukhanyisa Kazwelonke (NER) usuku olude uqaphele isidingo sokusungula izinga lokuhlinzeka ngezinsizakalo 
2437,5889,0.1016,Ukugobeka kwesihloko. Izindawo ezibophayo ezikwazi ukugoba kancane zizovumela umshini ukuhamba emehlelweni ongu-14% - 30,"uLwandlekazi i-Indian Ocean ULwandlekazi i-Indian Ocean, olungamandla amakhulu, luhamba phambili njengomthombo wezimpilo"
3110,5893,0.1016,Kuthi kusenzeka kanjalo kube futhi kudwebeka isithombe esingesihle ngokusetshenziswa ngokungeyikho kwezinto ezingaba lus,"amaMamelodi Sundowns - Ingxoxo NgeMidlalo Nezinto Ezizayo Isingeniso Namuhla, sithokozisa ukuhamba phambili kokukhuluma "
4151,2193,0.1016,"Induna yomkhumbi kufanele kuthi ngazo zonke izikhathi ilawule umkhumbi , ngesikhathi umkhumbi unyakaziswa kanti ngeke in","Udaba lokuthuthukiswa kwemfundo, amakhono, kanye namabhizinisi amancane kudlalwe kakhulu engxoxweni yezezimali ethulwe n"
6210,2200,0.1016,"Ukukhetha izihloko eziphathelene nezimpilo zabafundi, ziphinde futhi zibafundise nokunye abangakwazi, Isib. Ukukhetha iz","Okwesibili, kukhona ukuhlinzeka ngezinsiza ezanele zokuphatha imfucuza. Ukushintsha izikhungo zokuhlunga ukuze kube nzim"
5257,2200,0.1016,"Ngenxa yohlobo loluchwepheshe bezigubhu zogesi okhokhelwa kuqala, kubalulekile ukuba abathengi bakwazi ukufinyelela esik","Okwesibili, kukhona ukuhlinzeka ngezinsiza ezanele zokuphatha imfucuza. Ukushintsha izikhungo zokuhlunga ukuze kube nzim"
144,2328,0.1016,"Nkosi, amaKhosi ahloniphekile, iziMeya, amaKhansela, iziNduna, amaLungu ePhalamende, abasebenzi bemiNyango kaHulumeni ey","Lokhu kuholela ekwakhiweni kwemisebenzi, ukwandiswa kwezokuhweba, kanye nezinsiza ezithuthukayo. Ngaphezu kwalokho, ezok"
7973,5578,0.1016,Izinkonzo zokuhlenga zinikezwa abantu abakhubazekile ukuze bakwazi ukuzisiza ukufinyelela izinga lokuthi bakwazi ukusebe,"Izinga Lemfundo Ezikoleni Zikahulumeni: Umqondo Wami Ezweni lethu, imfundo ibaluleke kakhulu. Izingane zethu zikhula zif"
650,5664,0.1016,Izikhundla zomdabu ngaphansi kwesakhiwo sobukhosi ziyingxenye yalowo mphakathi ongaphansi kwenkosi. Ngaphezu kokusiza im,"Ngaphezu kwalokho, umkhankaso we-Fees Must Fall ube nomthelela omkhulu ekwakheni umqondo wokuzimela phakathi kwabafundi."
3516,2319,0.1016,INingizimu Afrika ithatha izinyathelo zokwezwa okufanele. Izizathu eziyi-10 zokuthi kungani MANJE sekuyisikhathi sokuyoh,Ngihlose ukufaka malini umanyolo futhi kwaba yini umphumela? Yiziphi izinyathelo engizithathayo ukuphatha izilokazane ne
3669,2319,0.1016,"Ngokushesha, njalo emuva kokuphela kwenyanga, uKhomishani kufanele abonisane neBhodi... Ilunga leBhodi noma lekomiti eli",Ngihlose ukufaka malini umanyolo futhi kwaba yini umphumela? Yiziphi izinyathelo engizithathayo ukuphatha izilokazane ne
5336,7073,0.1016,Kuthinta amanani entengo kagesi: Ukulahleka kwemali engenayo ekulahlekeni kwentengiso kusho ukuthi lokhu kushoda kudinge,"Ubulili bezingane buhlose noma iyiphi isenzo noma ukungasebenzi okulimaza impilo yomzimba, yemizwa, noma yokuthuthuka kw"
4313,7079,0.1016,"Noma yikuphi okuqhubekayo okuqubuke ngemuva kokusebenza koMthetho wokuChibiyela ezokuPhatha ka 1929 Umthetho 9 ka 1929, ","Esontweni elidlulelwe, sasiMseleni, lapho saphinde saqala umkhankaso wokulwa nomonakalo oshiywe yi-apartheid ngokwethula"
6765,7116,0.1016,"esimweni sokwaphulwa kwalesi sigaba iSikhulu Esigunyaziwe, emva kokuba lowo muntu owephule umthetho ehluleka ukulandela ",Uhulumeni bendawo udlala indima ebalulekile ezinhlelweni zokuthuthukisa lapha eNingizimu Afrika. Uhlelo lokushintsha oku
218,1106,0.1016,Ingqubomgomo yezokulawula izindaba ezihlobene nezinhlelo zokwehlisa ubuphofu kanye neyemisebenzi yokuthuthukisa ezenhlal,Akukwazi ukusho ukuthi wonke amaphutha atholakala ezitshalweni awanobungozi. Ayingxenye yamaphutha alethela izifo ezitsh
7288,2432,0.1016,"Photos: Isembeso somhlabathi: Lokhu kuyinhlanganiso kwezinhlanga, amakhasi nomhlabathi othambile okubekwa eduze nezitsha","Ngemuva kwalokho, umthelela wokucishwa kukagesi emabhizinisini amancane akukhona nje kuphela ezinzima ezisemqoka, kodwa "
7118,6959,0.1016,"a kulowo muntu obhalisiwe, noma b uma lowo muntu obhalisiwe engekho , sibhekise kumuntu ophethe leyo ndawo ebhalisiwe. c","Izidingo ezivamile ezifana nezitifiketi zokushayela, izitifiketi zemfundo, nokuhlolwa kwezempilo zengqondo azisebenzi ku"
1897,3291,0.1016,"Ama""Activity Spines"" ajwayele ukubizwa ngama""Corridors"" entuthuko, kanti avame ukuba emigwaqeni emikhulu esuka noma eya ","Lokhu kufaka izinyathelo ezinzima kanti akusizi ukwenziwa ngezwi elijulile. Ukunciphisa lezi zinkinga, kudinga ukuthi si"
4490,3300,0.1016,"Ngale kwalokhu, uma ngabe lelo rekhodi lingabhaliwe ephepheni lingabonwa ngaleyo ndlela elicelwe ngayo, uma kwenzeka. Um","Ukugcina, ukuhlola, ukusebenzisa, ukulahla, ukuhlukanisa, noma ukuhlinzeka noma ukuchitha noma yiluphi uhlobo lwegazi el"
4458,3300,0.1016,Lowo ofake isicelo kufanele akhombise ukuthi ucela umfanekiso noma ikhophi yalelo rekhodi noma ufuna ukuza azozibonela l,"Ukugcina, ukuhlola, ukusebenzisa, ukulahla, ukuhlukanisa, noma ukuhlinzeka noma ukuchitha noma yiluphi uhlobo lwegazi el"
3134,725,0.1016,"Umxhaso lwendlu kumuntu oyedwa, yigranti kahulumeni enikezwa umuntu siqu ofuna ukuba nobunikazi besitende esinamasevisi ",Khuluma ulimi lwakho. Kuyilungelo lakho. Yisiphi isevisi ethuthukisiwe? I-TISSA inikeza izinsizakalo zokuhumusha ngocing
6210,760,0.1016,"Ukukhetha izihloko eziphathelene nezimpilo zabafundi, ziphinde futhi zibafundise nokunye abangakwazi, Isib. Ukukhetha iz","Lokhu kufanele kuhlanganise nemininingwane yakho, izincwadi ezisemthethweni, kanye nezincwadi zokuxhasa. Ngemuva kwalokh"
1897,760,0.1016,"Ama""Activity Spines"" ajwayele ukubizwa ngama""Corridors"" entuthuko, kanti avame ukuba emigwaqeni emikhulu esuka noma eya ","Lokhu kufanele kuhlanganise nemininingwane yakho, izincwadi ezisemthethweni, kanye nezincwadi zokuxhasa. Ngemuva kwalokh"
3913,7661,0.1016,"Ukwenza eminye imisebenzi enjalo njengoba ijutshwa uNgqongqoshe, uMkhandlu Wezimpawu, iKomiti leziMpawu ngokuhambisana n",Sizodinga futhi ukusebenza ngokubambisana nezinye izigaba ukuze sinciphise ukusabalala kwezifo ngenxa yezimo zomphakathi
6812,683,0.1016,"UMthetho weCala lika Hulumeni we-1957 UMthetho weno-. 20 we-1957 uyasebenza, ngoshintsho oludingwa yilokho okuqukethwe, ","Ngaphezu kwalokho, umthetho ubhekisela ekuvikelweni kokudluliswa kwebhizinisi le-SARS lapho lokhu kungase kube kubalulek"
8009,5158,0.1016,"Ngokwemigomo yeSimemezelo sama-26 sika 26 kuNhlaba, 2001, ukusetshenziswa kwalo Mthetho kunikezwe uNgqongqoshe wezoBulun","Umbiko owaziwa njenge- Wealth Report 2006 ubonisa ukuthi isifunda saseMelika seMnyango Wezempilo Womhlaba, esinama-10% e"
5248,2985,0.1016,"Ukuphendula umbuzo wobikayo, uMnu Sun wathi ngoLwesithathu ukurekhoda okwandulelayo kwakuyisinqumo esathathwa ngokuhlang","Umhlaba Wokwazi Ngolunye usuku, uSipho, umfana owayenothando olukhulu ngezinto eziphilayo, wanquma ukuya emkhakheni wezo"
3022,1701,0.1016,"Kumele ube namalungu, ukwazi ukuveza ubufakazi bokuthi ujwayele ukubamba imihlangano yamalungu noma ukulungele ukuba nom",Kubalulekile ukuqaphela ukuthi nakuba amaBhodi amasha eParole azokwenza izicelo ezivela ezikhungweni ezahlukene zabanjwa
3226,5087,0.1016,Kuyiqiniso elingephikwe ukuthi isifo sengculazi singezinye zezinselelo ezinqala ezibhekene nabantu bakithi. Kweminye imi,"Izinselelo zokusebenza kwezitimela zakwa-Transnet Freight Rail Ngaphandle kokungabaza, u-Transnet Freight Rail (TFR) udl"
1412,159,0.1016,Imiphumela yokucwaningwa kwamabhuku ayitholakalanga kwaze kwahamba isikhathi ku-2007. Nakuba lokhu kumele kube yinto eva,"Phambilini, sakhuluma ngezizinda eziphila ngaphansi komholo othile. Ukuze sakhe lezi zikhungo, sahlola umgomo ukuze sihl"
472,1807,0.1016,Imvume yokuqhuba ibhizinisi lomsebenzi wezimayini yidokhumende ekhishwa ngaboMnyango wezamaMinerali ne-Eneji okuyiwona o,UMholi Wokusebenza Kwezimali uqinisekisa ukuthi amalungu eNdlu enza imisebenzi yawo yephalamende. Iningi lomsebenzi we-N
2354,2994,0.1016,"Ukukhululwa ekulandeleni umthetho kusho ukukhululwa kuzimiselo ezithize zoMthetho, imithethozimiso, izaziso noma imiyalo",Ukuveza kufanele kukhuthazwe. Ukusungulwa kokuphathwa kwezinsiza zabantu okuhle nezindlela zokuthuthukisa ubuchwepheshe.
4142,3002,0.1016,"Inhloso yomngenela kuwo wonke amazinga wukufinyelela ezingeni elifunekayo lomsebenzi wenhlalo. Noma kunjalo, kukhona ley","Kukhona isisho esivela kwezinye izilimi zomdabu esithi: ""Ithambo alakhi indlu."" Ulwazi lwethu embonini ye-taxi lukhombis"
3153,3009,0.1016,U Ngqongqoshe ngokwazisa kwi Phephandaba likahulumeniangamema izicelo zokusabalala nezamalungelo okukhiqiza ngokwe bhulo,Futhi kumele uhlale ukhumbula ukuthi ungowodwa owaziyo ukuthi iyiphi iphathi oyisekelayo - ukuvota kwakho kuyimfihlo emp
3027,1722,0.1016,"noMkhandlu Kazwelonke Wezifundazwe (owaziwa ngokuthi yi-NCOP), onamalungu okungenani angama-90. UMthethosisekelo ubalula",Lo mthetho uhambisana nelungelo leMthethosisekelo elikhulunywa esigabeni 32 seBill of Rights seMthethosisekelo futhi kum
3208,178,0.1016,"Kungenzeka kube nomkhiqizo ongaphezulu kowodwa kuhlolo oluthize. Imikhiqizo ecwaningwayo kungenzeka kube yimithi, imijov","Isibonelo, emakhaya nabantu abaningi, izinsizakalo zokuhlinzeka ngempilo ziba munye nalesi sikhathi. Lokhu kubalulekile "
1237,7941,0.1016,Kodwa kuyincwadi evela kuMphathi Omkhulu Wenkantolo Ephakeme evumela abathrasthiyi ukuphatha ithrasthi elithile. Futhi k,Lokhu kusebenza ezikhungweni zikahulumeni ezingeni lesifunda nasezwenikazi. Inqubo yokusebenza komsebenzi ophakanyisiwe 
3340,8023,0.1016,Lesi sibopho sibandakanya uhlaka lwezinhlelo zentuthuko edidiyele omasipala bonke abakhele umasipala wesifunda. Umthetho,"Futhi, ukufuna izeluleko kubafundisi noma kubangani kungasiza ekutholeni izindlela ezintsha zokufunda. Umbuzo 4: Yini eb"
1593,2480,0.1016,Inhloso yenqubo yokuphatha izigodi zemvula okusho ukuthi amanzi azonikezelwa kanjani (azohlukaniswa kanjani) ngaphakathi,Ikhompiyutha yokuphatha yasungulwa ukuze ibhale idokhumenti ezophakamisa inqubo engasetshenziswa ukuze kusungulwe imboni
623,1776,0.1016,Nginethemba lokuthi ohulumeni nabantu bomhlaba ngokuzonda ububi bobandlululo nokubona ukhukhulelangoqo obangwa wubandlul,"Ukuhamba kwezingane ezindaweni eziphezulu kumiphakathi, ezithokozisayo, kumele kwenze kucace ukuthi ziningi izinzuzo ezi"
3619,1776,0.1016,"""Namuhla ngingumuntu obongayo othokozayo. Ngibonga uNkulunkulu ngoba nguye owangipha lolu thando lokulima."" Lawa ngamazw","Ukuhamba kwezingane ezindaweni eziphezulu kumiphakathi, ezithokozisayo, kumele kwenze kucace ukuthi ziningi izinzuzo ezi"
5327,1776,0.1016,"Uma kwenzeka kuba nezinto engingazisho noma izinto ezingamelekanga kahle, ngiyazi ukuthi ubulunga bami bunganqanyulwa fu","Ukuhamba kwezingane ezindaweni eziphezulu kumiphakathi, ezithokozisayo, kumele kwenze kucace ukuthi ziningi izinzuzo ezi"
5853,1567,0.1016,"Ngemuva kokuthola isicelo esibhaliwe nesiphathelene nomsebenzi ovame ukwethulwa ngumphakeli kagesi, umphakeli kufanele a",Ukwakhiwa kweMali Yokuhlinzekwa Ngemali Yokungasebenzi; ukuhlinzeka ngosizo lwezezimali kubantu abathile abangasebenzi k
3360,6595,0.1016,Lapha-ke umbhali uzojeqeza emuva aneke imibono yakhe ngobandlululo. Engxoxweni yakhe uzoveza amaphutha awabona enzeka ma,"Ngokubandakanya intsha, sithola izindlela ezintsha zokubhekana nezinkinga. Abantu abasha banamakhono amasha, ubuchwephes"
2359,6638,0.1016,"Nokho akusiyo inhloso ngempela, abaningi abakhiqizi bakhetha ukuhlala epulazini baphathe ibhizinisi labo lokulima ngoba ","Izinselelo zomthetho we-Electoral Amendment Act Umxoxisi: Sawubona, ngiyabonga ngokungivumela ukuba ngibe lapha namuhla."
738,6481,0.1016,"Ngibhalise eNyuvesi yaseDurban-Westville ngenza iziqu ze-Bachelor of Science, ngigxile kakhulu ku-Mathematics nakuPhysic","Ukwelashwa - Abantu abathintekayo bathole usizo lwezempilo, futhi izikhungo zezempilo ziqinisekisile ukuthi banikezwa uk"
3935,6502,0.1016,ngenkathi egunyaza ukuthuthukiswa komhlaba ngaphandle. ekugunyazeni ukuthi izimiso zokuvunyea ziyahlangabezana nokudayis,"Isahluko 1: Ukungena KuloMhlaba Wamanzi Ulwandle, indawo enezimfihlo eziningi, luhlaza ngempilo. Lapha, abantu bahlala b"
691,1578,0.1016,"Uma umuntu ephathwa imfiva, ikhanda, ukuqunjelwa yisisu, efuna ukubuyisa noma ekhishwa yisisu kumele aphuthunyiswe kudok","Uma uhlela ukuthengisa izinkomo zakho emakethe, zibuze lo mbuzo: Kungani ngifuna ukuthengisa izinkomo zami kulolu suku? "
738,1649,0.1016,"Ngibhalise eNyuvesi yaseDurban-Westville ngenza iziqu ze-Bachelor of Science, ngigxile kakhulu ku-Mathematics nakuPhysic","Yini ukuhlela umphakathi? Lokhu kuyindlela elula, lapho indawo eqashwayo ihlukaniswa yaba izingxenye ezincane ezilula uk"
4683,788,0.1016,Abasebenzi kulumkhakha badinga ukusizwa ukuze kuqinisekiswe ukuPhepha eziMayini kanti sekuqalwe imikhankaso eyehluka hlu,"Ngaphezu kwalokho, umnotho ungase uphinde ube nezinhlupheko ngenxa yokuncipha kokuthengiswa kwezimpahla. Lokhu kuthinta "
1932,796,0.1016,Leli fomu likuvumela ukuba ubike amaphutha owabonayo emkhandlwini. Ukuqala ukusebenzisa umthetho kazwelonke ukuvikela uk,"Qhubeka ubeke izinyathelo ezinhle, futhi uzoshayela esigabeni esisha. Ngakho-ke, masiqhubeke sizilungiselelwa. Noma ngab"
5187,819,0.1016,"Umkhakha obhekelele isimo sabesifazane ngesikhathi sokukhulelwa ubambe iqhaza elibonakalayo kwezempilo, nokuyiwona oqagu","Ukungondleki Ezinganeni: Inkinga Ekhathazayo Ukungondleki ezinganeni kuyinkinga ethinta umphakathi wethu kakhulu, ikakhu"
2569,6516,0.1016,"ngokuphoqelela nokuqapha ukuphoqelelwa kwamapulani okulingana, izindlela zokuziphatha namasu okulungisa ezithuthukiswe y",Izivumelwano Zokufinyelela Kosonkontileka Besithathu: Ukuthuthukisa Ukusebenza Kwezimali Zomphakathi Ngokuhamba kwesikha
6746,1693,0.1016,"Eminyakeni yethu eyishumi yokuqala njengohulumeni wentando yeningi, sabhekisa amandla ethu kanye nemizamo yethu yokuhamb","Abasebenzi kufanele baqonde ukuthi iziteleka zingaholela ekuphumeleleni, kodwa zidinga ukuxhumana okuhle ukuze zibe nemp"
6305,842,0.1016,Nokwakha iNingizimu Afrika ebuswa ngentando yeningi nebumbene futhi ezokwazi ukubamba iqhaza layo elifanele njengombuso ,"Lokhu kudala ukucindezeleka, futhi abanye bangase baphinde baphumele ngaphandle kwemali abayifanele. Ngakho-ke, kubalule"
6774,876,0.1016,Ngaphandle kokuhlobana kohlelo lwentuthuko edidiyele emiphumeleni yentuthuko ehambisana kakhulu nezinhloso zomthethosise,"Ngoba ufuna ukukshowa kulabo abazokusiza ukuthi unamandla nezakhono zokukhiqiza, futhi ukuthi kukhona abanye abalimi noc"
2774,887,0.1016,Lokhu kwenza ukuba ingane ikwazi ukucindezela ulimi kanye nedami kuthintane nethambo kanti futhi ngokwenza njalo bese ik,"Ngenxa yesigaba 7, ""indaba yokusetshenziswa komhlaba"" kusho indaba ephathelene nezinguquko ekusetshenzisweni kwanoma yil"
711,7562,0.1016,Uma izinto zingeke zidayiswe ngokwesigatshana (3) iSikhulu Esigunyaziwe okuyisona esengamele indawo yokugcina impahla si,"Ngaphezu kwalokho, kufanele sikhumbule ukuthi izithombe nemidwebo zidinga ukuhamba phambili nempilo yethu. Lokhu kusho u"
4632,7810,0.1016,Abasebenzi banelungelo lokufaka izikhalo kwiKhomishana yeZikhalo kwiSifundazwe ngamazinga abaziswe ngawo engakapheli ama,Uma ukusetshenziswa kwamanzi kungahlanganisiwe ezidingweni zokubhaliswa ngokuhambisana nesaziso esikhishwe ngaphansi kwe
3725,3377,0.1016,Amakhompiyutha asenikezelwe kumakhansela okukanye emahhovisi noma emakhaya awo. U-Sector One wahanjelwa khona uzosabalal,"b imibono nezinto ezikhethwa yizingane kufanele zicatshangelwe ngokuhambisana nobudala bazo, ubukhulu, nesigaba sokuthut"
650,3388,0.1016,Izikhundla zomdabu ngaphansi kwesakhiwo sobukhosi ziyingxenye yalowo mphakathi ongaphansi kwenkosi. Ngaphezu kokusiza im,"Uma umuntu enza iphutha, kungaholela ezinkingeni ezinjengokuhlinzekwa kwezinsizakalo zokwelashwa okungakuhle, ukungafune"
8001,2085,0.1016,"Bhala ephepheni izinyathelo ozitholile. (ngenxa yesinyathelo sokufuna imibono ehlukene, lesenzo asinayo indlela eyodwa y","Uma bonke bebandakanyeka, sizokwazi ukwakha isisekelo esiqinile semfundo ezikoleni zikahulumeni. Ngokuphetha, izinga lem"
1749,2575,0.1016,"Lolu hlelo lufaka ukuklonyeliswa kwamabhonasi okwenziwa komsebenzi, okuhambisana nezilinganiso njengalokhu zibekiwe endi","Ngokuhambisana nezidingo zomphakathi, uHulumeni kufanele abheke phambili, abe nesibopho sokwakha ikusasa eliqhakazile. U"
5450,2510,0.1016,"Ngesikhathi-ke beqhubeka bexoxisana nabanikazi bolimi lolo, bazobona ukuthi ukwazi izilimi eziningi lokhu kuyakusiza wen","Ngomhla kaMeyi 17, ezinye izikole zaqala ukukhuthaza iziteleka, zicela ukuvalwa kwesiAfrikaans njengendlela yokufundisa."
6798,2553,0.1016,"LoMthetho uzakubizwa ngoMthetho woMshwayilense wabangasebenzi ka 2001, kanti uyakuqala ukusebenza ngosuku oluyomiswa ngu","Ngaphezu kwalokho, umthetho ubhekana nokuvikeleka okuhlobene nokudluliswa kwebhizinisi le-SARS lapho lokhu kungase kube "
7310,5718,0.1016,"Zini izinhlelo ezifana nalezi esesiziqalile esifundazweni sethu. Ngikhuluma nje sinezinhlelo ezifanayo kwaHlabisa, eMang","Ngaphandle kokukhumbula, sikhumbula ukuthinta kwethu. Imininingwane ibonakala, izinhlelo zingavela uma abanye bephila. N"
2491,2093,0.1016,"a Emuva kokubhekisisa izimpikiswano neziphakamiso lezo uma zikhona ezitholakale ngokwesigatsana 2, uNgqongqoshe wezoHweb","Inhloso eyinhloko igcizelela ukuxhumana okungaphazamiseki phakathi kwemikhawulo yamasiko, ezilimini, kanye nezinkolo nga"
8,5520,0.1016,Ephakamisa isincomo sokungenziwa ukulungisa kulandela uphenyo lwangaphambili oluqaliswe yiHhovisi ngezigameko zokunganel,"Ungabika ezinye izikhalazo eziphathelene nokuhlolwa kwezimpande noma izingxabano ezihlobene nokwaziswa kwezimpande, kodw"
7027,2075,0.1016,"Uqale ngomhlabathi - wase walima waphinda wakhetha isitshalo ofuna ukusitshala, waphinda wakhetha uhlobo lwaleso sitshal",Izimo ezibalulekile zomthetho zichazwe kule mthetho. b 'Ukubhida' kubhekisela esicelweni esibhaliwe ngendlela ethile nom
3723,1084,0.1016,Nginethemba elikhulu lokuthi leli qoqo lamabhukwana ashicilelwe liyoba wumhlahlandlela owusizo nomthombo wolwazi oluyoni,"Lokhu kudala imiphumela emibi, efana nezinkinga zempilo, ukungabi nendawo yokuhlala, kanye nezinkinga zokuphila. Izikhuk"
7936,4710,0.1016,"Ukuhlolwa kwezindlela ezine ezahlukene kwizimo zokuhlola inkangala e-Highland Sourveld, njengethuluzi lokwandisa isifund",Lo mbhalo uveza ukuthi umthetho weziMvelo Zasendle eNingizimu Afrika we-1998 uhlose ukukhuthaza ukusetshenziswa okungaph
1021,4729,0.1016,iv. Ukwehlukana kwabantu: Indlela okuhlelwe ngayo isakhiwo seqhaza lomphakathi kumele sihlinzekele ukwehlukana okukhona ,"Inhlangano yethu ifuna ukuthi ulandele indlela efanele yokuziphatha endaweni yokusebenza! Ngokwenqaba ukukopela, ukweba,"
740,7035,0.1016,"Ikomiti kufanele lixoxe nganoma yisiphi isehlakalo esiholela ekulimaleni, ukugula noma ukufa kwanoma yimuphi umsebenzi f","UNgqongqoshe WezeMali umemezela iziphakamiso zebhajethi zonyaka wezezimali olandelayo, kanye nezivote zebhajethi zazo zo"
4458,5193,0.1016,Lowo ofake isicelo kufanele akhombise ukuthi ucela umfanekiso noma ikhophi yalelo rekhodi noma ufuna ukuza azozibonela l,Izinkampani ezikhiqiza ugesi nazo kufanele zikhuthazwe ukuthi zisebenzise izindlela ezintsha zokubhekana nokushoda kukag
6298,5193,0.1016,"Vuna izikhwebu ezingu-300 noma ngaphezulu. Izikhwebu zifanele ziqobolondwe, zomiswe zibekwe endaweni efaneleile (indawo ",Izinkampani ezikhiqiza ugesi nazo kufanele zikhuthazwe ukuthi zisebenzise izindlela ezintsha zokubhekana nokushoda kukag
5783,5212,0.1016,Ithuluzi lokuhlola ukwenziwa komsebenzi kwezisebenzi ezingesiwo amalungu e-SMS (amazinga eholo asuka kwelo-1 kuya kwele-,"Ukuze uthumele izivakashi zezimali ezibhalisiwe ukuze zisetshenziswe ezilwaneni, kufanele ube ne-permit yokungenisa evel"
6188,1435,0.1016,"""Imfucuza"" isho noma iyiphi into, kungaba okuyigesi, okuluketshezi noma okuqinile noma yikuphi okuyinhlanganisela yalokh","Imiklomelo Nokuqashelwa Kwabasebenzi: Ukuhlola Umthelela Wokuhlonishwa Emsebenzini Emhlabeni wanamuhla, lapho umnotho us"
2338,4997,0.1016,"Lokhu kuyingqayizivele yokwenza izinto ngobuciko kwi-systematic ichthyology. Angazi noma lokhu kuyiqiniso, kodwa uzwile ",Sebenzisa ipeni emnyama noma eluhlaza okwesibhakabhaka ukuze ugcwalise ifomu lezintela futhi ugcine ukubhala kwakho ngap
1867,1853,0.1016,"Okulandelayo, bese). Ukusebenzisa izandiso ngendlela efanele emshweni (isib. Ugeza emfuleni). UKWAKHIWA NOKUSETSHENZISWA","Izinsizakalo Zezimo Eziphuthumayo Ngemva Kwezimali Zamaholide Ngaphambi kokuhlola izinsizakalo zezimo eziphuthumayo, kub"
1608,5219,0.1016,Ukungeniswa ngokusemthethweni kwesitatimende esibukeziwe sohlelo lwezifundo ezingeni eliyisisekelo kuhlelelwe ukuqala ng,Umbuzo: Yini okubalulekile ukuyazi ngempilo e-Sahara? Impendulo: Impilo eSahara ibalulekile emhlabeni jikelele. Ithinta 
4490,5221,0.1016,"Ngale kwalokhu, uma ngabe lelo rekhodi lingabhaliwe ephepheni lingabonwa ngaleyo ndlela elicelwe ngayo, uma kwenzeka. Um","Ngokwesibonelo, uma umphakathi uthola ukuthi izinsiza ezifana namanzi, ugesi, noma imfundo azitholakali ngendlela efanel"
5831,5237,0.1016,izidingo zabantu eziyisisekelo: izinga lamanzi eliyisisekelo elidingwa umuntu ngamunye. izakhiwo zokulawula: izakhiwo kw,"Singasho nokuthi, ngethuba elikhethekile, izinto eziningi zohlelo lwethu lokwakha umthethonqubo zihlolwe phakathi nalesi"
2287,5238,0.1016,Neziguli zinamalungelo belu! GOMASHI 21 sizobe sigubha usuku lwamalungelo esintu. Yilanga elibaluleke kabi emlandweni we,Imiphumela Yokungondleki Imiphumela yokungondleki ingaba mibi kakhulu. Izingane ezingondleki ziba nezigameko eziningi ez
3482,5178,0.1016,"Ngakho-ke, iNingizimu Afrika inquma ukuzihlangnaisa neqembu lamazwe afuna ukuqongelela imali ethe xaxa emithonjeni enobu",Lezi zichazamazwi ezandulele (kokubili ngokomthetho waseNingizimu Afrika kanye nomthetho wamazwe omhlaba) zibhekisela ku
1716,5192,0.1016,Ukusebenzisa ngendlela imali ekhona yiyona ndlela KUPHELA. Ngaphandle kwezindlela zokunciphisa izindleko ezigunyazwe yiK,Yiziphi izenzo zokulima ozama ukuzibandakanya kuzo? Kungase kube nezizathu eziningi ezikukhuthazayo ukuba ulime le ndawo
4536,4281,0.1016,"Uma ubonisa ukuthi ungathenjwa, abanye bazizwa bekhululekile ukutshela ngezinhlungu zabo, izimfihlo kanye nokuzimisela. ","Umxhumanisi: Uxoxe ngezinkinga ezikhona. UDokotela Ngcobo, kungani omasipala bezokwelapha behluleka ukuthola imithi eyan"
7053,4287,0.1016,"Ezingeni lezisebenzi, isisebenzi ngasinye senza isivumelwano sokwenziwa komsebenzi ngokuhlanganyela nenduna yaso. Uhlaka",Ezokwakhiwa Kwengqalasizinda: Umgomo Wokuthuthukisa Izwe Ezokwakhiwa kwengqalasizinda ziwumgomo obalulekile emhlabeni wa
1677,4255,0.1016,"Njengoba kuke kwafakazeleka ezintuthukweni ezahlukene ezinyangeni ezimbalwa ezedlule, iNingizimu Afrika izosebenzisa ilu",Akukwazi ukusho ukuthi zonke izilokazane ezivame ukutholakala ezitshalweni azinabungozi. Ziyingxenye yezilokazane ezilet
5067,3850,0.1016,Imvume yesihlobo inikezwa umuntu wangaphandle oyilunga lomndeni oseduzane wesakhamuzi noma ohlala eNingizimu Afrika unom,"Umbiko: Ukushoda Kwamithi Ezibhedlela Isingeniso Ukushoda kwemithi ezibhedlela sekuyinkinga enkulu emhlabeni, ikakhuluka"
3191,2892,0.1016,C.4.7. Samukela iqhaza lokuziveza kuqeqesho oluqhubekayo nasekuthuthukiseni umsebenzi waso. C.4.8. Sithembekile futhi si,Ucabanga ukuthi kungenzeka kanjani ukuhlinzeka ngezinsiza ezidingekayo emiphakathini enezinselelo? Mnu. Mthembu: Kukhona
5145,1849,0.1016,"Empeleni, sikwazile ukudlula phakathi kwezinxushunxushu ezinkulu, futhi eqophelelweni ngalinye kule ndlela, kuye kwading","Ngakho-ke, izikhungo kufanele zibe nezinhlaka ezihlanganisa isiNgisi, ukuze abafundi bakwazi ukuhamba phambili ezingeni "
1064,3128,0.1016,"Ekusungulweni kwe-NER(Umlawuli kagesi ezingeni lika Zwelonke) ngoMbasa enyakeni ka-1995, I-NER yazibophezela ekwenyuseni",Ukubhaliswa Kweziguli Ezibhedlela: Ukuhlola Ngaphandle Kweqhinga Ukubhaliswa kweziguli ezibhedlela kuyinqubo ebalulekile
4056,5029,0.1016,Umsebenzi womtapolwazi uNcumisa Mpayipeli uhlela izithangami zemibukiso yevidiyo nokuxoxwa kwezindaba njalo ngesonto. Am,"Izindatshana Zokubuyekezwa: Ezokusakaza Ezokusakaza, okuyindlela yokuhambisa ulwazi, ubuciko nemidlalo emkhakheni wezoku"
1662,5046,0.1016,"Kukhona izinhlobo ezingakanani zommbila oneBt? Kukhona izinhlobonhlobo zamabhastela aneBt, ezinye zikwazi ukuvimba isilo","Ukuze kube nokuxhumana okuphumelelayo, kudingeka ukuthi kube nezindlela ezicacile zokwabelana ngemininingwane. Lokhu kun"
1823,5062,0.1016,"Kwabe sekwenziwa isincomo sokuthi kusungulwe i MHSI, eyabe izokugxila kuzindaba zezempilo nokuphepha ezimayini. Lezi zik","Abantu abaningi baphendula ngokunciphisa izindleko zabo, okungaholela ekwehleni kokuthengwa kwezimpahla. Lokhu kubangela"
2271,4483,0.1016,"Kubo bonke abantu, kuyo yonke imikhakha, siye sayiguqula iNingizimu Afrika. Eqinisweni kulowo mdlalo ngangihlezi kwi-VIP","Njengoba i-maize ibiza imali eningi ukufaka, kuvame ukuthatha umzamo omningi ukubulala nokuphatha izifo ngezinto zokwakh"
1031,7311,0.1016,Ukuhlinzeka ngohambo olugadiwe oluya eCedara lwezingane zesikole kanye namaqembu anentshisekelo kwezolimo. Kuyinjabulo k,"Le skhulu inezinhlangano eziningi ze-string orchestras, kanye ne-brass orchestras. Izikhala zokucwaninga ngezifo kumele "
5370,3567,0.1016,"Sakwazi onyakeni odlule ukuphothula izingxoxo ne-Nyunyana yaseYurophu ngobambiswano lwethu olunesu, futhi siyethemba uku",I-Commission yeZinsizakalo Zomphakathi (PSC) iyisikhungo somphakathi esizimele esisungulwe ngaphansi kweSigaba 196 soMth
15,7377,0.1016,Isixuku sihlangane lapho futhi ngama lapho eduze kwesixuku. Abanikazi bezitolo abangamaNdiya sebebenamabhizinisi lapho i,"Lapho befika emkhakheni wombhoxo, bamtshela ukuthi bafuna ukwenza uthando naye njengoba behambe naye ibanga elide. Asiza"
7917,4518,0.1016,"i izimo ezikhona zezimakethe, umfutho wazo kanye nesidingo sokuba nale mvume yokugcina amaminerali kanye nomhlaba okukhu",Ngicabanga ukuthi zizoqinisekisa ukuthi abantu bazi kahle ukuthi basebenzisa malini ugesi. Lokhu kuzokwenza kube lula uk
7758,4522,0.1016,Ngabe ukuhlolile ukuqonda kwamasondo nokuzinza? Ngabe uwashintshanisile amasondo akho ngemuva kokuhamba amakhilomitha ay,"Ukufuduka Kwabantu Emakhaya Baya Emadolobheni Ekuqaleni, emakhaya amancane aseNingizimu Afrika, abantu babenokuphila oku"
14,4524,0.1016,"UPhapha Benedict XVI wezwakalisa izwi lokudangala udlame e-Iraq wachaza leliya lizwe and described the country as ""njeng","Ukuze ubambisane, ungaba neqhaza emiphakathini, ube yingxenye yomsebenzi wokwakha umphakathi, noma uxhumane nabanye ukuz"
1711,4532,0.1016,Ukuhlinzeka ngokwesekwa kwezokuphatha lukahulumeni emiphakathini. Ukuhlinzekela ubudlelwane obuSimeme phakathi komasipal,"Ingxenye 24 ibhala: ""Wonke umuntu unelungelo lokuba nendawo engalimazi impilo yabo noma inhlalakahle yabo, ukuze benze i"
2502,4452,0.1016,Ngicabanga ukuthi uDkt Klatzow naye angathanda ukubuza imibuzo embalwa. Iphethini elandelwayo akumele ichazwe ngezizathu,"Abanye baphawula ukuthi kunzima ukuthola izimpendulo ezifanele ezivela ezinkampanini, okwenza kube nzima ukuhlela izinsi"
7009,1224,0.1016,Ukuhlelwa kufanele kwenziwe kusenesikhathi ukuze kwenziwe uhlelo olubhekisisiwe lwebhizinisi nokuqondanisa nabantu abang,"Kube nokudideka okuningi mayelana namagama wemithi, ikakhulukazi ezinsukwini zakamuva, ikakhulukazi mayelana namagama ez"
7882,4838,0.1016,UMthetho-sivivinywa washicilelwa wakhishelwa ukuthi umphakathi uphawule ngawo isikhathi esiyizinyanga ezintathu kusukela,"Ubuye ucacise ukuthi umzimba ophatha isikole somphakathi ungakhetha uhlelo lwezilimi ngokulandela umthethosisekelo, lo m"
4921,4813,0.1016,a Ikhansela likamasipala nomkhadlu dolobha noma umasipala wesifunda uzoba negunya lokuphatha kanye nelomthetho kuzinsiza,ukwenza ikhophi yohlelo olukhona itholakale ukuze kuhlonishwe futhi kuqoshwe ngezikhathi ezifanele nganoma yimuphi umunt
4080,7326,0.1016,Isiphathimandla esiphawulwe esigatshaneni 1 singedlulisa noma yiliphi igunya noma umsebenzi esinikwe wona ngaphansi kwal,Izinhloso ze-Promotion of Access to Information Act kufanele zihlinzeke ngokuqinisekiswa kwesikhala somthethosisekelo so
6128,7340,0.1016,"Kunoma yiluphi uhlobo olucacile lolu hlobo lokuxhasa ngezimali lungabhekwa ekuthuthukiseni ingqalasizinda, uma kulandela","Iphrofayela Yomuntu: UThandekile Mthembu - Umholi Kwezobuchwepheshe Beselula Ekuseni okukhanya ilanga, uThandekile Mthem"
3155,2785,0.1016,Obamisapala abaningi nabeluleki babo abakwazanga ukuhlela inqubo yeqhaza lokubonisana nomphakathi ngendlela enomthelela ,Lokhu kubalulekile ukuze kuqinisekiswe ukuthi ulwazi lwezempilo luhlala lutholakala kuphela kulabo abanamalungelo okuseb
2764,6787,0.1016,Uhlu lonke lolwazi kumele lwenganyelwe ngokubhekwa kwesu eliqondile ngokuphathelene nokuthuthukiswa Kwesayensi Yezindaba,"Umbikweni Ngobuhlakani Bokwenziwa EZwe lanamuhla, sithokozisa umcimbi okhethekile obuhlanganisa izinkanyezi zothando nez"
3010,5321,0.1016,UNgqongqoshe onesabelo angaqoka amalunga engekho ngaphansi kwayisikhombisa ngokunxusa abantu ngabezindaba ukuba benze iz,"Lokhu kungabandakanya ukuvuza kolwazi, okungaholela ekulahlekelweni kwethemba kwabantu, kanye nezinkinga zomthetho. Ukun"
5893,5251,0.1016,Kungenzeka ube nenkinga yokwenza umsebenzi wakho ngendlela efanele noma mhlawumbe awunamali yokondla abantwana bakho. Lo,Iqembu libizwa nge-Uphuzane. Le ndawo yePhuzane ingatholakala enyakatho KwaZulu-Natal uma uhamba amakhilomitha angama-25
2559,774,0.1016,"Inzalo ibalwa ngenyanga isuselwa eqophelweni elimiselwa unyaka, ngezilinganiso ezibuyekezwa ngezikhathi ezithile nguNgqo","Umbhali: Ucabanga ukuthi izinhlelo zokuvikela zanele? Mnu. Zulu: Cha, ngicabanga ukuthi zidinga ukuthuthukiswa. Kudingek"
5485,4277,0.1016,Amarabi isifo esithathelanayo esi-bangwa yivariyasi (igciwane) yezilwane ezi-nawo. Siyisifo esisuka esilwaneni esinom-go,"Kodwa-ke, akumele sikhumbule ukuthi ukusetshenziswa kwezithombe nemidwebo akufanele kube nje ukufaka izithombe ezinhle k"
7918,6201,0.1016,Umphathi we-IDP lomsebenzi wokuphatha umasipala kufanele asingathe futhi axhumanise inqubo ye-IDP. Noma uMphathi-masipal,"Yingakho thina, njengohulumeni bezolimo nezindaba zemvelo eKwaZulu-Natal, sikhumbuza amazwi kaNgqongqoshe uManuel ukuthi"
4200,6249,0.1016,"Uhlangothi olubalulekile lwalo mphumela ukwethulwa komsebenzi obhaliwe. Kungabelwana nontanga, abafundisi, isikole sonka","Uzobona, kuhle ukubona abantu behola imihlola, lokhu kuhle kakhulu! Ngakolunye uhlangothi, umphakathi ookhuluma ngabo ku"
3849,6297,0.1016,"Iqhinga eliphumelelayo lidinga izindlela ezintsha zokusebenza nokunaka kakhulu amacala womabili, isibalo sabantu abafuny","Ngabe ubona ukuthi lokhu kusebenza kanjani? Uma umphakathi ungavikeleki, izingozi ziya ziba zinkulu. Kukhona izigameko e"
525,2727,0.1016,Imibukiso yezinja ivakasha ezweni ngokucelwa ziikolle kanye nezikhungo ukuze kukhonjiswe umsebenzi owenziwa yizinhlobo e,Ukhetho Lukazwelonke Isingeniso Ukhetho lukazwelonke luhlale luwumcimbi obalulekile empilweni yabantu besizwe. Luhlangan
3593,7553,0.1016,Umhlangano wemukela njengerekhodi eliyiqiniso lalokhu okwakubhungwe ngakho. Azibanga biko izindaba ezivuka emaminithini.,"Ukwakha amandla omthetho: Ngaphansi kwalesi siphakamiso se-fund, uxhaso lunikezwa ukuze kuqiniswe isikhungo nokuqiniseki"
1969,4392,0.1016,"Ikhona inkokhelo osumnike yona njengomholo wesikhathi esichazwe kwisigaba 1 ngenhla Uma ikhona, YISHO ISAMBA SAYO. R..? ","Yini inhloso yokubamba umuntu? Yini okusho ukuthi umuntu ubhekwa njengomuntu ongenacala? Yiziphi ezinye izindlela, ngaph"
2539,2688,0.1016,"Lokhu kuchaza ukuthi, ukulandela uMthetho siSekelo isisebenzi seSizwe kumele siqiniseke ukuthi izinqumo ezithathwayo kan","UThandi waqonda ukuthi kumele aguqule umqondo wakhe, akhuthazwe ukukhuluma nabanye abantu ababephila ngaphansi kwezimo e"
6595,3040,0.1016,"Sihlalo, ngiyakuvuma lokho onakho embhalweni. Okwamanje, intombazanyana eneminyaka eyishumi nesihlanu ihlaliswe endaweni","Umgwaqo ubonakala kancane, kodwa lapha naseThekwini, umoya uthuthukile. Izilayidi zibhujisiwe; izithuthi abaziqinisekisi"
3164,3041,0.1016,Yini umkhuhlane wezinyoni? Umkhuhlane wezinyoni yisifo esithathelanayo sezilwane nesidalwa yigciwane elithize kanti siva,Isici esibalulekile sempilo ukuxhumana. Ungacabanga ukuthi umhlaba ungaba kanjani ngaphandle kokukhuluma? Kukhona amagam
6627,3291,0.1016,"Lesi sitatimende sisebenzisa imikhakha yokufunda ukufeza lezi zinjongo, lokho okulindelekile kanye nemiphumela okumele i","Lokhu kufaka izinyathelo ezinzima kanti akusizi ukwenziwa ngezwi elijulile. Ukunciphisa lezi zinkinga, kudinga ukuthi si"
451,3135,0.1016,"I-IKS ingakhula iqhakaze ekuxoxisaneni kanye nasekusetshenziswaneni nezinye izinhlelo zolwazi. Ngokuguquliwe, akukho luh","Ukugunyazwa Kodokotela Nokuxhumana: I-GEMS Iphakamisa Izinga Lokunakekelwa Kwezempilo Ngokuhamba kwesikhathi, izidingo z"
521,3136,0.1016,"b nenani lesinxephezelo okumele sikhokhwe uma isicelo sivunyiwe; kanye c nezimiselo uma zikhona, okunikezwa isinxephezel",Umhlahlandlela onenzuzo ukusiza ukukhetha ukudla okunempilo okuzokugcina uqine ngenkathi ugula. Ukudla ukudla okunempilo
7719,4849,0.1016,Ukufika kwenu ngezinkani kulo mhlangano kufakazela ukuhambisana kwemibono ekhombisa ukuba yisikhathi esiyiso salokhu kux,Ngiyajabula ukukwethulela umphakathi waseNingizimu Afrika umthetho ophakanyisiwe wezokudlala nezokuzijabulisa. Lo mtheth
5919,6696,0.1016,"Njengoba sesizoya esikhathini sama-holide kakhisimuzi, ukuchitha isikhathi nemindeni yethu kanye nezinhlangano esingapha","Ungakwenza lokhu ngokushayela inombolo yabo yocingo, noma uvakashele iwebhusayithi yabo ukuze uthole imininingwane ethil"
3208,1398,0.1016,"Kungenzeka kube nomkhiqizo ongaphezulu kowodwa kuhlolo oluthize. Imikhiqizo ecwaningwayo kungenzeka kube yimithi, imijov","Ngaphezu kwalokho, uma sikhuluma ngezimali, akufanele sikhumbule ukuthi kufanele sibe nezinjongo. Lokhu kusho ukuthi kuf"
7118,604,0.1016,"a kulowo muntu obhalisiwe, noma b uma lowo muntu obhalisiwe engekho , sibhekise kumuntu ophethe leyo ndawo ebhalisiwe. c","Umgibeli weBhodi Yokufaka Izikhalazo! Ukufaka izicelo zokuhlelwa kabusha kwezinhlelo zomphakathi, ukuhlukaniswa komhlaba"
8001,7696,0.1016,"Bhala ephepheni izinyathelo ozitholile. (ngenxa yesinyathelo sokufuna imibono ehlukene, lesenzo asinayo indlela eyodwa y",Lokhu kwenza kube mnandi futhi kukhuthaze. Umbuzo: Ngabe unayo imikhuba ethile yokuzilungiselela ngaphambi kokukhuphuka?
7310,6186,0.1016,"Zini izinhlelo ezifana nalezi esesiziqalile esifundazweni sethu. Ngikhuluma nje sinezinhlelo ezifanayo kwaHlabisa, eMang","Yini uGrain SA ethumele? Umqondisi: Jane McPherson, Umphathi Wohlelo Lokuthuthukiswa Kwabalimi beGrain SA. Uhlelo Lokuth"
1616,5376,0.1016,"Abesifazane abangafuni ukuhlukunyezwa noma abakhonondayo \, kungenzeka bangakhushulelwa ezikhundleni eziphezulu. I-ICRC ","Njengoba izinsuku zamaholide ziqhubeka, abantu bahlala behamba, beshaya izithuthi, futhi bejabulela izikhathi ezinhle. K"
6159,7711,0.1016,Ukunqanyulwa kwamareyithi kubonakala ngohlangothi lwesimo somnotho njengamanje esikhinyabeza izimboni kuwo wonke umhlaba,"Lokhu kuhlangana kwempilo yansuku zonke nemishini ye-AI kuveza indlela entsha yokuxhumana, lapho abantu bengahlanganyela"
4263,7736,0.1016,Okungangcono wukuthola indawo enotshani noma enesihlabathi esithambile ongakwazi ukuhamba noma ugijime kuyona. Ukuzivoca,"Ngaphezu kwalokho, kubalulekile ukwakha umqondo wokubambisana phakathi kwemiphakathi, uhulumeni, kanye nezinkampani ukuz"
1264,1350,0.1016,Umgcinishlalo Webandla oyinhloko ukuthi akasoze avunyelwa ukuba afake ezinye izindaba. Ummangali wavuma ukuthi kunjalo. ,"Isingeniso Ukubhikisha komphakathi, okwaziwa nangokuthi ""iziteleka zomphakathi,"" kuyinqubo ebalulekile yokuzwakalisa imi"
2730,6876,0.1016,Lezi zinombolo ezingezansi zisinika izibalo zabangasebenzi ngokweminyaka yobudala. Kuyacaca-ke lapha ukuthi kusamele sig,"Ezokusakaza: Umcimbi Wokuhlola Izinga Lokuxhumana Ngomhla wesithupha kuNcwaba ka-2023, umcimbi obaluleke kakhulu ezindab"
1272,6896,0.1016,Eminye imithombo ehlangabezana nezidingo zomthetho enjengezinhlelo zosizo kanye noxhaso ngezimali oluvela kubaxhasi. I-W,"Umbuzo 4: Yiziphi izinselelo ezibhekene nezikole zikahulumeni? Noma zinezinhlelo ezimangalisayo, izikole zikahulumeni zi"
795,6822,0.1016,"Khetha isifunda lapho okukhona khona isikole sakho, uhlu ngaphansi ""kweSinyathelo 2: Thayipha inamba ye-EMIS noma khetha",UBongi uthatha zonke izinsimbi anazo ukuze athenge utshwala ngenkathi umndeni wakhe uthola ubuhlungu ngoba lelo mali kuf
5689,3741,0.1016,"Ukwamukela ingane ngendlela yemfihlo , lapho khona abazali abangavunyelwe ukuwazi ukuthi ngobani abantu abathatha lengan","Abaphathi abaphakeme bangabasebenzi abaxhasi bomhead we-ofisi yolwazi osunguliwe, njengoba kushiwo esigabeni 17 somtheth"
7033,4344,0.1016,Lokhu futhi kungadala ingozi empahleni yomnini. Lapho ibhizinisi lishona phansi lizoshonisa phansi (liquidation) ibhizin,"Akukho lutho kule Mthetho olivimba umuntu ukuthi axoxisane ngenhloso yokwakha, ukuguqula izakhiwo, umsebenzi wegesi, uku"
5613,4347,0.1016,Eziningi zalezi zinhlangano ziye zatholwa ukuxhaswa ngezezimali ngokunikeswa ingxenye ethile. Ezinye zalezi zinhlangano ,Ukuthuthukiswa Kwezindawo Zasemakhaya: Izinselelo Nezixazululo Ukuthuthukiswa kwezindawo zasemakhaya kubalulekile ekwakh
5974,3687,0.1016,"UMkhandlu uyokuba nelungelo lokuvala okwesikhashana noma iyiphi irenki esungulwe ngaphansi kwale Mithetho kanti, uma kun","Lokhu kwaholela ekubeni abe nomfaniswano ophakeme nabafundi, abamfakeli oxhasayo abathembela kuye emnothweni wobuchwephe"
5993,1334,0.1016,Impumelelo yethu kulezi zindawo iyokalwa ngukukhula kwesibalo sabalimi abancane ababamba iqhaza emnothweni ngendlela ebo,"Impi yaseSandlwana, eyenzeka ngonyaka we-1879, yenzeka ngesikhathi sokungqubuzana eNingizimu Afrika. KwaZulu, uSuthu noM"
2220,1337,0.1016,Ukuphathwa kwalezi zigcawu ezintsha kuyodluliselwa kwiNhlangano Yamacebo Amasha Obuchwepheshe lapho seyibunjiwe. I-ICT i,"Ukwenza kahle kulezi zinyathelo kuzothuthukisa umphakathi, kuqinisekise ukuthi izinqubo zisebenza ngendlela efanele, fut"
5257,1338,0.1016,"Ngenxa yohlobo loluchwepheshe bezigubhu zogesi okhokhelwa kuqala, kubalulekile ukuba abathengi bakwazi ukufinyelela esik","Lokhu kudala umoya wokungazethembi, ikakhulukazi kubantu abasha abathola ukuthi izinga labo lokuphila lilinganiswa ngemp"
7310,388,0.1016,"Zini izinhlelo ezifana nalezi esesiziqalile esifundazweni sethu. Ngikhuluma nje sinezinhlelo ezifanayo kwaHlabisa, eMang","Ngaphezu kwalokho, izindleko zokuphila zikhombisa ukuthi kudingeka izixazululo eziwusizo ukuze kusizakale abathengi. Izi"
8031,240,0.1016,"a ngokuthanda kwayo noma ngemuva kokuthola isikhalo, iphenye noma yikuphi ukungaziphathi kahle noma ukwephula umthetho o","Umbuzo 10: Ingabe kukhona izindlela zokukhuthaza abantu ukuthi bafake izicelo? Impendulo: Ukuze kukhuthazwe abantu, kung"
1752,8084,0.1016,"UMquli wodaba kufanele ngaphambi kokuba kunqunywe ukuthi kube khona ubandlululo olungalungile, inkulumo enenzondo, ukuhl","Ngenkathi ibhajethi ingavumeli ukwenza yonke imihlangano efiselekayo, kuhle ukufaka ubuchwepheshe obuphakeme ukuze kuqin"
7713,8091,0.1016,Lelo kusasa lingaba khona uma sikwazi ukuthembeka futhi sibonelele ngisho nasezindabeni ngokuvamile ebesingakhetha ukuph,Lokhu kubalulekile ukuze kuqinisekiswe ukuthi abasebenzi bahlala benomzwangedwa ophusile futhi beqonda izinjongo zenkamp
515,8098,0.1016,Wenza abantu banake amazinga okungakwazi ukuthatha izinqumo ekuhlonzeni okusekelwe ebuhlangeni kanjalo nokugcina esimwen,"Ukuthuthuka komnotho ezweni kube nehle, futhi kukhona okungaqinisekile mayelana nezimakethe zomhlaba. Kulindeleke ukuthi"
1407,3448,0.1016,"E-Afrika, kuze kube manje leli gciwane vayirasi ilisasisabalalele emazweni ayi-16 kuphela. Ngesikhathi sokushicilelaales","Ngemuva kokuphothula le nqubo, uMnumzane Mthembu waqonda ukuthi ukuqinisekiswa kwezinkokhelo akukhona nje ukubaluleka, k"
1662,3457,0.1016,"Kukhona izinhlobo ezingakanani zommbila oneBt? Kukhona izinhlobonhlobo zamabhastela aneBt, ezinye zikwazi ukuvimba isilo",Umphakathi Wokuphatha uzokhetha umuntu ofanele kulolu daba lokuphatha impahla yomuntu ofile. Ngesikhathi sokuhlela impah
2764,55,0.1016,Uhlu lonke lolwazi kumele lwenganyelwe ngokubhekwa kwesu eliqondile ngokuphathelene nokuthuthukiswa Kwesayensi Yezindaba,"Ngokuphumelela kokuzenzakalelayo, umcimbi wokulamula ubeke isibonelo sokuthi empeleni kwenzeka kanjani ukuhweba ngempume"
650,7839,0.1016,Izikhundla zomdabu ngaphansi kwesakhiwo sobukhosi ziyingxenye yalowo mphakathi ongaphansi kwenkosi. Ngaphezu kokusiza im,"Sikhuluma ngenhlalakahle, lezi zindaba zinjengezibopho esizibophezele kuzo. Bayakusa, abanye bethu bahlala ezindaweni la"
1973,7248,0.1016,Kumele kube nokugudluka okusemqoka okusuka ezimeni ezingazodwana. Iminyango yezendawo yezifundazwe ilungisa izinhlelo ez,"Abafundi abangenayo imfundo efanele bahlala benokungabi nempumelelo ezimpilweni zabo, okwenza kube nzima ukuthola amathu"
4875,1070,0.1016,Lokhu kuyasiza ikakhulukazi lapho isiguli singakwazi ukudla ukudla okuningi. Iziguli kufanele zikhunjuzwe ukuthi amafuth,"Lokhu kubaluleke kakhulu ezindabeni ezithinta umphakathi, njengokukhuthaza imikhankaso yokuvota, ukulwa nezinkinga zokuh"
996,1072,0.1016,Omasipala abaningi bedlulisele umsebenzi wokuqhuba ama-IDP kwezinye izimboni kanti asebenza njengemisebenzi ezimele kwin,"Ukwandisa Ukuvikelwa Kwendawo Yezokukhiqiza: Ukuqinisekisa ukuthi izimboni nezolimo zidla amanzi ahlanzekile, izinhlelo "
3714,3421,0.1016,Ukuhlola okuqondile kwenkinga yokho kuzokusiza ngezindleko zakho lapho ubulala ukhula. Kuhle ukwazi ukuthi lingakanani i,Lokhu kukhuphuka kufaka phakathi ukukhiqizwa kwezitshalo nezinsalela zamafutha ngendlela ethola inzuzo engozini ephezulu
7310,5815,0.1016,"Zini izinhlelo ezifana nalezi esesiziqalile esifundazweni sethu. Ngikhuluma nje sinezinhlelo ezifanayo kwaHlabisa, eMang","Ukuze kuqinisekiswe ukuthi lokhu kwenzeka, sithathe izinyathelo ukuze siqinisekise ukuthi umgomo oholela ekusetshenziswe"
6256,1142,0.1016,a kokuthi kunemvume ebhalwe ngu-MEC futhi ngokwezimiso ezibekwe ngu-MEC; noma b kungokwendlela ekhona ebhalisiwe. noma o,"I-NCOP kufanele ibonwe njengendawo engasiza ekuphathweni kokubambisana kanye nenhloso enkulu yokubamba iqhaza, futhi uku"
7466,1150,0.1016,"Uhlelo lwe-urp uhlelo lukahulumeni, olwenziwa Ngumnyango Wesifunda kanye Nohulumeni Wendawo. Lwaziswa NguMongameli u-Tha",Sizokwakha ikusasa lethu futhi sicele umhlaba ukusiza emizamweni yethu. Sekukhona izimpawu zempumelelo ngethemba. Inani 
242,7177,0.1016,Kodwa-ke izinkinga eziphathelene nokungabekezelelani ngokwebala noma ukungahloniphani ngokwamasiko yiyona nto ebonakala ,"Umcimbi we-GNSS uchaza umcimbi onjengalowo kanye nezimo ezifanayo nokuphazamiseka komshini, izinkomba, noma iphutha laba"
3156,7180,0.1016,"Okokuqala, lolu Phiko lukwazile ukuthola ukungabikho kokwehlukana ngokwethulwa kwenonzi e-Iran. Uhlala edla isidlo sasek",Uhulumeni kuzo zonke lezi zinkalo uphumelele ezinhlelweni ezahlukene zokuhlukumeza ubuphofu nokungathuthukiswa ngokuphel
541,224,0.1016,Inhloso yemihlahlandlela wukuqinisekisa ukuthi bonke ababambe iqhaza ohlelweni lwentuthuko edidiyele (kuhlangene nabaqeq,"Isinyathelo 7: Ukuxhumana Ne-GEMS Uma unemibuzo noma izinkinga mayelana nezinkokhelo zakho, ungaxhumana ne-GEMS ngokuqon"
420,7894,0.1016,Uhlelo lwethu lwemfundo kufanele luvumelane nezimfuno ezinthsa namaqiniso ohlelo oluye luba nzima lwezomnotho zomhlaba w,Ngaphezu kokusiza imiphakathi ezindaweni zobukhosi nabaholi bendabuko ukuze bathole ukuhlonishwa ngokuhambisana nezimiso
6627,5585,0.1016,"Lesi sitatimende sisebenzisa imikhakha yokufunda ukufeza lezi zinjongo, lokho okulindelekile kanye nemiphumela okumele i","Izinqubo Zokuthunyelwa Kwama-Ambulensi Umuntu: UThando Mthembu Umxhumanisi: UZanele Nkosi UZanele Nkosi: Sawubona, Thand"
65,5600,0.1016,Amakhono okuphatha nokubheka izidingo zabathengi kanye nawokukwazi ukuphatha izimali: Umfundi kuleli zinga useyakwazi uk,"Okwesibili kungaba ikhophi. Umuntu oqokwe ngokomthetho, okumele abe yena ophakathi kokuxhumana noMlawuli, kumele asayine"
8123,8129,0.1016,UMqondisi oyiNhloko yamaThuba alinganayo nokuBonelelwa ababebandliluliwe. Ukuphaka kanye nokulawula uMbutho wezokuVikela,"Ngaphezu kwalokho, abadlali abaphumelelayo baba izibonelo ezinhle zentsha yaleso sizwe, njengabantu abavelele, noma ngab"
1993,191,0.1016,Isivumelwane saMazwe aseYurophu saqala ukusebenza eNingizimu Afrika ngaphansi kwaMalungelo Esintu eBophuthatswana kodwa ,Ukulalelwa komphakathi mayelana noMshwalense Wezempilo Kazwelonke (NHI) Umbuzo 1: Yini iNHI? Impendulo: I-National Healt
4136,276,0.1016,"ngokusebenzisa isabizwana soqobo esihlanganisayo 'thina'). Ukubonisa umusho osemqoka, ukwehlukanisa amaphuzu asemqoka ku","Inkohlakalo Kuhulumeni Kwakuyisikhathi esinzima endaweni yaseSiyaphambili, lapho abantu bahlushwa khona yizinkinga ezinz"
5705,3976,0.1016,"Iqhaza elibanjwe ngabantu emizamweni yokuthuthukisa amazinga ezimpilo zabo, ukuthuthukisa umbono wobunini kwinqubo, ukuz","U-Eskom: Umcimbi Wokubuyiselwa Kwamandla Eminyakeni edlule, i-Eskom, uMnyango wezokuhlinzekwa kwamandla eNingizimu Afrik"
3624,2450,0.1016,"ukuhlanganiswa kohlelo nemibiko kwezimali nokusebenza ngokoMthetho wezokuPhathwa kweziMali zikaHulumeni, 1999 uMthetho N","Ngoviyo owenziwa emphakathini, i-Eskom yabamba umhlangano ophakathi kwezinkampani eziningi, iziphathimandla zomthetho, k"
5635,2458,0.1016,Isikhathi sokuvuna siyasondela futhi kusekhona amasimu amaningi agcwele ngokhula. Ukuxoxa kwethu njalo kuyabuyela lokhu:,Ubuqotho bakhe buphinde babonakale ngesikhathi seHarare Declaration esikhuluma ngaso futhi wayesekela lokhu. Lokhu kwaku
2892,2353,0.1016,"Loku kuye futhi kwaholela kukuvalwa kwezinhlangano ezinje kanye nokulahlekelwa ngabasebenzi bakwahulumeni, okwaba nomthe",Vumela abantu abafuna ukuhlola incwadi yokubhaliswa nokwenza ikhophi noma ingxenye yale ncwadi ngemuva kokukhokha imali 
7450,2213,0.1016,UMthetho wokungakhiwa futhi kweZikhali zenunzi ezingomashay'abhuqe uAct 87 ka 1993: Inhloso yalomthetho ukwenza kubekhon,Ukuphatha kahle ithuluzi lokutshala kungaholela ekukhiqizeni okukhulu noma ekuchithweni kwemali enkulu. Izinto ezibalule
7310,7839,0.1016,"Zini izinhlelo ezifana nalezi esesiziqalile esifundazweni sethu. Ngikhuluma nje sinezinhlelo ezifanayo kwaHlabisa, eMang","Sikhuluma ngenhlalakahle, lezi zindaba zinjengezibopho esizibophezele kuzo. Bayakusa, abanye bethu bahlala ezindaweni la"
8001,3809,0.1016,"Bhala ephepheni izinyathelo ozitholile. (ngenxa yesinyathelo sokufuna imibono ehlukene, lesenzo asinayo indlela eyodwa y",Le ncwadi iphinde iqukate izibonelo ezikhombisa ukuziphatha okungafanele endaweni yokusebenza okufanele kuthathwe njenge
1554,4106,0.1016,Imininingwane ehluziwe ibe isihlelwa ukuze ikhiphe isethi yemininingwane eliqiniso. Imibiko evela emazweni aphesheya kwe,"Ukuze lokhu kufezwe, iGEMS ibambisene nabahlinzeki bezempilo ukuze kuqinisekiswe ukuthi imvume iyavuma, futhi ulwazi olu"
6981,7843,0.0938,Uma u Ngqongqoshe ekhomba ukuthi izinyathelo ezikhokhonjwe kwisigaba 45 kumele zithathwe ukuvimba ukungcola noma ukuceke,"UDkt. Nkosi: Inhloso yokuphendula izimo eziphuthumayo iwukuthola ukwelashwa okuphuthumayo, ukuletha imithwalo yempilo ng"
3607,3801,0.0938,"a ngokwezimiso zesigaba- 923b zoMthethosisekelo, siyofakela ulwazi olubekwe esiqondisweni- III J.2 noma- J.3 embikweni w",Umphakathi Wezokukhanyisa Kazwelonke (NER) usuku olude uqaphele isidingo sokusungula izinga lokuhlinzeka ngezinsizakalo 
4875,4148,0.0938,Lokhu kuyasiza ikakhulukazi lapho isiguli singakwazi ukudla ukudla okuningi. Iziguli kufanele zikhunjuzwe ukuthi amafuth,Imali ethunyelwa kumalungu angena kuMfundisi Wokuthuthukiswa isetshenziselwa ukusiza abafundi abangenayo enye indlela yo
5851,4173,0.0938,Qiniseka ukuthi imvula engena emhlabathini iyakwazi ukungena emhlabathini lowo; ugcine ingaphezulu lomhlabathi lisesimwe,"uElon Musk Umbuzo 1: Ubani uElon Musk? U-Elon Musk ungumholi ophambili kwezobuchwepheshe, umphakathi wezomnotho, kanye n"
4493,4185,0.0938,Ukusungulwa kwezinhlobo ezihlukile zokuvikelwa kuthunaza ukuzimisela kwethu ukuqhuba izibopho ze -IKS Policy ngempumelel,Amawebhusayithi achazwa ngaphansi kwesigaba sokuhlela izindawo. Ukuze kusebenza kancane izinsiza ezingenakufinyelelwa ka
5259,3988,0.0938,"UMquli wodaba kufanele ngaphambi kokuba kunqunywe ukuthi kube khona ubandlululo olungalungile, inkulumo enenzondo, ukuhl","Ukuhlela imfucuza kubalulekile ukuze kuqinisekiswe ukuthi imfucuza ihlukaniswa ngokwezinhlobo zayo, njengezinto eziphila"
4632,2213,0.0938,Abasebenzi banelungelo lokufaka izikhalo kwiKhomishana yeZikhalo kwiSifundazwe ngamazinga abaziswe ngawo engakapheli ama,Ukuphatha kahle ithuluzi lokutshala kungaholela ekukhiqizeni okukhulu noma ekuchithweni kwemali enkulu. Izinto ezibalule
2559,32,0.0938,"Inzalo ibalwa ngenyanga isuselwa eqophelweni elimiselwa unyaka, ngezilinganiso ezibuyekezwa ngezikhathi ezithile nguNgqo","Ulwazi Oluqondiswa Nggezwi Ezikhungweni: Ukubaluleka Kwezinqubomgomo Zokuxhumana Ezikhathini zanamuhla, lapho ubuchwephe"
6627,106,0.0938,"Lesi sitatimende sisebenzisa imikhakha yokufunda ukufeza lezi zinjongo, lokho okulindelekile kanye nemiphumela okumele i",INingizimu Afrika imele isithombe esiphelele somphakathi esiyisithombe sezinhlanga ezakhiwe phezu kwefa elicebile nelihl
6996,101,0.0938,"Kanti futhi ngiyakwazi ukuzikhethela ingane engiyifunayo."" ""Ngizwe ebala yona lena ephezulu."" ""Ini Unyaka! Khohlwa ntang","Izifundo zesayensi zikhombisile ""ukuthanda okujwayelekile kokubona amadoda njengokwethembeka kakhulu kunabesifazane."" Em"
498,8150,0.0938,E Ngiyazi ukuthi u-GEMS unike abantu abathile abasenkampanini kanye nabantu besithathu abakwinkontileka naye ilungelo ol,"Futhi, izikhungo eziklama abantu kumele zihlale zifaka bonke. Ukuze ubuchwepheshe bube usizo, kubalulekile ukuthi kube n"
5500,200,0.0938,"Ngenkathi siqhubeka sigxile ekugcineni ngendlela ibhalansi yezomnotho ezinkulu , sikhethe ukubheka kakhulu izindaba zezo",i ingase ikhiphe kumunye ilungu leBhodi amandla anikezwe kumhloli ngaphansi kwalomthetho noma kulomthetho; noma ii ivume
8001,205,0.0938,"Bhala ephepheni izinyathelo ozitholile. (ngenxa yesinyathelo sokufuna imibono ehlukene, lesenzo asinayo indlela eyodwa y","Uma sithatha izinyathelo eziphusile, singakwazi ukwakha umnotho onempilo, ophumelelayo, futhi ohlangene. Lokhu kudinga u"
6611,219,0.0938,INingizimu yeNtshonalanga Kapa (izindawo ezilawula amanzi eyaseBreede neyaseBerg) yayinamazinga aphansi e-pH abonakala k,"Lokhu kubalulekile ukuze umntwana akwazi ukufunda kahle. Uma izikole zingakwazi ukuhlinzeka ngempilo engcono, kuzoba nez"
970,7882,0.0938,"Umsebenzi wami : ukusebenzisa izinkantolo ngenhloso yokuxazulula ingxabano, ukugwema ukuzibambela umthetho. Umsebenzi wo","Ukwandisa izinsiza zokwakha ukuze kuthuthukiswe impilo yezwe lase-Afrika nokuphathwa. Impela, izincwadi ezivela eTimbukt"
7310,7892,0.0938,"Zini izinhlelo ezifana nalezi esesiziqalile esifundazweni sethu. Ngikhuluma nje sinezinhlelo ezifanayo kwaHlabisa, eMang","Ngaphezu kwalokho, iPitoli idinga ukuvuselelwa kwezinsiza. Izindawo zokuhlala zidinga ukwakhiwa kabusha, izikhungo zomph"
6214,7903,0.0938,"Gazette, Volume 402, No. 19640, usuku 23 Disemba 1998 ukucubungula kuzokwenziwa ukuqinisekisa ukuthi inqubo yokuhlolwa i","Uma uhlela isakhiwo sokuhamba kwezifundazwe, i-MEC kumele ihlale ihambisana nesakhiwo sokuhamba kwamazwe. ""; futhi ukufa"
6131,5744,0.0938,Ukulawula ngokwejwayelekile izinsizasidingo zamanzi. ukunciphisa ingozi yokulimala emhlabeni uma kunezikhukhula; kanye u,iMercedes-Benz Umbuzo 1: Yini iMercedes-Benz? Impendulo: IMercedes-Benz iyinkampani eyaziwa kakhulu yokukhiqiza izimoto 
711,2181,0.0938,Uma izinto zingeke zidayiswe ngokwesigatshana (3) iSikhulu Esigunyaziwe okuyisona esengamele indawo yokugcina impahla si,Ukuhlinzekwa kwegama lenkampani nekhodi (GEMS company name and code provision) Ngokuhambisana nezidingo ezikhulayo zomno
2539,2233,0.0938,"Lokhu kuchaza ukuthi, ukulandela uMthetho siSekelo isisebenzi seSizwe kumele siqiniseke ukuthi izinqumo ezithathwayo kan",I-DVD yakhelwe ngendlela evumela uthisha ukuthi ayime ezindaweni ezintathu ukuze uthisha akwazi ukuxoxa ngalokho okukhon
453,7211,0.0938,"c Ngokulawula I-AISA ngoMthetho ohlukile, uNgqongqoshe uyakuba sesimweni esiqinile ukulawula nokuhlola imisebenzi yeSikh","Lezi zithakazelo zifaka phakathi i-National Language Centre yeMnyango Wezobuciko namasiko, i-Gauteng Provincial Governme"
2437,7217,0.0938,Ukugobeka kwesihloko. Izindawo ezibophayo ezikwazi ukugoba kancane zizovumela umshini ukuhamba emehlelweni ongu-14% - 30,"Umhlaba udinga abantu abakhumbula lezi zifundo ukuze baphile ngokuhlonipha, ubumbano, nokuthula. Isiphetho Izimpi zomlan"
1441,1032,0.0938,Ngaphezulu kwamandla anikwe iphoyisa loMbutho Wamaphoyisa aseNingizimu Afrika ka 1995 Umthetho No. e lingaqhuba noma yim,"Lokhu kusebenza ngokuhambisana nemigomo nemibandela ye-GEMS, futhi kudinga ukuthi umsebenzisi abe neziqu ezithile ezivum"
3849,1072,0.0938,"Iqhinga eliphumelelayo lidinga izindlela ezintsha zokusebenza nokunaka kakhulu amacala womabili, isibalo sabantu abafuny","Ukwandisa Ukuvikelwa Kwendawo Yezokukhiqiza: Ukuqinisekisa ukuthi izimboni nezolimo zidla amanzi ahlanzekile, izinhlelo "
2569,4611,0.0938,"ngokuphoqelela nokuqapha ukuphoqelelwa kwamapulani okulingana, izindlela zokuziphatha namasu okulungisa ezithuthukiswe y","Isinyathelo 3: Ukuhlanganisa Izinsiza Ezilungile Ezikhungweni, izinsiza zibalulekile ekwakheni indawo enempilo. Lokhu ku"
495,8150,0.0938,E Ngiyazi ukuthi ulwazi oluqondene nami noluphathelene nempilo yami ngeke lusetshenziswe ngezinhloso ezihlobone nebhizin,"Futhi, izikhungo eziklama abantu kumele zihlale zifaka bonke. Ukuze ubuchwepheshe bube usizo, kubalulekile ukuthi kube n"
2164,12,0.0938,UMthetho wokulawulwa kwamabhilidi kazwelonke nowamazinga amabhilidi uAct 103 ka 1977: Inhloso yalomthetho ukuqhubekisela,"Futhi, ungathandabuzi ukufuna usizo lapho kudingeka.” Umbuzo 7: UThulani, kukhona okukhuluma ngalesi sikhathi sokuphila "
7450,5,0.0938,UMthetho wokungakhiwa futhi kweZikhali zenunzi ezingomashay'abhuqe uAct 87 ka 1993: Inhloso yalomthetho ukwenza kubekhon,"Imifula emine emikhulu eNingizimu Afrika ihlukaniswe namanye amazwe, okwenza ukuphathwa kwezinsiza zamanzi kube umsebenz"
3521,4086,0.0938,"Baningi abagulayo, abanye babo bazobulawa yizifo ezingavimbelekayo. Lapho imilomo yamaphayiphi ivimbekile, amaphayiphi e","Ekugcineni, ukuphathwa kwezingozi kufanele kube uhlelo oluqhubekayo, oluhlala lwenza izinguquko nezilungiselelo njengoba"
1867,228,0.0938,"Okulandelayo, bese). Ukusebenzisa izandiso ngendlela efanele emshweni (isib. Ugeza emfuleni). UKWAKHIWA NOKUSETSHENZISWA","Ukugunyazwa Kodokotela Nokuxhumana: Umqondo Ohloniphekile Ezinsukwini zanamuhla, ukuxhumana phakathi kodokotela neziguli"
7310,8088,0.0938,"Zini izinhlelo ezifana nalezi esesiziqalile esifundazweni sethu. Ngikhuluma nje sinezinhlelo ezifanayo kwaHlabisa, eMang","UMs. Mkhize, owayengumengameli wombuthano, waphakamisa ukuthi umphakathi uqhubeke nokusebenza ndawonye, ube nezinhlelo e"
6369,4343,0.0938,"Ngesikhathi sobandlululo, lo msebenzi omqoka kangaka wokubeka amakhosi wanikezwa izimantshi kanye nezinye izikhulu zikah","Impendulo: Imfundo ibalulekile empilweni yebantwana njengoba ikhuthaza ukukhula kwengqondo, ivula amathuba emisebenzi, f"
1823,1338,0.0938,"Kwabe sekwenziwa isincomo sokuthi kusungulwe i MHSI, eyabe izokugxila kuzindaba zezempilo nokuphepha ezimayini. Lezi zik","Lokhu kudala umoya wokungazethembi, ikakhulukazi kubantu abasha abathola ukuthi izinga labo lokuphila lilinganiswa ngemp"
29,6876,0.0938,Ukuphangisisa ukusondela kwethu emigomeni yethu yempilo engcono kawonke-wonke sizowenza njengesiphakamiso uhlelo lukazwe,"Ezokusakaza: Umcimbi Wokuhlola Izinga Lokuxhumana Ngomhla wesithupha kuNcwaba ka-2023, umcimbi obaluleke kakhulu ezindab"
944,1293,0.0938,"Impela inamuhla libonakala lihaqwe yizithandani ezingathandani okuwubuphofu kanye nokunotha, indlala kanye nenala, intut","Ukungasebenzi Kwentsha Ngiyavuma, lezi zinsuku sithola izinkinga eziningi ezithinta intsha. Ukungasebenzi kwentsha sekuy"
4130,1307,0.0938,"Isihawu"" yigama elingundabamlonyeni esikweni laseAfrika. Kungafani nasemazweni athuthukile njengeMelika, iNgilandi naman","Lokhu sikwenze ngempumelelo, siqinisekisile ukudlula okungafanele eminyakeni emihlanu edlule futhi siqhubeke nezinhlelo "
3935,6837,0.0938,ngenkathi egunyaza ukuthuthukiswa komhlaba ngaphandle. ekugunyazeni ukuthi izimiso zokuvunyea ziyahlangabezana nokudayis,"Izimpikiswano Ngokuthengwa Kwamaloli Amanzi Ukuthengwa kwamaloli amanzi sekuyinto ejwayelekile ezindaweni eziningi, ikak"
7630,6869,0.0938,"Ekukhumbuleni laba bafundi beminyaka edlule kunemiyalezo ehleli, leyo yokomela inkululeko nolwazi olutheleka nangamandla","UThando waba nesibindi sokuphila, uqhubeke nokuba umholi, futhi waba umkhumbuzi omkhulu kubantu baseMfuleni. UThando wap"
7112,6869,0.0938,"Ekukhumbuleni laba bafundi beminyaka edlule kunemiyalezo ehleli, leyo yokomela inkululeko nolwazi olutheleka nangamandla","UThando waba nesibindi sokuphila, uqhubeke nokuba umholi, futhi waba umkhumbuzi omkhulu kubantu baseMfuleni. UThando wap"
2271,432,0.0938,"Kubo bonke abantu, kuyo yonke imikhakha, siye sayiguqula iNingizimu Afrika. Eqinisweni kulowo mdlalo ngangihlezi kwi-VIP",Ezinye izifo zivame ukuba khona kodwa azikhuli ngoba eyodwa yezinto ze-triangle iphuthumile. Kungcono ukuthatha izinyath
3619,506,0.0938,"""Namuhla ngingumuntu obongayo othokozayo. Ngibonga uNkulunkulu ngoba nguye owangipha lolu thando lokulima."" Lawa ngamazw",Ukushoda kodokotela ezindaweni zasemakhaya eLimpopo IMphakathi yaseLimpopo ibhekene nezinkinga ezinkulu emkhakheni wezem
4909,7770,0.0938,I Ningizimu Afrika ne Tunisia ithokozela ubudlelwano obunenjabulo futhi obusiza ndawozombili kanti uhulumeni waseTunisia,Izingxoxo zePhalamende ngesikhathi se-Presidential Question Time Izingxoxo zePhalamende zidlala indima ebalulekile ekubh
7310,7708,0.0938,"Zini izinhlelo ezifana nalezi esesiziqalile esifundazweni sethu. Ngikhuluma nje sinezinhlelo ezifanayo kwaHlabisa, eMang","Lokhu kuthuthukisa umuzwa wokuba nenhlonipho, kanti futhi kunciphisa umthwalo wezinkinga zengqondo. Ngaphezu kwalokho, k"
70,2052,0.0938,"Ukubekwa kwezikhathi zokudoba kuzokhonjiswa kakhulukazi yizinto eziphathelene nezesayensi yemvelo, kodwa kuzophinda kubh","Le sikole inezinsimbi eziningi ze-string, kanye nezinsimbi ze-brass. Izikhala zokucwaninga ngezifo kumele zihlinzeke fut"
2509,6158,0.0938,"Abantu abethembekile baneqiniso, uzwelo, bakhuluma into eqondene. Abantshontshi, baqambe amanga, bakhohlise noma benze i","Kuyaphawuleka ukuthi lokhu kuhlangene neNamibia, okuyisixazululo esisodwa sokuphatha izidingo zokuthuthukiswa. Ngokusebe"
4142,6201,0.0938,"Inhloso yomngenela kuwo wonke amazinga wukufinyelela ezingeni elifunekayo lomsebenzi wenhlalo. Noma kunjalo, kukhona ley","Yingakho thina, njengohulumeni bezolimo nezindaba zemvelo eKwaZulu-Natal, sikhumbuza amazwi kaNgqongqoshe uManuel ukuthi"
5257,3291,0.0938,"Ngenxa yohlobo loluchwepheshe bezigubhu zogesi okhokhelwa kuqala, kubalulekile ukuba abathengi bakwazi ukufinyelela esik","Lokhu kufaka izinyathelo ezinzima kanti akusizi ukwenziwa ngezwi elijulile. Ukunciphisa lezi zinkinga, kudinga ukuthi si"
6421,3495,0.0938,Kusobala ukuthi asifanele ukuzishaya indiva lezikhalo noma sibathathe njengabaphrofethi abashumayela ukubhujiswa. Isalel,"Lokhu kungabavulela amathuba amaningi, njengoba imisebenzi ivame ukuphakanyiswa kubantu abakwazi ukuxhumana. Ngaphezu kw"
130,3514,0.0938,D.3 Umhloli wesisebenzi kufanele azisho ngokucacile izindlela zokwedlulisa isikhalazo esisebenzini esingenelisekile ngom,"Kodwa-ke, kunezithiyo ezithile ezibhekene nemigomo yokugoma. Abanye abantu bahluleka ukuvuma ukugoma ngenxa yokungaqondi"
1198,7485,0.0938,i noma ngumuphi umbiko okumele uhanjiswe izikhathi ngezikhathi ngumhlinzeki wonakekelo lwezempilo; kanye ii nanoma ngumu,"Sicela ubike zonke izifo zokukhulelwa ezibulalayo ezenzeka endaweni yakho. Xhumana neklinikhi, isibhedlela, noma inhlang"
7917,5375,0.0938,"i izimo ezikhona zezimakethe, umfutho wazo kanye nesidingo sokuba nale mvume yokugcina amaminerali kanye nomhlaba okukhu",Ubuchwepheshe besimanje buwenza kube lula kumaphoyisa ukuhlanganisa abantu nendawo kanye nezinto. Ukuze kusebenze ubuchw
3355,6070,0.0938,a ukuthi isamba sisonke esikweletwayo kuhlanganisa nemali enqunyiwe yesaziso kumele kukhokhwe zingakapheli izinsuku ezin,Iphakamisa iziphakamiso kuNgqongqoshe mayelana nanoma yiziphi izindaba ezingase zishiwo ngaphansi kwalesi sikhungo; futh
5545,2759,0.0938,Inhloso yokumiswa kwe-CMA ukubandakanya imiphakathi yendawo ekuphatheni imithombo yamanzi. I-CMA iphatha imithombo yaman,"Izinhlelo ezisizayo kumele ziqhubeke, futhi ukubamba iqhaza okuhle kuzobonisa ukuthi sibhakabhakela phambili. Umphakathi"
5635,6241,0.0938,Isikhathi sokuvuna siyasondela futhi kusekhona amasimu amaningi agcwele ngokhula. Ukuxoxa kwethu njalo kuyabuyela lokhu:,"Nokho, ngithanda futhi ukugcizelela ukubaluleka kokubuyekezwa kwesu lesigaba okwenziwe ngoNovemba, lapho abaphathi abaph"
7310,2725,0.0938,"Zini izinhlelo ezifana nalezi esesiziqalile esifundazweni sethu. Ngikhuluma nje sinezinhlelo ezifanayo kwaHlabisa, eMang","Ukubhaliswa Kweziguli Ezibhedlela: Isingeniso Namuhla, ukubhaliswa kweziguli ezibhedlela kubaluleke kakhulu ukuze kuqini"
5318,1924,0.0938,Omama kumele bagqugquzelwe ukuzama ukuncelisa besebenzisa izinhlangothi ezahlukene ukuze bathola ukuthi iyiphi indlela e,Uhulumeni bendawo udlala indima ebalulekile ezinhlelweni zokuthuthukisa lapha eNingizimu Afrika. Uhlelo lokuguqula ukuze
1474,3673,0.0938,Lesi sahluko sidingida imisebenzi yabashayeli esigcawini sengozi lapho kufe khona umuntu noma elimele noma elinyalelwe y,Kuyisikhumbuzo sezincwadi zonke ezikhiqizwe yizwe. Kuqinisekisa ukuthi okungenani ikhophi eyodwa yemisebenzi yonke eshic
7457,567,0.0938,U-MEC kumele abhekelele noma yimiphi imibono ayitholile ngaphambi kokuthi athathe isinqumo sokuqhubeka nesenzo. f ukuche,"Uma kukhona umsebenzi ophuthumayo okudingeka wenziwe yiPhalamende noma enye yeNdlu zayo, zingakhetha ikomidi lesikhashan"
6036,567,0.0938,"c athathe izinyathelo ezingabe zibekiwe, futhi d athobele uMthetho wezokuPhakanyiswa koBuphathiswa beQiniso, we-2000 uMt","Uma kukhona umsebenzi ophuthumayo okudingeka wenziwe yiPhalamende noma enye yeNdlu zayo, zingakhetha ikomidi lesikhashan"
3208,5406,0.0938,"Kungenzeka kube nomkhiqizo ongaphezulu kowodwa kuhlolo oluthize. Imikhiqizo ecwaningwayo kungenzeka kube yimithi, imijov","Lokhu kwavula izinkulumo ezinzima phakathi kwabafundi, othisha, nabaphathi, okwakuholela ekutheni kube nezinguquko ezith"
1973,2030,0.0938,Kumele kube nokugudluka okusemqoka okusuka ezimeni ezingazodwana. Iminyango yezendawo yezifundazwe ilungisa izinhlelo ez,"Ukuze abanye bakwazi ukuphila kahle, uThando uvula iminyango yokufunda ezikhungweni zokufundisa. Kwakungasasekelwa uThan"
932,2043,0.0938,"Ngale kokuphambuka kunoma ikuphi okushiwo yiloMthetho, uma umuntu ogunyaziwe ngelayisensi ehluleka ukufeza isibopho sakh",I-soybean - isitshalo esiyisimanga kanye nokudla okungajwayelekile! Kukho ingxoxo eningi mayelana ne-soybeans kanye noku
5246,2802,0.0938,"Amakhophi alo mbhalo oshicilelwe, angatholakala ehhovisi lomqondisi:wezokuxhumana kuzwelonke nasezifundazweni, uMnyango ","Ngaphansi komgomo ocwaningweni lwezilimi mayelana ""nokusetshenziswa nokuxhumana kwezilimi eNingizimu Afrika,"" kusize iBh"
2892,6873,0.0938,"Loku kuye futhi kwaholela kukuvalwa kwezinhlangano ezinje kanye nokulahlekelwa ngabasebenzi bakwahulumeni, okwaba nomthe","Ukusetshenziswa Kwezobuchwepheshe Ezikoleni: Izingqinamba Nezinzuzo Ekuqaleni, kufanele siqonde ukuthi ubuchwepheshe buy"
3524,6809,0.0938,b Ekulalelweni kodaba ngenhloso yokumisa inqubo ezolandelwa uMquli wodaba kufanele ayale noma ahlahle indlela mayelana n,b ukulungiswa esigabeni I sesigaba esilandelayo. b ukukhipha isaziso sokubiza ngokuhambisana nemithetho yesigaba 211 aku
996,4846,0.0938,Omasipala abaningi bedlulisele umsebenzi wokuqhuba ama-IDP kwezinye izimboni kanti asebenza njengemisebenzi ezimele kwin,"Lapho abantu bebona imizamo ethile yokuthola ubuhlobo, bazi ukuthi inkampani izimisele ukusiza nokuthuthukisa impilo yom"
3356,1363,0.0938,"Uma isicelo samukelwe kufanele kukhokhwe enye imali yokufuna, ukulungiswa noma ukwenziwa kabusha kanye nesikhathi esichi","Uma ukhetha ukubala usebenzisa izindleko zangempela, kuzodingeka ukuthi unikeze ulwazi oluhambisanayo. Ngaphandle kwalok"
3269,4793,0.0938,"Khomba umhlaba ofisa ukuwuthenga. Kokunye, ungaba usunawo umhlaba, ofana nomhlaba ohlanganyelwe womphakathi. Thintana no",Ukuphakamisa abantu kubiza imali futhi kuthatha isikhathi. Izingxenye eziningi zomnyango zikahulumeni zinezinhlangothi e
171,7375,0.0938,"Mina avele angenze kanje! Angazi mngani, angazi. Kuyoqhuma nhlamvana. senzo: Kanti-ke nami kangidlali ngawe wena Nozi. N","a ezingeni likamasipala kazwelonke nasezikhungweni zikamasipala; ngokufanayo b ezikhungweni zikamasipala, ngokuhambisana"
2569,948,0.0938,"ngokuphoqelela nokuqapha ukuphoqelelwa kwamapulani okulingana, izindlela zokuziphatha namasu okulungisa ezithuthukiswe y","Ngakho-ke, kubalulekile ukuba nezinhlaka ezilungile ukuze zikwazi ukusiza abantu ngesikhathi esiphuthumayo. Izinhlelo Zo"
6960,7299,0.0938,"Ukuze kugqugquzelwe ukuphatha ngokuyikho izinhlaka zomphakathi, kubalulekile ukuqinisekisa ukuthi wonke umuntu uyazi fut","Ingxoxo: Umthelela wokuminyana ethekwini laseThekwini kwezohwebo Umxhumanisi: Sanibonani, ngiyabonga ngokungivumela ukub"
2004,7299,0.0938,"Ngale kokufa nokuzwa ubuhlungu okungadingekile, umthwalo wezifo uvimbela kanzima intuthuko yezomnotho futhi sonakalisa i","Ingxoxo: Umthelela wokuminyana ethekwini laseThekwini kwezohwebo Umxhumanisi: Sanibonani, ngiyabonga ngokungivumela ukub"
1639,7300,0.0938,"Sewuphasisiwe Umthethosivivinywa ngenhloso yokwemukela Imishado yamaSulumani. Ngalo mbhalo, akuqondiwe ukuxoxwa ngoMthet",Lo mbuzo uhlose ukuhlola izinga elifanele labanye abasebenzi abathintekayo ocwaningweni lomphakathi ngaphandle kokuba um
3197,7041,0.0938,Inhloso wukusiza ababambe iqhaza ekusebenziseni kangcono ukuhlela intuthuko edidiyele njengesikhali esinomthelela omkhul,"Imfundo yahlukaniswa, kwaziswa kalula ukuthi abantu abamnyama banele bakwazi ukufunda, kanti abamhlophe kufanele bathole"
7023,1078,0.0938,"Ungafaka o-ziro phambili, kodwa lokho akunasidingo. Impucuko eqhubekayo ephokophelele ukwenza izinto ngendlela ngamazing","Imikhankaso yokuxhaswa ngokwengqondo yabonakala ibalulekile, ngaleso sikhathi abantu beqala ukubeka izimpawu zomphakathi"
3136,1487,0.0938,Futhi ingahlongoza noma ilungise iMithethosivivinywa engaphansi kweSheduli 4 yoMthethosisekelo (lezo izinto lapho isisha,"Ibhodi izoba nelungu elingaphansi kwezingu-7 futhi lingaphezu kwezingu-13, ezizokhethwa nguNgqongqoshe onomsebenzi. UNgq"
5486,5006,0.0938,b Uma inkantolo ingagculisekile ngobunini balokho okusansimbi eyigugu kuyonikezwa noma kuyothathwa umbuso. Uma umnikazi ,"Impendulo: Ukuze kuthuthukiswe izinga lezokwelapha, kudingeka kube nezinhlelo eziphumelelayo zokuphatha izibhedlela. Lok"
7607,5048,0.0938,2.1 Isikhungo sobuholi bendabuko ngesikhathi sombuso wengcindezelo. Indima edlalwa yizikhungo zendabuko ekuphathweni kwe,"Lokhu kuholela ekuthi abavakashi bangase benze iziphakamiso eziphuthumayo, okwenza kube nzima ukuhamba kahle kwezinsizak"
3739,3061,0.0938,"Sikhathazeke kakhulu ngokubulalana bobuwula obenzeka eKenya naseChad, izinto ezenza ukuthi intuthuko esesiyenzile eminya",Izinhlelo zokuthuthukiswa azizokwazi ukusiza kuphela ukuphathwa kwemiphakathi kodwa kufanele futhi ziqinise ukusebenza k
7452,4289,0.0938,Kubalulekile ukukhokhela ngokugcwele izindleko zikagesi wakho. Ukwenza njalo kuqinisekisa ukuthi ungasaleli emuva. Esikh,Izindawo zamasipala zikwazile ukuthola izihlahla nge-EIA ne-NEMA. I-SADC yonke iyalungiswa ngokomnotho ukuze ikhulise uk
2080,3658,0.0938,Uma i Menenja ye Ndawo iithola ukuthi okubanga ukwehluleka ukufinyelela kwisivumelwano kubangwa yiphutha lonemvume yokum,"U-NaJane uthi... Ezindabeni (amaphephandaba, ithelevishini, umsakazo) zalesi sikhathi, kukhuluma okuningi i-ANC Youth Le"
4490,5193,0.0938,"Ngale kwalokhu, uma ngabe lelo rekhodi lingabhaliwe ephepheni lingabonwa ngaleyo ndlela elicelwe ngayo, uma kwenzeka. Um",Izinkampani ezikhiqiza ugesi nazo kufanele zikhuthazwe ukuthi zisebenzise izindlela ezintsha zokubhekana nokushoda kukag
4875,3104,0.0938,Lokhu kuyasiza ikakhulukazi lapho isiguli singakwazi ukudla ukudla okuningi. Iziguli kufanele zikhunjuzwe ukuthi amafuth,"Mthembu: Yebo, ziningi izimpawu ezithinta abantu. Ukushintsha kwesimo sezulu kuholela ekwandeni kwezifo, ukuncipha kwezi"
5318,3054,0.0938,Omama kumele bagqugquzelwe ukuzama ukuncelisa besebenzisa izinhlangothi ezahlukene ukuze bathola ukuthi iyiphi indlela e,Umphakathi ungaxhumana nalesi sikhungo ukuze uthole usizo ngokushaya inombolo engakhokhiwe: 0800 005 133. Lesi sikhungo 
3936,1452,0.0938,Sesi shicilelo sombhaliso wesitifiketi sesikhiqizi mandla inqubomgomo 34.00. Sokukhishwa kwesitifiketi sokukhipha izinji,"Abantu abathanda izidakamizwa bangase banemikhuba yokuziphatha engajwayelekile, njengokuphazamiseka kokugxila, ukuhamba "
66,1083,0.0938,"Ingoma yesizwe yaseRiphabhuliki iyonqunywa nguMongameli ngokuthi enze isimemezelo. Ifulegi lesizwe linombala omnyama, os","Isiqalo Sesenzo: Ukuthunyelwa Kwama-Ambulensi Ngasekupheleni konyaka odlule, emzaneni ophawulekayo, kube nesenzakalo esi"
4263,1099,0.0938,Okungangcono wukuthola indawo enotshani noma enesihlabathi esithambile ongakwazi ukuhamba noma ugijime kuyona. Ukuzivoca,"Ukunakekelwa Kwezingane Ezisanda Kuzalwa Ezibhedlela Ukwamukela ingane emhlabeni kuyinto eyinhle, kodwa kukhombisa nezin"
1687,4729,0.0938,b ukuthuthukisa nokwenza lula ubudlelwano phakathi kohulumeni mayelana nemboni yotshwala; kanye c nokwenza- lula ukuxazu,"Inhlangano yethu ifuna ukuthi ulandele indlela efanele yokuziphatha endaweni yokusebenza! Ngokwenqaba ukukopela, ukweba,"
3864,4769,0.0938,Uhulumeni wentandoyeningi wakhe izikhungo ezifana neSikhungo Sokuthuthukiswa Kwentsha Sikazwelonke (NDA) okuyisona esigu,"Qedela Ifomu 11, Isicelo sokuthatha ingane, sengane ofuna ukuyithatha. Lapho Ifomu 12, Ukuvuma komzali noma umgadi sokut"
7517,2263,0.0938,Leli thimba libunjwe ngamalunga avela kuZwelonke neziFundazwe kanti uSihlalo walo ngu Ms N. Kela onguMqondisi oMkhulu kw,Akukho isinqumo esenziwe yiMithetho yezeMali esizoba sephukile ngenxa yokuba khona kwesikhala kuMithetho yezeMali noma n
7496,5743,0.0938,"Njengoba sonke sazi, izinselelo ezibhekene nezwekazi lethu yindlala kanye nokuvikela ukungasweleki kokudla. Isifo sofuba","Abantu abasha abangenamsebenzi bavame ukuba nezinselelo ezinkulu zempilo yengqondo, okubandakanya ukudangala nokukhathaz"
3861,5515,0.0938,nanoma yiyiphi inja enobudlova noma enolaka ngaphandle uma leyo nja ihlale iboshwe ngentambo noma ngeketanga kuze izivak,Umbiko: Izibhedlela Zikahulumeni Isingeniso Izibhedlela zikahulumeni zidlala indima ebalulekile empilweni yabantu baseNi
8001,5542,0.0938,"Bhala ephepheni izinyathelo ozitholile. (ngenxa yesinyathelo sokufuna imibono ehlukene, lesenzo asinayo indlela eyodwa y","Okwesibili, ezokwakhiwa kwengqalasizinda akukhona nje ukuhlinzeka ngezinsiza, kodwa futhi kubalulekile ekwakheni ubudlel"
3771,5416,0.0938,"Okwesibili, zibunjwe ngendlela yokuvikela abantu besiko noma bolimi oluthile noma abantu. Umbuso nabantu kufanele baqaph",I-GEMS ibheka lezi zidingo ukuze iqinisekise ukuthi abagibeli bayo bahlonipha izimfuneko zomthetho. Kubalulekile ukuthi 
4624,5422,0.0938,"Kwathi ngoMashi walowo nyaka isiBhunu saphoqelelwa ukuba ulimi lokufundisa kwezinye zezikole zaseSoweto, kwase kuthi umz","Ukubhikisha Kwabafundi: Izwi Lentsha Eliphakamisayo Ngokuqala konyaka, abafundi bezikhungo zemfundo ephakeme eNingizimu "
6122,7772,0.0938,"Vula ifayela yodaba ezimele yokwehlukahlukana ngakunye, usebenzise isiqalo esingu 23.11.3.1 silandelwe uphawu / kanye ne","Izindleko zokushicilela izinto kanye nezindleko ezihlobene nekhompyutha, kuhlanganise nezindleko zokuqala zephrojekthi, "
2974,7790,0.0938,"Ukumisa inkambiso eyodwa yokuhambisa ngokoMthetho ugesi, igesi ekumapayipi kanye nezimboni zamapayipilayini kaphalafini ","- Ubufakazi Bobuchwepheshe: Abahloli baphenyi izinsalela zomlilo, izinsiza zemizila, nezinsizakusebenza zokwakha ukuze b"
2400,7790,0.0938,Emsebenzini isisebenzi sigqoka futhi siziphatha ngendlela ekhulisa igama lalowo osebenzela iSizwe. UHulumeni kanye nomph,"- Ubufakazi Bobuchwepheshe: Abahloli baphenyi izinsalela zomlilo, izinsiza zemizila, nezinsizakusebenza zokwakha ukuze b"
4142,7819,0.0938,"Inhloso yomngenela kuwo wonke amazinga wukufinyelela ezingeni elifunekayo lomsebenzi wenhlalo. Noma kunjalo, kukhona ley","Kukhona isisho esivela kwezinye izilimi zomdabu esithi: ""Umkhonto awakhi indlu."" Ulwazi lwethu embonini ye-taxi luveze i"
1852,3314,0.0938,"Ngaphandle kokwanda kwezicelo zokukhishwa kwezisu okulindelekile, okungabangela ukukhula kwemali eyabelwe leso naleso si","Ngonyaka ozayo, le mceleko izobuyela futhi ithathe esinyathelweni esisha. Kulolu suku, umkhankaso wokufundisa nokwandisa"
1129,4703,0.0938,Umphathi bandla oyinhloko wangenela wathi ucabanga ukluthi lengxoxo iyazungeza ngoba manje ummangali usesishilo isifiso ,"Lokhu kusiza ukunciphisa ubuphofu futhi kuvuselele umnotho. Okwengeziwe, izinhlelo zokuvuselela izinsiza zempilo, njengo"
4552,6944,0.0938,Kungani wakhetha evulekile kulowo mdlalo? Wasebenzisa leli thuba ngosuku lwakhe lokuqala ehhovisi ukuveza ukuzinikela ek,Ukubamba iqhaza kwabantu kuyisisekelo esibalulekile sokwakha idemokhrasi yethu; kuyindlela eyodwa yokwenza ukuthi uhulum
3134,706,0.0938,"Umxhaso lwendlu kumuntu oyedwa, yigranti kahulumeni enikezwa umuntu siqu ofuna ukuba nobunikazi besitende esinamasevisi ","Umlando wephrojekthi yeMthombo Oil Refinery Iphrojekthi yeMthombo Oil Refinery, ethokozisa izakhamuzi zokuhlala eNingizi"
3297,711,0.0938,"UMnyango ubye wathuthukisa imiHlahlandlela yeNqubo kanye neziKhali zobuPhathiswa okugunyaziwe, okufanele kufundwe kanye ","25209. Uhlaka lweMithetho Yokuphakanyiswa: Izinga lemali 1 kuya kwelama-12: Uhlaka lwe-DPSA 1/7/1/4/1, olwandulela 27 Ja"
1430,7600,0.0938,Isitifiketi sezempilo somhlaba wonke esiqinisekisa ukuthi umjovo wokugomela i-yellow fever uyadingeka. Ulwazi lwezomnoth,"Kubalulekile ukuthi ama-bushings, ama-bearings, kanye ne-gearbox konke kube sesimweni esihle. Uma kukhona izingxenye ezi"
7310,7613,0.0938,"Zini izinhlelo ezifana nalezi esesiziqalile esifundazweni sethu. Ngikhuluma nje sinezinhlelo ezifanayo kwaHlabisa, eMang","Ngaphezu kwalokho, izinkampani ezisemthethweni kumele zikhuthaze imisebenzi yokunakekela, ukuze kube nezisebenzi ezihlon"
6131,7579,0.0938,Ukulawula ngokwejwayelekile izinsizasidingo zamanzi. ukunciphisa ingozi yokulimala emhlabeni uma kunezikhukhula; kanye u,"I-BMW - Uhlanga Olusha Lokuhamba Ngezimoto Isingeniso I-BMW, eyaziwa ngokuthi iBayerische Motoren Werke, iyinkampani edu"
7459,7587,0.0938,b Ikheli kanye/noma inombolo yefeksi eRiphabhuliki okungathunyelwa kuyo ulwazi kufanele ihlinzekwe. c Ubufakazi bokuthi ,Umphathiswa kufanele axoxe neBhodi mayelana nemiphumela yokuhlola. Noma yiziphi izimali ezisele kulolu Fund kusukela eku
8148,6547,0.0938,"Ngaphandle kwalapho kuhlinzekwe khona kulo Mthetho, imibandela yoMthetho Wezinkantolo zeziMantshi ka 1944 (Umthetho No. ",Umgomo wokuhlinzeka ngamathuba awusebenzi ezifundazweni ngoba zinegunya lokusebenzisa izilimi abazikhethayo. Izinsizakal
2329,6480,0.0938,"Ukusiza ekuhlonzeni izingqinamba zokuhlinzeka izimakethe zase-Afrika, kanye namasu okubhekana nazo, kuhlanganisa nokwakh","UMonica ubhekana nezinkinga ezidinga ukuthi abakhiqizi banikeze imibiko (izeluleko) nezakhono ezihlobene nobuchwepheshe,"
7509,6397,0.0938,UMnyango Wezabasebenzi unomthwalo osemahlombe awo wokubhekela amazinga amabili okuqala - izinga lomsebenzi osepulazini k,"Uthembisa, A.B., ukuthi ngokwazi kwakho akukho zithiyo zomthetho ezivimbela ukuba ube nobudlelwano obusemthethweni/umsha"
8001,6406,0.0938,"Bhala ephepheni izinyathelo ozitholile. (ngenxa yesinyathelo sokufuna imibono ehlukene, lesenzo asinayo indlela eyodwa y","Ukwakha izimboni ezincane, okwaziwa njengama-micro enterprises, kuyindlela ephumelelayo yokuhlinzeka ngemisebenzi. Uma u"
2509,1599,0.0938,"Abantu abethembekile baneqiniso, uzwelo, bakhuluma into eqondene. Abantshontshi, baqambe amanga, bakhohlise noma benze i","Ukuhlwanyela umhlaba kanye nokucindezela kwawo kuhambisana nazo zonke izenzo emapulazini: ukuhweba, ukujova, ukuvuna, nj"
5545,5062,0.0938,Inhloso yokumiswa kwe-CMA ukubandakanya imiphakathi yendawo ekuphatheni imithombo yamanzi. I-CMA iphatha imithombo yaman,"Abantu abaningi baphendula ngokunciphisa izindleko zabo, okungaholela ekwehleni kokuthengwa kwezimpahla. Lokhu kubangela"
2460,1462,0.0938,"Umqulu uphinde uzinikele ekuhlinzekeni lowo ocelayo ngesithombe esiphelele mayenala nokwakheka, imisebenzi, izinsiza kan","Impendulo: Iyunivesithi kumele iphathe izifundo ezinhle, imfundo ecacile, futhi ibenze bekhuthazwe ukuhlola izindlela ez"
577,181,0.0938,"Umthethosisekelo uqukethe izahluko noma izigaba, isibonelo; Umthethosisekelo waseNingizimu Afrika unezahluko eziyishumi ","Ukusekela lezi zilimi ezimbili ezikhungweni kusho ukuthi sithuthukisa ukufinyelela emithonjeni eminingi yokufunda, ezoku"
4068,110,0.0938,"I-adopshini isho ukwamukela ukuba ngumgadi ngokomthetho wengane, ngokulandela inqubo yosiko nesemthethweni yengane engey","Noma kunjalo, ukufaka izinhlelo zokuvikela, ukuphatha imiyalo, nokwakhiwa kwezindawo zokugcina izinto kuyasiza ekwakheni"
1281,110,0.0938,"I-adopshini isho ukwamukela ukuba ngumgadi ngokomthetho wengane, ngokulandela inqubo yosiko nesemthethweni yengane engey","Noma kunjalo, ukufaka izinhlelo zokuvikela, ukuphatha imiyalo, nokwakhiwa kwezindawo zokugcina izinto kuyasiza ekwakheni"
5919,122,0.0938,"Njengoba sesizoya esikhathini sama-holide kakhisimuzi, ukuchitha isikhathi nemindeni yethu kanye nezinhlangano esingapha",Imvume yokusebenza yokuhlonza amakhono akhethekile inikezwa umuntu ongaphandle onamakhono noma iziqu ezikhethekile. Inga
2245,5219,0.0938,Ukwenza imigqumo enyakazisayo. Kwesinye isikhathi kuyodingeka ukuba basebenzise ulimi lwabo lwebele njengalapho besuke b,Umbuzo: Yini okubalulekile ukuyazi ngempilo e-Sahara? Impendulo: Impilo eSahara ibalulekile emhlabeni jikelele. Ithinta 
4194,1826,0.0938,"Isibonelo 2: Uma isisebenzi silayezwa ngophethe ukuba senze i-oda yokuthenga impahla ngokungalandeli inqubo eyenziwayo, ",Umyalezo ovela kuNgqongqoshe Wezempilo uthi thina siyiMnyango Wezempilo futhi sikhona esifundazweni sikaMphakathi ngonya
1678,6376,0.0938,Umzali onesibophezelo namalungelo mayelana nengane angaqoka umuntu ofanele njengomzali ongumfakela bese enika lowo muntu,"Abancane, abachazwa njengabantu abangaphansi kweminyaka engu-21 abake bashade ngaphambili, kumele balandele umthetho. Ng"
738,6386,0.0938,"Ngibhalise eNyuvesi yaseDurban-Westville ngenza iziqu ze-Bachelor of Science, ngigxile kakhulu ku-Mathematics nakuPhysic","Abantu baqala ukuzizwa bephila kahle, bejabulile. Lokhu kwakukhombisa ukuba izikhungo zifana nama-ATM, njengoba zithola "
106,5092,0.0938,I-isrdp ilungiselwe ukuthola ukubumbana komphakathi kanye nomphakathi wasemaphandleni ongaguquki onezomnotho osebenzayo ,"Ukusungula uhlaka olulodwa lokulawula ukudluliswa kukagesi, igesi emaphethelweni, kanye nezimboni zegesi zezimoto zokukh"
8102,6316,0.0938,Amarenki amatekisi namarenki amabhsai noma izitobhi kuyoba yilezo ezibekwe ohlelweni olulungiswe yisiphathimandla esinik,"Ngaphezu kwalokho, izinkampani zamatekisi zisebenzisa izinhlelo zamaholo ezingaqondakali, okwandisa ukudideka phakathi k"
2354,6368,0.0938,"Ukukhululwa ekulandeleni umthetho kusho ukukhululwa kuzimiselo ezithize zoMthetho, imithethozimiso, izaziso noma imiyalo",Ukusungulwa kokuphathwa kwezinsiza zabantu okuhle nezindlela zokuthuthukisa imisebenzi. Ukuphathwa komphakathi kufanele 
5257,760,0.0938,"Ngenxa yohlobo loluchwepheshe bezigubhu zogesi okhokhelwa kuqala, kubalulekile ukuba abathengi bakwazi ukufinyelela esik","Lokhu kufanele kuhlanganise nemininingwane yakho, izincwadi ezisemthethweni, kanye nezincwadi zokuxhasa. Ngemuva kwalokh"
7310,691,0.0938,"Zini izinhlelo ezifana nalezi esesiziqalile esifundazweni sethu. Ngikhuluma nje sinezinhlelo ezifanayo kwaHlabisa, eMang","Ukufinyelela kwamahhala kulezi zikhungo kuzokwenza kube lula kubantu abaningi, ikakhulukazi labo abavela emiphakathini e"
1221,3470,0.0938,I -NA igunyazwe uMthethosisekelo ukuqoka uMongameli waseNingizimu Afrika phakathi kwaMalungu ayo. I -NA inamaLungu ePhal,"UThabo, odlalisa abantwana, ukuze baqhubeke bejabulisa imiphakathi yabo. Bakha amakhono kulo mkhankaso, ubuchwepheshe, u"
698,957,0.0938,Noma imuphi umsebenzi weSigungu seziPhathimandla obenza umsebenzi weSigungu iv noma imuphi omunye umuntu obenza umsebenz,Ukuphila Emadolobheni: Izinsiza Nezinkinga Zokuhlala Kwezakhamuzi Ukuphila emadolobheni kungenye yezinto ezibaluleke kak
3972,4539,0.0938,Kunezigigaba eziningi ezikhombisa ukuthi ukungaphumeleli kwemisebenzi akubangelwa ukungasebenzi kahle kwabaxhaswa kuphel,"Okokuqala, ukuhlela isikhathi sokusebenza nokuphumula kubalulekile ukuze kwakhe umkhuba ophumelelayo. Lokhu kuzokwenza a"
4415,7136,0.0938,"Luvama ukuba nezimpande ezinamandla futhi luzwana kalula nezimo sezulu ezahlukene. Kunzima ukulubulala, lukhuni futhi lu",Izingxoxo zekomidi lePhalamende mayelana nokungasebenzi kwentsha Umbuzo 1: Ngabe kwenzeka kanjani ukuthi uKomidi lePhala
7968,7143,0.0938,Lezi zinhlelo kufanele zididiyelwe futhi zisize imiphakathi ehlosiwe ekubhekaneni ngendlela egculisayo nazo zonke izinki,"Ukugcinwa kuyisibopho sokunikeza omunye umuntu, njengabantwana, ngokuhlinzeka ngezindlu, ukudla, izingubo, imfundo, kany"
2809,7151,0.0938,Ngesikhathi sokubhala incazelo yomsebenzi kanye nokuhlola uhlaziyo lomnyango ngamunye noma uphiko lwezinsizakalo ngokwen,"Ukuqashwa KweMisebenzi: Umcimbi Wokuthuthukiswa KweMisebenzi Ngomhla ka-15 kuNcwaba 2023, umcimbi obalulekile wokuthuthu"
3604,7132,0.0938,"Ngiyasho nje Sihlalo, ukuthi ngizocela ukuthi nibheke amaphepha ukusiza umsebenzi wami ekuhambeni kosuku. Njalo ngo Sept","Izikhungo zikahulumeni ezihlanganisiwe zamukela uhlelo lweRestorative Justice. Ngo-1999, iKomidi Labaphathiswa leBhodi y"
6840,2337,0.0938,"Ngakho, kuyacaca ukuthi uMthetho uhambisana nabantu abathile, usebenza kuphela ebantwini bomdabu baseNingizimu Afrika, i",Kukhona izitshalo eziphuma phezulu komhlabathi. Amanzi agcinwa kanjani emhlabathini? Amanzi agcinwa ezikhala phakathi kw
6979,5555,0.0938,Sidinga futhi ududidiyela izinyathelo zokulingana ngokobulili Ohlelweni Lokusebenza Lukahulumeni. Lesi sinyathelo sizoqi,Ukuhlela kuhlanganyela nge-IDP phakathi kweZululand District Municipality kanye ne-AbaQulusi Municipality kusetshenziswa
2885,5566,0.0938,Nonyaka sizowaqinisa impela amaxhama okusebenzisana nemiphakathi ukuletha usizo lwzempilo. Sizobheka futhi izindlela zok,"Abaholi Bezepolitiki: Indlela Yokuhola Nokuqondisa Izwe Abaholi bezepolitiki bangabantu ababalulekile emphakathini, njen"
3678,5865,0.0938,"Amadiphozi ayonqunywa yisiKhulu esiPhethe ezeziMali, lokho kunqunywa okuyoba ngokubili nenxenye kwi-akhawunti yenyanga y","Ibhodi izoba nelungu elingaphansi kweyisi-7 futhi lingaphezulu kweyisi-13, elizokhethwa nguNgqongqoshe onenhloso. UNgqon"
7354,5918,0.0938,Imibandela yokuqashwa komuntu njengomabhalane ngokuyala kwesigatshana (1) ngenhla iyefana nemibandela yokusebenza esents,"Izinhlelo zokuxhumana zikhona ukuze kube ne-ambulance ehamba phambili, izithuthi eziphuthumayo ezitholakalayo, nezikhung"
5515,2213,0.0938,"Nangaphezu kwakho konke, I-MHSI ingumlingani wakho kwezempilo nokuphepha. Kungabe ngokwehhovisi lezokuhlola, uhlelo olwe",Ukuphatha kahle ithuluzi lokutshala kungaholela ekukhiqizeni okukhulu noma ekuchithweni kwemali enkulu. Izinto ezibalule
1749,388,0.0938,"Lolu hlelo lufaka ukuklonyeliswa kwamabhonasi okwenziwa komsebenzi, okuhambisana nezilinganiso njengalokhu zibekiwe endi","Ngaphezu kwalokho, izindleko zokuphila zikhombisa ukuthi kudingeka izixazululo eziwusizo ukuze kusizakale abathengi. Izi"
8001,364,0.0938,"Bhala ephepheni izinyathelo ozitholile. (ngenxa yesinyathelo sokufuna imibono ehlukene, lesenzo asinayo indlela eyodwa y","Lokhu kuholela ezinkingeni ezimbili. Okokuqala, isitho asicindezelwa ngokuphelele emlonyeni, uma sikhona, futhi ulimi lu"
711,35,0.0938,Uma izinto zingeke zidayiswe ngokwesigatshana (3) iSikhulu Esigunyaziwe okuyisona esengamele indawo yokugcina impahla si,"Uma isikhundla somphakathi ophakathi singenalutho, amalungu kufanele emhlanganweni wabo wokuqala ngemuva kokuba isikhala"
1867,8127,0.0859,"Okulandelayo, bese). Ukusebenzisa izandiso ngendlela efanele emshweni (isib. Ugeza emfuleni). UKWAKHIWA NOKUSETSHENZISWA",Umthelela Wama-Social Media Entsheni Ngiyavuma ukuthi ama-social media ayingxenye ebalulekile yomphakathi wethu namuhla.
1639,4072,0.0859,"Sewuphasisiwe Umthethosivivinywa ngenhloso yokwemukela Imishado yamaSulumani. Ngalo mbhalo, akuqondiwe ukuxoxwa ngoMthet",Le ndatshana yokuhlola yakhelwe ukuhlola izinga elifanele labanye abasebenzi ababandakanyekayo ezivivinyweni zomphakathi
1953,3906,0.0859,UMthetho wempahla mbumbulu uAct 37 ka 1997: Inhloso yalomthetho ngukwethula izindlela zokuvimbela ukuhweba ngempahla mbu,Umbiko: Ukubamba Iqhaza Kwamavoti Nentando Yeningi Isingeniso Ukubamba iqhaza kwabavoti nentando yeningi kubalulekile ez
7332,7978,0.0859,"Emphakathini wendawo, izidingo zabantu nezidingonqangi kanjalo nezimo zendawo kufanele zixhunyaniswe nemihlahlandlela ka",Isiphakamiso sokuhlela kabusha kohlelo lwemunicipality singahlanganiswa nesiphakamiso sokuhlukaniswa komhlaba noma ukuhl
3156,253,0.0859,"Okokuqala, lolu Phiko lukwazile ukuthola ukungabikho kokwehlukana ngokwethulwa kwenonzi e-Iran. Uhlala edla isidlo sasek","Umsakazo Wezempilo Nezemfashini Ngomphakathi wonke ubumbene, umcimbi obalulekile wezemfashini, owaziwa ngokuthi ""Umsakaz"
8001,4556,0.0859,"Bhala ephepheni izinyathelo ozitholile. (ngenxa yesinyathelo sokufuna imibono ehlukene, lesenzo asinayo indlela eyodwa y",Abasebenzi kufanele baqonde ukwamukela ukuzikhandla kokuthuthukisa izimo zabo. Lokhu kuzohlanganisa ukuqinisekisa ukuthi
1997,8070,0.0859,"I-SANTACO ngakho-ke izokuhlanganisa imboni yamatekisi, osomaciko bezithuthi zomphakathi abaqashwe nguNgqongqoshe kanye n",Imoto ethwele impahla eyingozi - iminyaka engu-25. Uma usuhambe le ndlela yemoto futhi uqinisekiswe njengokufanele ngorg
5257,106,0.0859,"Ngenxa yohlobo loluchwepheshe bezigubhu zogesi okhokhelwa kuqala, kubalulekile ukuba abathengi bakwazi ukufinyelela esik",INingizimu Afrika imele isithombe esiphelele somphakathi esiyisithombe sezinhlanga ezakhiwe phezu kwefa elicebile nelihl
3340,7136,0.0859,Lesi sibopho sibandakanya uhlaka lwezinhlelo zentuthuko edidiyele omasipala bonke abakhele umasipala wesifunda. Umthetho,Izingxoxo zekomidi lePhalamende mayelana nokungasebenzi kwentsha Umbuzo 1: Ngabe kwenzeka kanjani ukuthi uKomidi lePhala
1272,7136,0.0859,Eminye imithombo ehlangabezana nezidingo zomthetho enjengezinhlelo zosizo kanye noxhaso ngezimali oluvela kubaxhasi. I-W,Izingxoxo zekomidi lePhalamende mayelana nokungasebenzi kwentsha Umbuzo 1: Ngabe kwenzeka kanjani ukuthi uKomidi lePhala
4338,7149,0.0859,a zokubandlulula mayelana namanani noma izimo zokusebenzisa; kanye b nokwehluleka ukuthola ilungelo lokusebenzisa amapha,"Lokhu kufaka phakathi ukwakhiwa kwemizila yokuhamba, izindawo zokudlala, nezinye izinsiza ezithokozisayo ezisheshayo. Uk"
2329,991,0.0859,"Ukusiza ekuhlonzeni izingqinamba zokuhlinzeka izimakethe zase-Afrika, kanye namasu okubhekana nazo, kuhlanganisa nokwakh","Ukuze kudliwe ngabantu, i-soybeans kumele iphakwe emlilweni ""omisiwe"" ukuze ibhubhise ama-trypsin inhibitors (okuyizithi"
3593,7211,0.0859,Umhlangano wemukela njengerekhodi eliyiqiniso lalokhu okwakubhungwe ngakho. Azibanga biko izindaba ezivuka emaminithini.,"Lezi zithakazelo zifaka phakathi i-National Language Centre yeMnyango Wezobuciko namasiko, i-Gauteng Provincial Governme"
6752,3459,0.0859,"Noma yimuphi umkhumbi, indiza noma impahla ethunjwe inoma yimuphi umuntu oboshwe ngokwalesigaba, kufuneka ayiswe eRiphab",Khumbula ukuthi iphuzu lokuqala lokuxhumana kufanele kube umthengisi wendawo. Umthengi unelungelo lokukhala ngezinga len
738,4567,0.0859,"Ngibhalise eNyuvesi yaseDurban-Westville ngenza iziqu ze-Bachelor of Science, ngigxile kakhulu ku-Mathematics nakuPhysic","Ukuphathwa Kwezingozi (GEMS Risk Management) Ekuhloleni izinga lokuphathwa kwezingozi, kubalulekile ukuqonda ukuthi le n"
6463,1357,0.0859,"Isigaba 8 1 no 2 soMthetho Wokwehlukanisa Umshado sihambisana nezinguquko ezifanele ezidingwa yingqikithi yesimo, siyase","Lokhu kungadala umjikelezo wokuhlupheka, njengoba abafundi abangenayo imfundo ephezulu behluleka ukuthola imisebenzi efa"
1486,3685,0.0859,"Ikakhulukazi kulesi sikhathi semithetho emisha. Izinsolo zokuhlukumeza amandla okubusa ngabaholi bendabuko, ukuphakanyis","Izinkinga Amaphoyisa Abahlangabezana Nazo Nokho, amaphoyisa abhekene nezinselelo eziningi. Ukukhula kobugebengu, izidaka"
1266,3686,0.0859,"Kukhona izimakethe eziningi zebio-fuel eduze nezindawo ezikhiqiza ummbila namabele enyakatho ezweni lethu, futhi nasezin","Lokhu kwaholela emiqhudelwaneni emikhulu efana neNdebe yeRugby World Cup, eyaba yisikhumbuzo sokuhlanganyela kwabantu em"
2868,4328,0.0859,"Kodwa ngesikhathi umyeni u -Colt ethatha isinqumo sokucekela phansi amathuna angasanakiwe ngemuva kwendlu, kwasuka isidu",Yiziphi izinzuzo zokuba yilungu leli qembu lokufunda? Ngithole isimanga esikhulu lapho ngiya ukubona lokho abakwenza; ng
1761,4363,0.0859,Izinyathelo ezithathwe ohulumeni besifundazwe kanye nabasekhaya ekunciphiseni imithetho enezivimbelo kanye nezimo zokuph,"Imiklomelo Nokuqashelwa Kwabasebenzi: Indaba Yomlando Ekuqaleni kwenkathi yeziqu, umqondo wokuhlonipha abasebenzi wawung"
4258,4329,0.0859,"Ngesikhathi salo msebenzi amalungu athola izimpahla ezinjengosofa, imibhede, amakhompyutha, amathuluzi asengadini kanye ",Odokotela kufanele bakwelaphe amacala abekwe engcupheni ngokuhambisana nezindinganiso zokudluliselwa kolwazi (protocol) 
3860,6712,0.0859,simeme abantu abanentshisekelo abafanelekile ukuba ngamalungu esiGungu seziKhalazo ukuba babekhona ukuze baqokwe njengam,"Abakhona: Abednigo Zilimbola. Ngomhla kaSepthemba 25, 2008, uHlelo Lokuthuthukiswa KweFarmers lwe-Grain SA luzokhunjulwa"
721,4643,0.0859,"Uphenyo lwabo futhi lwaholela amaphoyisa asesiteshini samaphoyisa sakuQumbu, manje usaphenywa ngemuva kokuba evumile uku","Amalungelo abasebenzisi mayelana nolwazi ngezinsizakalo zezempilo, izinsizakalo zokwelashwa eziphuthumayo, kanye nokubam"
2388,4415,0.0859,Umuntu othola imoto ethintekayo esigatshaneni 1c kumele athole ilayisense yokuyisebenzisa ngaphambi kokuthola imoto uma ,"Njengabantu, kufanele sifunde ukucabanga ngokungaphezulu kokuphila kwethu, sihlanganyele ukuze sithole izixazululo eziwu"
8095,4441,0.0859,"Ngaphezulu kwalokhu, izikhungo ezitshala imali esabalele yocwaningo nentuthuko kanjalo nokusungulwa kwamacebo amasha iyo","Kumele babe nezimvume ezifanele, izitifiketi zokusebenza, noma igunya lesikhashana; futhi kumele babhaliswe ngaphansi kw"
8001,931,0.0859,"Bhala ephepheni izinyathelo ozitholile. (ngenxa yesinyathelo sokufuna imibono ehlukene, lesenzo asinayo indlela eyodwa y","Ngaphezu kwalokho, izinsolo zenkohlakalo zenza kube nzima ukufaka izinhlelo zokuthuthukisa umphakathi. Uma abantu benoku"
815,918,0.0859,lIungu lesiGungu seziKhalazo elikhethwe ngumphathisihlalo ukuba IHalele isikhaiazo kufanele ngokugcwele liveze obala uhl,"Lokhu kwaholela ekutheni kube nezinguquko ezinkulu, njengoba izikole zathola izinsiza eziningi, futhi izinhlelo zokondla"
7288,4640,0.0859,"Photos: Isembeso somhlabathi: Lokhu kuyinhlanganiso kwezinhlanga, amakhasi nomhlabathi othambile okubekwa eduze nezitsha",Kukhona izifo eziningi esizithola kubazali bethu nabokhokho bethu. Kukhona okuncane noma akukho okungakwenziwa ukuvikela
6867,912,0.0859,UMlawuli kufanele kuthi ngokushesha ngemuva komhlaka- 31 kuMashi walowo nalowo nyaka kungakadluli umhlaka 30 Juni walowo,"Ngokwenza lokhu, i-ICD iqhuba umsebenzi wokwenza ukuthi izinyathelo zokulungisa zingagwenywa yi-SAPS ezimweni lapho kuba"
7042,4384,0.0859,"Kulesi sigaba ""imithetho"" ichaza imithetho yesikhungo nengodla yokulondoloza. Ngemuva kokukhipha imvume yenhlangano ezil","Uma usuku olubekwe lokuqala kwesikhathi singelona usuku lwenkantolo, lesi sikhathi sizoqala ngosuku lwenkantolo olulande"
1702,6672,0.0859,Ukuchaza amalungelo nezibophezelo zezingane; ukuchaza izibophezelo namalungelo abazali; ukunquma inkambiso nemihlahlandl,I-visa yebhizinisi iyimvume enikezwa umuntu ongaphandle ofuna ukusungula noma ukufaka imali ebhizinisini eNingizimu Afri
5972,1257,0.0859,"Njengamalungu angabasunguli balesi sikhungo, sifaka isandla ekulungiseni uhlelo lwamazwe omhlaba lwamalungelo esintu. Uk","Ukungafaki izilimi eziningi kungaphinde kuholele ekunciphiseni amathuba okuphumelela kwabafundi, njengoba abanye bengaha"
4734,1357,0.0859,"Isigaba 8 1 no 2 soMthetho Wokwehlukanisa Umshado sihambisana nezinguquko ezifanele ezidingwa yingqikithi yesimo, siyase","Lokhu kungadala umjikelezo wokuhlupheka, njengoba abafundi abangenayo imfundo ephezulu behluleka ukuthola imisebenzi efa"
1867,1293,0.0859,"Okulandelayo, bese). Ukusebenzisa izandiso ngendlela efanele emshweni (isib. Ugeza emfuleni). UKWAKHIWA NOKUSETSHENZISWA","Ukungasebenzi Kwentsha Ngiyavuma, lezi zinsuku sithola izinkinga eziningi ezithinta intsha. Ukungasebenzi kwentsha sekuy"
7509,1202,0.0859,UMnyango Wezabasebenzi unomthwalo osemahlombe awo wokubhekela amazinga amabili okuqala - izinga lomsebenzi osepulazini k,"IBhodi kumele ihlangane noma ibambe imihlangano okungenani kathathu ngonyaka, futhi imihlangano izobanjwa ngesikhathi ne"
391,3258,0.0859,Ngokwesikhashana ngizokwamukela ngokusemthethweni izithunywa ezisuka kukhomanda omkhulu we-MK. Njengoba imbongi yaseNing,"Ngesikhathi sokhetho, abahlali babefuna ukuzikhethela. UJohn, uSindi, noZola benza imizamo yokuhlangana, bese besebenza "
3988,3257,0.0859,"Ukuhlola lokhu kufanele kubuye kusize abafundi ukuthi bakwazi ukwenza izinqumo ngokuseben-za kwabo, ukuzihlelela izinhlo",Abasebenzi abasasebenza kumele bavezwe noma ngabe abanye baphakanyisiwe ezikhundleni zabo. Izikole ezizimele kumele zikh
7857,4843,0.0859,"Eminye imibhalo iqondiswe ohlelweni uqobo, kanti eminye kwiziko eliphakeme, eminye eziko. ""Imibhalo"" iqondiswe emithonje",Ngokuphathelene nohlobo olusha lwezilwane noma uhlobo olusha lwezilwane oludingekayo ukuba lungene ezweni noma lukhulisw
938,6809,0.0859,Umquli wodaba kufanele alandele umthetho ongamele (ohlahla) inqubo enkantolo lapho udaba lufakwe khona lokhu akwenze ngo,b ukulungiswa esigabeni I sesigaba esilandelayo. b ukukhipha isaziso sokubiza ngokuhambisana nemithetho yesigaba 211 aku
3934,4773,0.0859,"Ukuqinisekisa ngokuhamba kahle kwe-WRULD, kumele kube khona isiqiniseko sokuthi iyalandelwa. Thola ukuthi yimiphi imiseb",Ukwakhiwa kwesembozo esenziwe ngezinto eziphilayo ukuze kugcinwe umswakama okwakhiwe uthuli emaphethelweni omhlabathi ku
8173,5974,0.0859,"Ngaphandle kwanjengoba kuhlinzekelwe kusigatshana(1) noma kunoma yisiphi esinye sezimiso zoMthethosisekelo, awukho umthe",Noma ubani ongahambisani nezinhlinzeko zesigaba 3 a noma oshayela noma asebenzisa imoto ngesikhathi sokuvinjelwa kwakhe 
766,2213,0.0859,"Siyazi ukuthi iNingizimu Afrika ayithintekile ngokunamadla kunamanye amazwe. Ngempela, ngesikhathi lapho abanye benokweh",Ukuphatha kahle ithuluzi lokutshala kungaholela ekukhiqizeni okukhulu noma ekuchithweni kwemali enkulu. Izinto ezibalule
1672,2198,0.0859,IDVD lihlanganiswe ngendlela evumela umfundisi ukumisa iDVD ezindaweni ezintathu ukuze umfundisi uzokwazi ukuxoxa ngalok,"Ngaphambi kokugxila kakhulu ekuxoxweni kweMthetho Wokushada Kwendabuko (owaziwa lapha njengomthetho), kubalulekile ukuve"
1657,5512,0.0859,Omele ezempilo kufanele lapho engena endaweni azoyihlola azazise ngokuveza isitifiketi esikhishwe ngaphansi kwesigaba - ,Ukuhlolwa kwezinqumo ezivela ezinkantolo zendabuko nakho kuyakhuluma. Izinqubo okufanele zilandelwe ukuze amacala aqhamu
1560,2213,0.0859,"Siyazi ukuthi iNingizimu Afrika ayithintekile ngokunamadla kunamanye amazwe. Ngempela, ngesikhathi lapho abanye benokweh",Ukuphatha kahle ithuluzi lokutshala kungaholela ekukhiqizeni okukhulu noma ekuchithweni kwemali enkulu. Izinto ezibalule
6456,2800,0.0859,"b Ifomu okufanele izicelo zenziwe ngalo kumbandakanywa nemali okufanele ikhokhwe ekulethweni kwesicelo, indlela okufanel",Ukuxhumana okuhle kudingeka ukuze abazali baqonde izinyathelo ezidingekayo ekunakekeleni izingane zabo. Odokotela kumele
5726,2602,0.0859,Ingabe beziseningi yini izimoto zezikhulu ezisalindele ukujikela enkudleni? Imisakazo yangasese kumele iphoqwe ukuthi ik,"Ukwesshwa kolwazi kudinga ukuzihlanganisa kwezinhlangano zomphakathi, izinkampani, nohulumeni. Lokhu kuzokwenza kube lul"
8031,1921,0.0859,"a ngokuthanda kwayo noma ngemuva kokuthola isikhalo, iphenye noma yikuphi ukungaziphathi kahle noma ukwephula umthetho o","Ngiyavuma, akukho okukhuluma ngakho. Izimo eziphathelene ne-cybersecurity kumasipala ziya ziba zinkulu, futhi zidinga uk"
8001,2914,0.0859,"Bhala ephepheni izinyathelo ozitholile. (ngenxa yesinyathelo sokufuna imibono ehlukene, lesenzo asinayo indlela eyodwa y",kodwa umnuz’Bheki wathola ukuthi kwakukhona indlela yokugadla. Lokhu kuphinde kahle kephululwa umoya. UThandi wathola uk
4155,5260,0.0859,Inothisi yokuba kulandelwe umthetho iyaqhubeka isebenze kuze kube ukuthi lokho okuhlinzekwe nguMthetho sekuthotsheliwe n,"UButhelezi waphakanyiswa njengomholi ohloniphekile, ophikisana nezinqubomgomo ze-Apartheid, kodwa owazisa kakhulu izimis"
3788,5266,0.0859,"Ezinyangeni ezimbalwa ezizayo sisalinde ukhetho lukazwelonke kanye nolwezifundazwe, sizozama ukuqedela igunya. nokulekel","Ukufunda ekwenzeni izinqumo ezinzima, ukufunda ukuvuma izinkinga, kuyasiza ekwenzeni impilo ibe ngcono. Ekugcineni, izin"
6871,5306,0.0859,"Kwezinye zalezi zinsiza, akuphethwe kahle kanti nendlela abasebenzi abacabanga ngayo idinga ukuthi yenziwe ngcono. Kweze","Isahluko 1: Izinsuku Zokuthula UMsizi wayephumile emsebenzini, ebheke ekhaya eHammanskraal. Umoya wawubukeka kahle, nezi"
5535,1825,0.0859,IKhabhinethi iqaphela ukuthi ukuqhubekela kunenqubekela phambili ekusebenzeni nasekuqondisweni kwesizinda se-Industrial ,"Imiphumela Emibi I-Acid mine drainage inemiphumela emibi eminingi. Okokuqala, ikhona ingozi yokungcoliswa kwemithombo ya"
1554,3027,0.0859,Imininingwane ehluziwe ibe isihlelwa ukuze ikhiphe isethi yemininingwane eliqiniso. Imibiko evela emazweni aphesheya kwe,Isicabha siqala ukukhula ngokushesha. Izicabha ezine-silk ziqala ukuvela ngokushesha ezikhala eziyi-6 kuya kweziyi-8 phe
3153,3025,0.0859,U Ngqongqoshe ngokwazisa kwi Phephandaba likahulumeniangamema izicelo zokusabalala nezamalungelo okukhiqiza ngokwe bhulo,Futhi kumele uhlale ukhumbula ukuthi ungowodwa kuphela ozokwazi ukuthi iyiphi iqembu oyisekela - ukuvota kwakho kuyimfih
8001,4227,0.0859,"Bhala ephepheni izinyathelo ozitholile. (ngenxa yesinyathelo sokufuna imibono ehlukene, lesenzo asinayo indlela eyodwa y",Kukhona izifundo eziningi zempilo nezokuhlola ezikhombisa ukuthi imidlalo ethile ingasiza ekunciphiseni ukukhathazeka na
7284,4258,0.0859,"I.5 Ukusiza ukucwaninga ukuqashwa ezisebenzini zikahulumeni, isikhulu esiphethe siyohlanganisa zonke izikhundla emnyangw","Isivumelwano kumele sichaze ukuthi noma iyiphi uhlelo olubhaliwe, incwadi yemiyalelo, isizinda solwazi, uhlu olunembile,"
4136,4298,0.0859,"ngokusebenzisa isabizwana soqobo esihlanganisayo 'thina'). Ukubonisa umusho osemqoka, ukwehlukanisa amaphuzu asemqoka ku",Lokhu kuzokuvumela ukuba uqonde izinsizakalo ezitholakalayo nezisebenzi. Isigaba 5: Ukuhlela Ukuhamba Lapho uthola izikh
3607,4258,0.0859,"a ngokwezimiso zesigaba- 923b zoMthethosisekelo, siyofakela ulwazi olubekwe esiqondisweni- III J.2 noma- J.3 embikweni w","Isivumelwano kumele sichaze ukuthi noma iyiphi uhlelo olubhaliwe, incwadi yemiyalelo, isizinda solwazi, uhlu olunembile,"
2117,3849,0.0859,Ukuphenywa kodaba kufanele kwenziwe ngokushesha nangendlela ezokhuthaza ukukhululeka kwalabo abathintekayo ukuze babambe,"Ngokubheka isimo sangempela mayelana nabantu abashonile ngaphambi kosuku lwe-27 March 1994 kanye nezimo ezingabikiwe, le"
7525,1867,0.0859,Isicelo siyoqedwa uma ikhansela elisifakile noma osivumele kade engekho emhlanganweni ozoba nenkulumompikiswano. Ikhanse,"Cha, angikhumbuli lokho nhlobo. Masihlangane ukuze sithuthukise ukufinyelela empilweni engcono. Lokhu kuwumbhalo omude k"
6883,3836,0.0859,Kukhona izinsuku ezibekiwe okumele kufakelwe ngazo amadokhumende kanye namametheriyali ezingxenye ezisetshenziswa ukwand,UKomidi ubuye uphakamise ukwakha izinhlelo zokweseka abaqashi ukuze baqashe intsha. Umbuzo 5: Ingabe uKomidi lePhalamend
6205,6301,0.0859,"Chofoza lapha ukuze ufunde okushoshozele lo mklamo oyinkimbinkimbi. Chofoza le nkinombo ukuze uqiniseke futhi ungene, uy","Izingxabano zamaholo emkhakheni kahulumeni: Ingxoxo noMnu. Dlamini, Umsebenzi Kahulumeni Umqondisi Umqondisi: Sawubona, "
6960,5108,0.0859,"Ukuze kugqugquzelwe ukuphatha ngokuyikho izinhlaka zomphakathi, kubalulekile ukuqinisekisa ukuthi wonke umuntu uyazi fut",Imiklomelo nokuqashelwa kwabasebenzi Isingeniso Imiklomelo nokuqashelwa kwabasebenzi kubalulekile ezikhungweni zomsebenz
1275,1722,0.0859,"Lawa mahovisi abuye engamele iziQhumane, ubuNjiniyela bamaDwala kanye nokuQeqeshwa ngokulandelana. IHhovisi lezokuPhepha",Lo mthetho uhambisana nelungelo leMthethosisekelo elikhulunywa esigabeni 32 seBill of Rights seMthethosisekelo futhi kum
4632,1782,0.0859,Abasebenzi banelungelo lokufaka izikhalo kwiKhomishana yeZikhalo kwiSifundazwe ngamazinga abaziswe ngawo engakapheli ama,Abaphathi baphathiswa (ngokweSigaba 66 sika-2008 mayelana nokubalwa kwezinhloko zonyaka ka-2009) ukuba banikeze ulwazi o
7509,6474,0.0859,UMnyango Wezabasebenzi unomthwalo osemahlombe awo wokubhekela amazinga amabili okuqala - izinga lomsebenzi osepulazini k,"Ibhodi kumele ihlangane noma ibambe imihlangano okungenani kathathu ngonyaka, futhi imihlangano izobanjwa ngesikhathi ne"
3145,7579,0.0859,"Uma unezimpawu ezingathenicono, hlala ekhaya futhi gwemanqanda ukuhlangana nabantu. Ngifisa ukuniqinisekisa ukuthi ososa","I-BMW - Uhlanga Olusha Lokuhamba Ngezimoto Isingeniso I-BMW, eyaziwa ngokuthi iBayerische Motoren Werke, iyinkampani edu"
4034,6588,0.0859,Njengoba sihlanganisa imizamo yethu silindela iNqubo Engajwayelekile kumele sigqile ekukhulumisaneni siyisizwe ngezindab,"Isimo Somnotho WaseNingizimu Afrika: Indaba Yomlando Ningizimu Afrika, izwe elinothile ngempilo yalo, linomlando omude n"
2903,6588,0.0859,Eyesibili ngeyokwetha izindawo zethu amagama edinga uhlelo okuvunyelwene ngalo kuzo zonke izifundazwe ukuze sakhe isisek,"Isimo Somnotho WaseNingizimu Afrika: Indaba Yomlando Ningizimu Afrika, izwe elinothile ngempilo yalo, linomlando omude n"
5259,6481,0.0859,"UMquli wodaba kufanele ngaphambi kokuba kunqunywe ukuthi kube khona ubandlululo olungalungile, inkulumo enenzondo, ukuhl","Ukwelashwa - Abantu abathintekayo bathole usizo lwezempilo, futhi izikhungo zezempilo ziqinisekisile ukuthi banikezwa uk"
4458,1552,0.0859,Lowo ofake isicelo kufanele akhombise ukuthi ucela umfanekiso noma ikhophi yalelo rekhodi noma ufuna ukuza azozibonela l,"Kodwa-ke, nakuba le nkinga ibonakala ibucayi, kunezixazululo ezithile ezingasetshenziswa ukuze kulungiswe ukushoda kukag"
2523,6634,0.0859,Lokhu kungase kudinge nanoukuqhathanisa umphumela phakathi kwezinhlobo ezimbili zemithi/ zokwelapa. Ikhwalithi isho ukwe,Ukwelashwa okujwayelekile ngeTamiflu kuzoholela eziphethweni zokwelashwa ezinhle uma lo muthi usebenza futhi kungavimbel
516,1515,0.0859,"Kunesisho esivela kwezinye zezilimi zesintu esithi: ""Induku ayiwakhi umuzi"". Ulwazi lwethu embonini yamatekisi selukhomb","Ukwakha Izimiso Zokuziphatha Nokuhlonipha Okwengeziwe, kubalulekile ukusiza izingane zikhule zisendaweni efanele yokuzip"
2821,5048,0.0859,"Kokubili, intengiso nezindleko kuyanda ngokuhamba kwesikhathi, kodwa kumaleveli ahlukene. Isibonelo: ngo-26 Mashi 2010 u","Lokhu kuholela ekuthi abavakashi bangase benze iziphakamiso eziphuthumayo, okwenza kube nzima ukuhamba kahle kwezinsizak"
5485,3181,0.0859,Amarabi isifo esithathelanayo esi-bangwa yivariyasi (igciwane) yezilwane ezi-nawo. Siyisifo esisuka esilwaneni esinom-go,"Mthembu: Ngiyakholelwa ukuthi uma abantu beqonda ubukhulu balolu daba, bazokwazi ukwenza izinguquko. Kubalulekile ukuthi"
3619,3143,0.0859,"""Namuhla ngingumuntu obongayo othokozayo. Ngibonga uNkulunkulu ngoba nguye owangipha lolu thando lokulima."" Lawa ngamazw","Kusho ukuthi, ukuthola imfundo oyithola emkhakheni wakwaHulumeni kudala izinga eliphezulu lokuwina izifundo ezinzima, ez"
2559,3135,0.0859,"Inzalo ibalwa ngenyanga isuselwa eqophelweni elimiselwa unyaka, ngezilinganiso ezibuyekezwa ngezikhathi ezithile nguNgqo","Ukugunyazwa Kodokotela Nokuxhumana: I-GEMS Iphakamisa Izinga Lokunakekelwa Kwezempilo Ngokuhamba kwesikhathi, izidingo z"
4875,3132,0.0859,Lokhu kuyasiza ikakhulukazi lapho isiguli singakwazi ukudla ukudla okuningi. Iziguli kufanele zikhunjuzwe ukuthi amafuth,"Ukuhlukunyezwa Kwamalungelo Abantu: Inselelo Ebalulekile Emhlabeni Wethu Ngokuhamba kwesikhathi, ukuhlukunyezwa kwamalun"
1823,2759,0.0859,"Kwabe sekwenziwa isincomo sokuthi kusungulwe i MHSI, eyabe izokugxila kuzindaba zezempilo nokuphepha ezimayini. Lezi zik","Izinhlelo ezisizayo kumele ziqhubeke, futhi ukubamba iqhaza okuhle kuzobonisa ukuthi sibhakabhakela phambili. Umphakathi"
8001,1936,0.0859,"Bhala ephepheni izinyathelo ozitholile. (ngenxa yesinyathelo sokufuna imibono ehlukene, lesenzo asinayo indlela eyodwa y","Nokho, sigxile ethembeni nasezifisweni. Singasho futhi ukuthi, ngendlela engajwayelekile, izakhiwo zomthethosisekelo zih"
6536,6201,0.0859,Kufanele kubhekelwe futhi nalezo zikole ezikhuthaza umkhiqizo wabafundi bakamatikuletsheni abamnyama nabesifazane beZiba,"Yingakho thina, njengohulumeni bezolimo nezindaba zemvelo eKwaZulu-Natal, sikhumbuza amazwi kaNgqongqoshe uManuel ukuthi"
852,7711,0.0859,"Noma yiliphi ilungu labasebenzi akufanele, ngaphandle kokuthola imvume ebhaliwe kwisiKhulu esiPhezulu, lenze noma yimuph","Lokhu kuhlangana kwempilo yansuku zonke nemishini ye-AI kuveza indlela entsha yokuxhumana, lapho abantu bengahlanganyela"
8001,7752,0.0859,"Bhala ephepheni izinyathelo ozitholile. (ngenxa yesinyathelo sokufuna imibono ehlukene, lesenzo asinayo indlela eyodwa y","Thabo Mbeki, uthe: “Siyaziqhenya ngokuba neNkantolo ezimele, futhi sikholelwa ukuthi isinqumo sethu sizokwenza kube lula"
7804,5353,0.0859,"Ezinyangeni ezimbalwa ezizayo ngokuncika okhethweni lukazwelonke nolwezifundazwe, sizozama ukuqedela lelo gunya elamukel","Kodwa-ke, ubuchwepheshe obusha obusetshenziswa ekwakhiweni kwephrojekthi ye-flue gas bukhombisa ithemba lokuthi lezi zin"
7382,6224,0.0859,"Sizozama nokho ukulwenza ngcono thina lolu olwethu hlelo, siphinde fithi silwele ukulusebenzisa ngempumelelo. Sizokwenza",Ngokwenza: - ukuqinisekisa ukuthuthukiswa kwezimo zomphakathi nezomnotho esifundeni ngokusekelwe ekplanini ehlanganisiwe
5327,2153,0.0859,"Uma kwenzeka kuba nezinto engingazisho noma izinto ezingamelekanga kahle, ngiyazi ukuthi ubulunga bami bunganqanyulwa fu","Yini inhloso yokubamba umuntu? Yini okusho ukuthi umuntu ubhekwa njengomuntu ongaphikiswa? Yiziphi ezinye izindlela, nga"
3591,5586,0.0859,"Emuva kokwamukela isiqiniseko esibhaliwe saMamaki Okuhlolwa Okuqinisekisiwe kokugcina emnyangweni, isisebenzi esinesikha","Uknownwa njengomuntu ophakeme, uMandela wabamba izinkulumo emhlabeni wonke, ethula khona indlela yokuphila ngothando, ux"
7553,5636,0.0859,Noma yiliphi ikomidi lomkhandlu kufanele lizibekele imithetho yawo azoyilandela kodwa ngokuqondiswa umkhandlu kanye nale,"Lapho uthumela izikhumba ezimanzi noma ezomile nezicoco, ifomu lesicelo kumele liqinisekiswe udokotela wezokwelapha izil"
5809,275,0.0859,Kufanele kube nolunye uhlelo olulindile noma olungodliwe futhi kufanele lubukezwe njalo. Lowo nalowo mlimi noma umuzi ku,"Lezi zifundo zigcizelela ukuthi umuntu uthola ukufundiswa okukhuthazayo, okwenza kube lula ukuzazi izimo zabo. I-Psychot"
6170,283,0.0859,Ukushintshwa kwendlela yokugeleza kwamanzu kuqala kwakuthiwa ukuphambukisa umfula . Kodwa manje sekusetshenziswa igama e,"Izixazululo Nezinyathelo Ezingathathwa Noma izingqinamba ezibhekene nesifo sikashukela zinkulu, kunezixazululo ezitholak"
5017,7872,0.0859,"Ungayikhulumi leyo ngoba ingishayisa uvalo. Ngathi ngiyamchazela ubunzima esengikubo, nokuthi makazifunele omunye umuntu","Ukuthuthukiswa Kwesikhathi Sokuphendula Ezimeni Eziphuthumayo Ezinsukwini zanamuhla, izimo eziphuthumayo ziba yinkinga e"
7725,4015,0.0859,"Inyama ebomvu yangaphakathi kufanele igezwe ngamanzi ahlanzekile agelezayo, ziphanyekwe emahukeni noma zibekwe ezitsheni",Ibhodi leMuni yaseBuhlebizwe lamukela lezi zinhlinzeko zomphakathi emhlanganweni walo ngomhla zingu-10 kuNdasa 2008 ngok
3981,5662,0.0859,Siyazibophezela futhi ukuhlangabezana nezinhloso zezivumelwano zamazwe onke kubandakanyaiKyoto Protocol kanye nezinye iz,"Njengobuholi bezikhathi ezizayo, bakwazi ukubona ikusasa labo futhi baphinde bakhe indlela okufanele bayilandele. Ngemib"
190,5795,0.0859,Yiliphi iqophelo noma isigaba sakho somsebenzi Uyacelwa ukuba wenze uphawu olulodwa? Unesikhathi esingakanani usebenzela,Abasebenzi kufanele bakhokhele abasebenzi esikhundleni sokubanika izinsuku zokuphumula uma beqeda ukusebenza. Uphenyo lu
7098,5306,0.0859,"Kwezinye zalezi zinsiza, akuphethwe kahle kanti nendlela abasebenzi abacabanga ngayo idinga ukuthi yenziwe ngcono. Kweze","Isahluko 1: Izinsuku Zokuthula UMsizi wayephumile emsebenzini, ebheke ekhaya eHammanskraal. Umoya wawubukeka kahle, nezi"
8112,6201,0.0859,e ukubona izithelo zezibophezelo zaseNingizimu Afrika eziqondene nenhlalonhle yezingane ngokulandisa kwezikhali ezimiswe,"Yingakho thina, njengohulumeni bezolimo nezindaba zemvelo eKwaZulu-Natal, sikhumbuza amazwi kaNgqongqoshe uManuel ukuthi"
6289,2481,0.0781,"Oqondene nesicelo sokufinyelela kuNgqongqoshe wezokuPhepha. Ngokwesigaba -74 , umuntu wesithathu angafaka isikhalo sanga",Ukwanda kwezindleko zokudla nezindleko eziphakeme zokufaka kunomthelela omubi esigabeni futhi kubeka engcupheni ukuthola
6072,5695,0.0781,"Ngenxa yokusondelana kakhulu nama-LDO, abantu abaningi (ikakhulu abasebenzi bakahulumeni wendawo) bahlanganisa intuthuko","Kungabelana nabanye, othisha, esikoleni sonke, abazali, noma abanye ababambiqhaza. Umfundi uzothokozisa ngemikhiqizo eph"
4200,2110,0.0781,"Uhlangothi olubalulekile lwalo mphumela ukwethulwa komsebenzi obhaliwe. Kungabelwana nontanga, abafundisi, isikole sonka","Ukwengeza, kubalulekile ukuthi sikhulume ngendima yezokuxhumana. Namuhla, izinkundla zokuxhumana zidlala indima enkulu e"
3727,2071,0.0781,Kungani uhlelo lwezomnotho lwalelizwe kusenzele abantu abaningi kangaka babe mpofu? Ukwehla kwezimilo kufana nendwangu e,"Ukuphendula Kwezimo Eziphuthumayo Ngezimoto Eziningi Isingeniso Namuhla, sithokozisa ithuba lokukhuluma ngempilo yethu, "
3594,5949,0.0781,"Ukubona leli phuzu elimqoka kangaka lamandla okubusa endaweni ethize, izikhungo ezingazodwa njengeBhange loMhlaba zinike",Isahluko sesine siqukethe imithetho ehambelana neminyango yezempilo yezifunda. Lesi sahluko beka umthwalo kule minyango 
4263,5743,0.0781,Okungangcono wukuthola indawo enotshani noma enesihlabathi esithambile ongakwazi ukuhamba noma ugijime kuyona. Ukuzivoca,"Abantu abasha abangenamsebenzi bavame ukuba nezinselelo ezinkulu zempilo yengqondo, okubandakanya ukudangala nokukhathaz"
1823,5585,0.0781,"Kwabe sekwenziwa isincomo sokuthi kusungulwe i MHSI, eyabe izokugxila kuzindaba zezempilo nokuphepha ezimayini. Lezi zik","Izinqubo Zokuthunyelwa Kwama-Ambulensi Umuntu: UThando Mthembu Umxhumanisi: UZanele Nkosi UZanele Nkosi: Sawubona, Thand"
4875,4771,0.0781,Lokhu kuyasiza ikakhulukazi lapho isiguli singakwazi ukudla ukudla okuningi. Iziguli kufanele zikhunjuzwe ukuthi amafuth,"Ukuqinisekiswa kwesimo sokuqashwa (GEMS employment status verification) Umkhiqizo wezinsizakalo ze-GEMS, okuyinsizakalo "
1922,4739,0.0781,Umphumela otholwe ngokulandisa kwesigatshana 1 b othi umuntu akakulungele ukusebenza ngezingane awuncikile emphumeleni w,Ukuze benze umsebenzi wamaphoyisa ophathelene nokupholisa ezindaweni zasemadolobheni nasezindaweni zasemakhaya emikhakhe
7310,1175,0.0781,"Zini izinhlelo ezifana nalezi esesiziqalile esifundazweni sethu. Ngikhuluma nje sinezinhlelo ezifanayo kwaHlabisa, eMang","Ekugcineni, umcimbi uphumelele kakhulu, futhi abantu baphuma bejabule, bephuma nemibono emisha yokuthuthukisa impilo yab"
6691,7428,0.0781,"Ezweni lethu, sizoqala lezi zinto njengengxenye yohlelo lokubeka umphakathi wethu ekukhuleni okuphezulu nasemgudwini wen","Futhi, ubusika obubandayo buzobulala ezinye. Lapho ukhulisa ebusika, kungase kube nomthelela wokuthi amagciwane afakwe e"
505,4320,0.0781,"Noma ngubani onentshisekelo ekunakekeleni, empilweni noma entuthukweni yengane angafaka isicelo eNkantolo ePhakeme, enka","Lokhu akusilo uhlu oluhlanganisa konke, kodwa uhlu oluncane olunemininingwane engakwazi ukwazisa umphakathi mayelana nal"
1594,3494,0.0781,"Ukuze kulungiswe lokhu, amazwe kufanele ahlanganise ezolimo, ezempilo, ezemfundo ze-NEPAD kanye namakhono entuthuko, ama",Okutholakele kuphenyo lomlilo wesakhiwo eGoli Isingeniso Umlilo wesakhiwo eGoli ubangele ukugxekwa okukhulu nokuhlolwa. 
5164,6641,0.0781,Njengokufakela ngqo ekwehliseni ubuphofu nokukhuphula indlela yokuphila yasemaphandleni nasemadolobheni; ukuqhubekisa im,Iziqephu zingethulwa zisebenzisa izinhlobo ezahlukene zomthombo noma izinto ezibalulekile. Umfanekiso olandelayo ukhombi
2572,4560,0.0781,"Ngasohlangothini lukamasipala waseThekwini, ngiyanemukela edolobheni lethu. I-DSW izimisele ukusiza labo abadinga izinda","Iphrofayela kaSipho Mthetho: Umphakathi Wezokuvakasha Ngesikhathi esihle eGoli, uSipho Mthetho ubonise ukuthi ungumuntu "
1741,110,0.0781,a ukuhlinzekwa kwezinsizakalo okugculisayo nokuqeqeshekile kanye nokuhlinzeka ngemihahiso efanelekile ezisebenzini; kany,"Noma kunjalo, ukufaka izinhlelo zokuvikela, ukuphatha imiyalo, nokwakhiwa kwezindawo zokugcina izinto kuyasiza ekwakheni"
4875,8039,0.0781,Lokhu kuyasiza ikakhulukazi lapho isiguli singakwazi ukudla ukudla okuningi. Iziguli kufanele zikhunjuzwe ukuthi amafuth,"Ukuphendula Kwezimo Eziphuthumayo Ngezimoto Ezinengi Ngomhlaka 15 kuMandulo 2023, kwenzeka umcimbi obalulekile emiphakat"
1897,106,0.0781,"Ama""Activity Spines"" ajwayele ukubizwa ngama""Corridors"" entuthuko, kanti avame ukuba emigwaqeni emikhulu esuka noma eya ",INingizimu Afrika imele isithombe esiphelele somphakathi esiyisithombe sezinhlanga ezakhiwe phezu kwefa elicebile nelihl
3832,7102,0.0781,"Imiphumela yezivumelwano mayelana nempahla yabashadikazi bomshado wamasiko, abangena kuzo ngaphambi kokuba kuqale ukuseb","Imfashini Nobuhle: Indaba Yezitayela Zethu Kwazulu, ngosuku olukhanyayo, lapho umoya ubushelelezi futhi izinyoni zibhaka"
3435,6809,0.0781,"ukwethula ubufakazi, kumbandakanya nokuthi ubufakazi bukafakazi ophambili kufanele bunikwe ngomlomo noma ngombhalosifung",b ukulungiswa esigabeni I sesigaba esilandelayo. b ukukhipha isaziso sokubiza ngokuhambisana nemithetho yesigaba 211 aku
7417,3418,0.0781,Wayelokhu elithi jeqe iwashi lakhe elishibhile elase liphucukile umbala walo osagolide. Kwakuba ngukuqhamuka kothile eng,"Imidlalo ethile ikhulisa amakhono afana nokubala, ukufunda, nokucabanga. Kukhona nemidlalo eqondile yokufunda efundisa i"
3605,7810,0.0781,"Ukubamba iqhaza: Ukuzibandakanya okusebenzayo kwabaphathi, amaklayenti, abasebenzi, abahlanganyeli namabeleli bomphakath",Uma ukusetshenziswa kwamanzi kungahlanganisiwe ezidingweni zokubhaliswa ngokuhambisana nesaziso esikhishwe ngaphansi kwe
996,1965,0.0781,Omasipala abaningi bedlulisele umsebenzi wokuqhuba ama-IDP kwezinye izimboni kanti asebenza njengemisebenzi ezimele kwin,Ngabe uyazi ukuthi izinhlelo zokuvikela zidinga ukuvuselelwa njalo? Lokhu kubalulekile ukuze kuqinisekiswe ukuthi izinsi
4538,2045,0.0781,Yilokhu kuhlola konyaka wonke okuzosetshenziswa njengesisekelo ukunquma mayelana nomsebenzi wesisebenzi. Lona lelo thulu,C 6.5 kufanele ahambisane nezindinganiso zobuchwepheshe bokuxhumana ngekhompyutha njengoba kuchaziwe. C.7.11 kufanele uk
5783,2045,0.0781,Ithuluzi lokuhlola ukwenziwa komsebenzi kwezisebenzi ezingesiwo amalungu e-SMS (amazinga eholo asuka kwelo-1 kuya kwele-,C 6.5 kufanele ahambisane nezindinganiso zobuchwepheshe bokuxhumana ngekhompyutha njengoba kuchaziwe. C.7.11 kufanele uk
4313,6201,0.0781,"Noma yikuphi okuqhubekayo okuqubuke ngemuva kokusebenza koMthetho wokuChibiyela ezokuPhatha ka 1929 Umthetho 9 ka 1929, ","Yingakho thina, njengohulumeni bezolimo nezindaba zemvelo eKwaZulu-Natal, sikhumbuza amazwi kaNgqongqoshe uManuel ukuthi"
5327,4392,0.0781,"Uma kwenzeka kuba nezinto engingazisho noma izinto ezingamelekanga kahle, ngiyazi ukuthi ubulunga bami bunganqanyulwa fu","Yini inhloso yokubamba umuntu? Yini okusho ukuthi umuntu ubhekwa njengomuntu ongenacala? Yiziphi ezinye izindlela, ngaph"
1897,6812,0.0781,"Ama""Activity Spines"" ajwayele ukubizwa ngama""Corridors"" entuthuko, kanti avame ukuba emigwaqeni emikhulu esuka noma eya ","Ngamafuphi, kumele kube nezinhlelo ezicacile, ezizwakala kahle, nezinhlelo ezihlose kahle. Lokhu kunciphisa umzamo wokut"
14,1156,0.0781,"UPhapha Benedict XVI wezwakalisa izwi lokudangala udlame e-Iraq wachaza leliya lizwe and described the country as ""njeng",Umculo we-Gospel: Umthombo Wokholo Nothando Umculo we-gospel ungumculo ogcwele imizwa futhi onomlando ocebile. Ubonisa u
2643,6780,0.0781,Kukhombisa ubuthakathaka kwizinhlaka zethu zokulwa nobugebengu kusukela ekuphenyweni kwamacala kuya ekuhlunyelelisweni k,Ishadi 1: Amanani okwenziwa kwemfertilizer emhlabeni jikelele. Ishadi 2: Amanani omkhiqizo weBrent International crude o
3521,4498,0.0781,"Baningi abagulayo, abanye babo bazobulawa yizifo ezingavimbelekayo. Lapho imilomo yamaphayiphi ivimbekile, amaphayiphi e","Izincwadi Zabasebenzi Abasha: Umqondo Wokwakha Isiko Elisha Ngokuhamba kwesikhathi, izinkampani ziye zathola ukuthi ukwa"
577,3528,0.0781,"Umthethosisekelo uqukethe izahluko noma izigaba, isibonelo; Umthethosisekelo waseNingizimu Afrika unezahluko eziyishumi ","Lokhu kungenzeka kube yinkinga, ngoba abantu bahlala befuna ubumfihlo. Nokho, i-Eskom ithi izokwenza konke okusemandleni"
7843,4695,0.0781,Kungenxa yalesi sizathu ukwakhiwa kwamandla okuhlosiwe kufanele kuhambe phambili. Izinhlelo kuzo zonke izindawo kufanele,"Ngaphezu kwalokho, ukuphathwa kwezinsizakusebenza ezikoleni nakho kudinga ukunakwa. Izikole eziningi azinazo izinsiza ez"
5536,7154,0.0781,Ukugudluka kukuxhaswa ngezimali okwesekwe ngokuxhaswa ngezimali okufakwayo komphumela. Loku kuzodinga ukuthi uhulumeni a,"Umfuyi Wonyaka ka-2010 - Free State uphumelele futhi! Isithombe: William Matasane, umfuyi wethu wonyaka ka-2010. Eminyak"
368,1101,0.0781,"Izicelo zolwazi ezingasile futhi eziyicefe ngokufanele, kumbe ezizodinga ukuba kusetshenziswe imali nesikhathi nemthombo",Isaziso senkantolo sichaza lapho inkantolo yamukela izimfanelo ezaziwayo nolwazi oluthathwa njengobufakazi obuqondile ko
996,4593,0.0781,Omasipala abaningi bedlulisele umsebenzi wokuqhuba ama-IDP kwezinye izimboni kanti asebenza njengemisebenzi ezimele kwin,"Uma ungathathi izinyathelo, ungase ube sengozini yokulahlekelwa yizinsiza ezibalulekile. Ngabe ubona ukuthi izinkampani "
6445,1005,0.0781,"Uma umuntu onikezwe isaziso ngokwesigatshana (1) ehluleka ukuhambisana nemibandela ebekiwe ngesikhathi esinqunyiwe, iSik","Ngalesi sikhathi, ukusetshenziswa kwezinhlelo zokuxhumana eziphumelelayo kuholele ekwandeni kokufinyelela kolwazi, okwen"
5545,3291,0.0781,Inhloso yokumiswa kwe-CMA ukubandakanya imiphakathi yendawo ekuphatheni imithombo yamanzi. I-CMA iphatha imithombo yaman,"Lokhu kufaka izinyathelo ezinzima kanti akusizi ukwenziwa ngezwi elijulile. Ukunciphisa lezi zinkinga, kudinga ukuthi si"
3725,955,0.0781,Amakhompiyutha asenikezelwe kumakhansela okukanye emahhovisi noma emakhaya awo. U-Sector One wahanjelwa khona uzosabalal,"Okwesithathu, uthola izinsiza zamahhala ezithuthukisa ulwazi lwezempilo, okuhloswe ngakho ukusiza abantu benze izinqumo "
5271,4251,0.0781,Le miThetho Migomo ingabizwa ngemiThetho Migomo yokusetshenziswa kwaManzi ngeziNloso zokuNgcebeleka. Ingxenye yokuqala i,Akukho layisense evumela ukusebenza kokuthutha kwezivakashi okungakhishwa ngaphandle kokuthi iBhodi ithole futhi ihlinze
1183,545,0.0781,Amanzi asetshenziswayo aphathwa ngokulinganisa ukuthi amanzi kumele asetshenziswa kanjani. Umthetho Wamanzi Kazwelonke u,"Nokho, impumelelo yakhe ayigcini nje ngama-titles ayishumi nane eGrand Slam, kodwa ibonisa ibhuku lokuphikisana, impilo "
1321,3126,0.0781,Imisebenzi yamakomidi izonqunywa. a amazinga kanye nezidingongqangi zokunikeza izinsiza zezempilo kwezinye izindawo ngap,Lokhu okungakwenzi kule nyanga kungakusiza ugweme ukwenza amaphutha nokuthatha izinyathelo ezidingekayo ngonyaka ozayo. 
2376,746,0.0781,"nokulingana kwamathuba awo wonke umuntu ayalahleka, izilwane nemvelo zoGu nazo zicekeleka phansi. Umbiko osemthethweni k","kuMthetho Wezokuhamba Kwamazwe, 1996 Umthetho No. Umthetho Wezakhwo Zasemaphandleni, 1998 Umthetho No. ithikithi noma ib"
4374,1672,0.0781,Isifuba somoya yiso esikhathaza kakhulu kanti impilo yomuntu siyayikhinyabeza impela nje. Imininingwane iveza izinga eli,"Njengomongameli, uRamaphosa ubhekene nezinselelo eziningi. Ukukhula komnotho, ukungasebenzi, kanye nezinkinga zokuphepha"
2148,1393,0.0781,Woza lapha! ungahlali phansi!). Ukuziqonda izindlela zesenzo uma kuxoxwa isib. Ukusiqonda isenzo esiphikisayo (isib. Bay,Inhloso yeKomidi lendawo ukuqinisa ukubamba iqhaza komphakathi ekuphathweni kwendawo. Izinkomiti zendawo zingezinye zezi
7310,4940,0.0781,"Zini izinhlelo ezifana nalezi esesiziqalile esifundazweni sethu. Ngikhuluma nje sinezinhlelo ezifanayo kwaHlabisa, eMang",Ukuqoqwa Kwemininingwane: Sasebenzisa izinhlelo zokusebenza ezithuthukisiwe ukuze siqoqe idatha ngalesi sikhathi sokuphe
5545,2200,0.0781,Inhloso yokumiswa kwe-CMA ukubandakanya imiphakathi yendawo ekuphatheni imithombo yamanzi. I-CMA iphatha imithombo yaman,"Okwesibili, kukhona ukuhlinzeka ngezinsiza ezanele zokuphatha imfucuza. Ukushintsha izikhungo zokuhlunga ukuze kube nzim"
5226,5874,0.0781,Sibuye sibhekele amalungiselelo esikhashana aphathelene nezinsizakalo ezempilo komasipala. ISahluko 6 siqukethe imitheth,Ubungako bokwazi kwakho ngemithombo yeplanter bujule kangakanani? Funda lokho okukhuluma lapha ukuze uthuthukise ulwazi 
3389,2213,0.0781,Ngokuphathelene nalokhu kumele kubhekwe kokubili okuqukethwe kanye nesimo noma indlela esetshenziswayo ekusabalaliseni u,Ukuphatha kahle ithuluzi lokutshala kungaholela ekukhiqizeni okukhulu noma ekuchithweni kwemali enkulu. Izinto ezibalule
6365,5879,0.0781,Uhla lwemibhalo yocwaningo egcinwe yiSizinda seMibhalo soMnyango wezokuVikela Uhla luyatholaka eSizindeni seMbhalo soMny,"Umthethosisekelo weRiphabhulikhi yaseNingizimu Afrika, Umthetho No. weZakhiwo Zasemaphandleni, 1998 (Umthetho No. 117 we"
7056,5494,0.0781,"Kubaluleke kakhulu ukuthi kukhuliswe ukuzinikela kwabasebenzi bakahulumeni emsebenzini wabo. Lona ngumsebenzi wabaholi, ","Izinhlobo Zokugonywa Kunamakhono ahlukene okugonywa, ahlukaniswe ngezindlela ezihlukahlukene. Okokuqala, kunezivivinyo e"
6836,417,0.0781,Emakhethini kukhona umuthi ohlukene onamagama amaningi amahle kodwa onke anenhlanganiso yemithi esebenzayo ngendlela efa,"Sifuna ukuba yinkampani ehamba phambili emhlabeni, futhi sizokwenza konke okusemandleni ethu ukuze sifinyelele kulokho.”"
2923,7698,0.0781,Kodwa kaningi lokhu akwenzeki kalula bese ukhula luyamila. Kungani ukhula lungaphathwa kahle? Kukhona izinto ezintathu e,"U-Cassper uphinde waba neqhaza elikhulu emkhakheni wezobuciko, ephakamisa izinkanyezi ezisha. Ngamandla akhe, udlale ind"
462,5494,0.0781,"Kubaluleke kakhulu ukuthi kukhuliswe ukuzinikela kwabasebenzi bakahulumeni emsebenzini wabo. Lona ngumsebenzi wabaholi, ","Izinhlobo Zokugonywa Kunamakhono ahlukene okugonywa, ahlukaniswe ngezindlela ezihlukahlukene. Okokuqala, kunezivivinyo e"
5778,7802,0.0781,"Kusukela ngomhlaka 6 Zibandlela, Umphathi weNkantolo ePhakeme wanikwa amandla okusingatha wonke amafa omuntu oshonile ng","Ngokubheka phambili, kunemikhakha eminingi ezodinga ukunakwa ukuze kubonakale izixazululo eziphumelelayo. Ukwanda kokuxh"
6960,737,0.0781,"Ukuze kugqugquzelwe ukuphatha ngokuyikho izinhlaka zomphakathi, kubalulekile ukuqinisekisa ukuthi wonke umuntu uyazi fut","Imifula emine emikhulu eNingizimu Afrika ihlukaniswe nezinye izizwe, okwenza ukuphathwa kwezinsiza zamanzi kube umsebenz"
8001,6461,0.0781,"Bhala ephepheni izinyathelo ozitholile. (ngenxa yesinyathelo sokufuna imibono ehlukene, lesenzo asinayo indlela eyodwa y",Impendulo: Kungenzeka ukuthi i-Day Zero ibonakale uma izinyathelo ezithathwayo zingasebenzi kahle. Kubalulekile ukuthi s
406,1665,0.0781,Ukutheleleka kwenzeka kakhulu uma uhlinza noma ulungiselela ukuyipheka. Abukho ubufakazi bokuthi inkukhu ephekisisiwe no,"Zombili lezi zinsuku zifakiwe, futhi usuku lokugcina alungaph surpass September 30, 2008. Uma isicelo sihambisana nezimo"
983,4249,0.0781,"Lolu hlelo lugxile ekwandiseni ukusetshenziswa kwalawa maqoqo ""ngokuwayisa kubantu"" ngokubavakashela ezikhungweni zemfun",Umphumela walomthetho uzovivinywa ukuze kuqinisekiswe ukuthi uhulumeni wesifunda uzokwazi ukuqhubeka nenqubo yokulungisa
2524,2973,0.0781,Osebenza ehhovisi lezokuphatha wenza amakhophi omsebenzi osuhunyushiwe bese ethumela eyodwa kukhasimende kanti enye iya ,"Emakhaya asemaphandleni, phakathi kwemvelo ethokozisayo, kwakukhona umndeni kaMnumzane Jabulani. UBaba uJabulani wayengu"
4159,2973,0.0781,e. Umbhalo lona ube usuyiswa kumabhalane kumbe kulowo osebenza ngolimi oye agcine ibhuku lokuqopha imidanti/irejista lap,"Emakhaya asemaphandleni, phakathi kwemvelo ethokozisayo, kwakukhona umndeni kaMnumzane Jabulani. UBaba uJabulani wayengu"
5604,767,0.0781,"Iqembu langaphakathi / nelangaphandle elibandlulula kakhulu, noma ukwenza ukwahlulela okukhulu ngokuphathelene namalungu",Le ndawo ayikakabhalwa ngaphansi kokulawula kukahulumeni ngaphansi komthetho wezikhulu zendabuko. Lokhu kusekela kungafe
3832,5117,0.0781,"Imiphumela yezivumelwano mayelana nempahla yabashadikazi bomshado wamasiko, abangena kuzo ngaphambi kokuba kuqale ukuseb",Izindleko ezilawulwa zizobekwa kusetshenziswa indlela efanayo naleyo esebenzayo njengamanje. Lokhu kusho ukuthi izindlek
1913,6341,0.0781,Siyacelwa ukuba siqhubeke nalo msebenzi wokugqugquzela ubumbano ekwehlukaneni kwethu siphinde sithuthukise izinhlaka zam,"Kuzoba lula futhi ukwenza umthambo. Ngaphansi kwezinyanga ezimbili, kuzoba nokuthuthuka kokuhamba kwegazi ezindaweni eza"
2043,5135,0.0781,Lesi sahluko sibeka ngokusobala amandla kanye nomsebenzi kaNgqongqoshe kanye nekomidi elibhekelela ezemelo kwizifundazwe,Inqubo ehlanganisiwe idinga ukucabanga nokubuka izinto ngokubanzi futhi isakaze emakhawulweni ezezimboni. Uhlelo oluhlan
4490,1552,0.0781,"Ngale kwalokhu, uma ngabe lelo rekhodi lingabhaliwe ephepheni lingabonwa ngaleyo ndlela elicelwe ngayo, uma kwenzeka. Um","Kodwa-ke, nakuba le nkinga ibonakala ibucayi, kunezixazululo ezithile ezingasetshenziswa ukuze kulungiswe ukushoda kukag"
3281,3093,0.0781,Waboshwa noSinky van Wyk naye owayefunwa ngokuphathelene namacala amaningana okuphanga kanye nokuphangwa kwezimoto zemal,"Nokho, ubuchwepheshe buhlinzeka ngezixazululo eziningi, kunezingozi ezithile ezihambisana nakho. Ukukhuluma nge-cybersec"
4838,3093,0.0781,Uma uhlela ukufaka imfuyo yakho endalini zibuze umbuzo olandelayo: Kungani ngifuna ukuthengisa imfuyo yami kulesi sikhat,"Nokho, ubuchwepheshe buhlinzeka ngezixazululo eziningi, kunezingozi ezithile ezihambisana nakho. Ukukhuluma nge-cybersec"
2043,3040,0.0781,Lesi sahluko sibeka ngokusobala amandla kanye nomsebenzi kaNgqongqoshe kanye nekomidi elibhekelela ezemelo kwizifundazwe,"Umgwaqo ubonakala kancane, kodwa lapha naseThekwini, umoya uthuthukile. Izilayidi zibhujisiwe; izithuthi abaziqinisekisi"
8001,5069,0.0781,"Bhala ephepheni izinyathelo ozitholile. (ngenxa yesinyathelo sokufuna imibono ehlukene, lesenzo asinayo indlela eyodwa y","Ukuze sithuthukise ukuphepha, kufanele sikhuthaze abantu ukuba bazi izindlela zokuvikela, njengezindlela zokuphepha emak"
1823,760,0.0781,"Kwabe sekwenziwa isincomo sokuthi kusungulwe i MHSI, eyabe izokugxila kuzindaba zezempilo nokuphepha ezimayini. Lezi zik","Lokhu kufanele kuhlanganise nemininingwane yakho, izincwadi ezisemthethweni, kanye nezincwadi zokuxhasa. Ngemuva kwalokh"
7335,4219,0.0781,Isikhwama sezomqhudelwano i-Competitiveness Fund (CF) yisabelo sokusizana ngezindleko enikeza usizo lwezimali ukusekela ,"Emfundweni, izokuxhumana zidlala indima enkulu ekufundiseni nasekufundeni. Abafundi kudingeka bakwazi ukudlulisa imicaba"
2118,2069,0.0781,a sinikeze irisidi lalokho umnini wendawo noma low0 muntu okunguye ophethe kuleyo ndawo; futhi b ngaphandle urna kuyinto,"Emathilini, udoti obizwa nge-octane udingeka ukuvikela injini ekushayweni noma ekuphazamisekeni. Ukushaywa kwenjini kwen"
1897,2759,0.0781,"Ama""Activity Spines"" ajwayele ukubizwa ngama""Corridors"" entuthuko, kanti avame ukuba emigwaqeni emikhulu esuka noma eya ","Izinhlelo ezisizayo kumele ziqhubeke, futhi ukubamba iqhaza okuhle kuzobonisa ukuthi sibhakabhakela phambili. Umphakathi"
2845,3662,0.0781,Ukushaya kwamandla kwembulunga yomhlaba kumazwe kazwelonke kunomphumela ngokuphathelene nokuzimela kanye namandla okwenz,"Uma izikhungo zikhuluma ngempilo, kufanele zibe nezindlela ezilula zokuxhumana, ukuze abantu bakwazi ukuthola usizo, bap"
4263,1147,0.0703,Okungangcono wukuthola indawo enotshani noma enesihlabathi esithambile ongakwazi ukuhamba noma ugijime kuyona. Ukuzivoca,Izinsiza Zokwakha Izinsiza ezisetshenziswa kwezakhiwo zithinta kakhulu umphumela wokugcina. Izinsiza ezifanele zifaka ph
8001,4533,0.0703,"Bhala ephepheni izinyathelo ozitholile. (ngenxa yesinyathelo sokufuna imibono ehlukene, lesenzo asinayo indlela eyodwa y","Ngakolunye uhlangothi, sithola ukuthi izinyathelo ezithathwayo ukuze kuncishiswe ukungcola komoya zibaluleke kakhulu. Iz"
7310,7479,0.0703,"Zini izinhlelo ezifana nalezi esesiziqalile esifundazweni sethu. Ngikhuluma nje sinezinhlelo ezifanayo kwaHlabisa, eMang","Emhlabeni wezobuchwepheshe, sizobona ukuthuthuka okukhulu ezindabeni ezifana ne-artificial intelligence, i-blockchain, n"
7284,3801,0.0703,"I.5 Ukusiza ukucwaninga ukuqashwa ezisebenzini zikahulumeni, isikhulu esiphethe siyohlanganisa zonke izikhundla emnyangw",Umphakathi Wezokukhanyisa Kazwelonke (NER) usuku olude uqaphele isidingo sokusungula izinga lokuhlinzeka ngezinsizakalo 
1969,2153,0.0703,"Ikhona inkokhelo osumnike yona njengomholo wesikhathi esichazwe kwisigaba 1 ngenhla Uma ikhona, YISHO ISAMBA SAYO. R..? ","Yini inhloso yokubamba umuntu? Yini okusho ukuthi umuntu ubhekwa njengomuntu ongaphikiswa? Yiziphi ezinye izindlela, nga"
7310,501,0.0703,"Zini izinhlelo ezifana nalezi esesiziqalile esifundazweni sethu. Ngikhuluma nje sinezinhlelo ezifanayo kwaHlabisa, eMang","Uhambo lungacela ukukhanya kwemfihlakalo, lungavuleka kokubalulekile, uhambo olukhuluma ngethemba lalezi zifundo zamathe"
6289,3648,0.0703,"Oqondene nesicelo sokufinyelela kuNgqongqoshe wezokuPhepha. Ngokwesigaba -74 , umuntu wesithathu angafaka isikhalo sanga","Ukuhlaziywa komthelela wezibhelu zangoJulayi 2021 emnothweni Isingeniso Izibhelu zangoJulayi 2021, ezazihlanganisa iziga"
996,6297,0.0703,Omasipala abaningi bedlulisele umsebenzi wokuqhuba ama-IDP kwezinye izimboni kanti asebenza njengemisebenzi ezimele kwin,"Ngabe ubona ukuthi lokhu kusebenza kanjani? Uma umphakathi ungavikeleki, izingozi ziya ziba zinkulu. Kukhona izigameko e"
1888,7034,0.0703,Ukuthi sakwazi ukuqinisekisa uguquko olungenaphutha ezinyangeni ezinhlanu ezedlule kanye nokuqhubeka nezinhlelo zikahulu,"Ngomhla ka-22 kuJanuwari, impi yaseSandlwana yaqala. Amabutho amaZulu, eziningi, akhombisa ubuhlakani obukhulu. UZulu ba"
2764,1195,0.0703,Uhlu lonke lolwazi kumele lwenganyelwe ngokubhekwa kwesu eliqondile ngokuphathelene nokuthuthukiswa Kwesayensi Yezindaba,Iziteleka Zabasebenzi: Umhlahlandlela Wokuthuthukisa Izimfuno Zabasebenzi Isingeniso Iziteleka zabasebenzi zenzeka lapho
4875,7551,0.0703,Lokhu kuyasiza ikakhulukazi lapho isiguli singakwazi ukudla ukudla okuningi. Iziguli kufanele zikhunjuzwe ukuthi amafuth,"Ngakho, uma sikhuluma ngempilo, kufanele sikhumbule ukuthi ukufinyelela ezikhungweni zokwelapha akufanele kube yinkinga."
2098,7168,0.0703,Hhawu madoda! Waze wahamba bo noNozi. Kunini ngilokhu ngihlezi ngedwa nginesizungu Yena ngiyamthanda impela futhi angize,"Ngokubuka kwami, iPitoli iyindawo enezinto eziningi ezinhle, kodwa zidinga ukwenziwa kahle. Kumele sithathe izinyathelo "
4263,3079,0.0703,Okungangcono wukuthola indawo enotshani noma enesihlabathi esithambile ongakwazi ukuhamba noma ugijime kuyona. Ukuzivoca,"Lokhu kuxhunyaniswa nokukhuthazwa kwempilo yesifunda, isimo somnotho, kanye nezidingo ezithile zomphakathi. Ukuvezwa kwe"
5335,1724,0.0703,Umqulu wethu WamaLungelo ugxilisa yonke inkululeko eyingxenye ebalulekile yentando yeningi yoqobo. Abadobi ababolekwe il,"Lokhu kuhlanganisa izindlela ezihlukahlukene zokuxhumana, njengokusebenzisa izinhlelo zokusebenza, ama-imeyili, kanye ne"
738,1693,0.0703,"Ngibhalise eNyuvesi yaseDurban-Westville ngenza iziqu ze-Bachelor of Science, ngigxile kakhulu ku-Mathematics nakuPhysic","Abasebenzi kufanele baqonde ukuthi iziteleka zingaholela ekuphumeleleni, kodwa zidinga ukuxhumana okuhle ukuze zibe nemp"
5363,3079,0.0703,Kungabe izakhiwo namaforamu akhiwe nguHulumeni ayasiza ekubambeni iqhaza kwentando yeningi? Ikuthuthukisa kanganani okul,"Lokhu kuxhunyaniswa nokukhuthazwa kwempilo yesifunda, isimo somnotho, kanye nezidingo ezithile zomphakathi. Ukuvezwa kwe"
5047,2836,0.0703,"Uma ofaka isicelo ehlose ukwenza imisebenzi emibili noma ngaphezulu njengengxenye yomsebenzi ofanayo, kumele kufakwe ifo",Isikhathi semibuzo sinikeza Amalungu ePhalamende ithuba lokubuza amalungu ohulumeni mayelana nokuhlinzekwa kwezidingo ku
1332,3867,0.0703,"Ngesikhathi umkhandlu uhlangene, amalungu ngaphandle kwabantu besifazane kanye namalungu agqoke izigqoko zendabuko noma ",Inhloso yocwaningo lolu ukuqoqa imicabango nemibono evela kumalungu nabasebenzi boMnyango Wezokuvikela (DOD) mayelana ne
1430,6329,0.0703,Isitifiketi sezempilo somhlaba wonke esiqinisekisa ukuthi umjovo wokugomela i-yellow fever uyadingeka. Ulwazi lwezomnoth,"Izinhlelo Zokuqeqeshwa Nokuthuthukiswa Kwamakhono Abasebenzi Ngomhla ka-15 kuNhlangulana 2023, umphakathi wezokusebenza "
8060,6021,0.0703,"Akukho daba oluyodingidwa emhlanganweni ngaphandle kwalokho okubalulwe ezazisweni zawo, ngaphandle kwezindaba usihlalo o","Isu lokuphatha imithombo yamanzi, njengoba lichazwe kumgomo 1, kufanele libhalwe ngokuhambisana nezikhombisi-ndlela zeMn"
5506,5766,0.0625,Isigaba 7: Okubhekene noMkhandlu:7 Isigaba 8: Ukuvalwa Kwerenki Yamatekisi noma Yamabhasi:............ Isigaba 18: Ukukh,Uhambo Nokuzijabulisa: Ukuhamba Ngemizwa Nezikhathi Ezinhle Uhambo lokuzijabulisa lusebenza njengomkhumbi obalulekile op
2264,404,0.0625,Lona ngumzamo wokuvikela izinkampani zakwamanye amazwe ukuthi zinikeze amaphethenti kukudla nemithi yemvelo ekade isetsh,"Ukubambisana phakathi kwezibhedlela, izikhungo zokwelapha, nemiphakathi yendawo kubalulekile ukuze kuqinisekiswe ukuthi "
8148,6901,0.0625,"Ngaphandle kwalapho kuhlinzekwe khona kulo Mthetho, imibandela yoMthetho Wezinkantolo zeziMantshi ka 1944 (Umthetho No. ",Inqubo yokwenza lokhu okwenziwe ibhizinisi iqondiswa yizinhloso nezifiso ezibekwe kule mithetho. Lezi zindawo ezilandela
6692,7227,0.0625,Amasiko ayingxenye ebalulekile yemizamo yentuthuko kuleli zwekazi. Ngaleso sizathu kubalulekile ukuvikela nokusebenzisa ,"Ukhetho lokuqala lwezokhetho olukhululekile ezweni lethu lwenzeka ngomhla ziyi-27 kuMbasa, ngonyaka ka-1994, futhi manje"
546,5456,0.0625,Lingayisebenzisa indluzula iphoyisa ukuze lingene endaweni elifuna ukuyisesha? Lingayisebenzisa indluzula iphoyisa ukuze,Ukungenelela okuhle kweMnyango kwakwazi ukuvimbela ukuphazamiseka ekunikezeni izinsizakalo zempilo ngesikhathi lesi sikh
1506,604,0.0625,Ukuqeqeshwa kwabosizo oluphumthumayo kuyingxenye yohlelo kukahulumeni wesifundazwe ukuqinisekisa ukuthi zonke izindawo k,"Umgibeli weBhodi Yokufaka Izikhalazo! Ukufaka izicelo zokuhlelwa kabusha kwezinhlelo zomphakathi, ukuhlukaniswa komhlaba"
8001,2735,0.0625,"Bhala ephepheni izinyathelo ozitholile. (ngenxa yesinyathelo sokufuna imibono ehlukene, lesenzo asinayo indlela eyodwa y","Lokhu kubandakanya ukwakha imigwaqo emisha, ukulungisa lezo ezindala, kanye nokwandisa izindawo zokupaka. Ngaphezu kwalo"
2857,2763,0.0625,"Imibandela ebalulekile yenqubomgomo, uhlaka lomthetho kanye neqhinga lama-IDP yasungulwa ngemuva kokuba inqubo ye-IDP se","Lokhu kungafaka izinhlelo zokuthuthukisa ezemfundo, umphakathi kanye nezinhlangano ezizimele. Ukuxhumana neziphathimandl"
672,2461,0.0547,I-PA engenalo uhlelomsebenzi oluphelele kumele ithathwe njengengekho emthethweni futhi isetshenziswe kancane ohlelweni l,"Ukuqinisekiswa kwenombolo yempesheni kahulumeni (GEMS government pension number verification) Sawubona, mngani! Namuhla "
842,2461,0.0547,Indlela okuhlolwa ngayo ukwenziwa komsebenzi wesisebenzi ihlanganisa Izingxenye Zemiphumela Enqala (KRAs) kanye namaThul,"Ukuqinisekiswa kwenombolo yempesheni kahulumeni (GEMS government pension number verification) Sawubona, mngani! Namuhla "
1754,4059,0.0547,Lesi sahluko sizama ukucacisa futhi sinike nolwazi oluyisisekelo ngendima eyayidlalwa wubuholi bendabuko ekuphathweni ko,"Ama-shares, ubufakazi bokugcina imali enkampanini ebhaliswe ezimakethe zezimali nezinye izinhlobo zokuhweba ngemali ezim"
4110,3026,0.0547,"I-IKS ibhekwa njengomthombo osemqoka kazwelonke, ngakho-ke kumele uhlanganiswe Nesu Lokuthuthukiswa Kwezindaba Zabaseben","Baphawula ukuthi umhlaba wawufanele ukuzubekela gugu, futhi abahlali benza izinqumo eziyinqaba zokubuyiselwa komhlaba. L"
1823,2981,0.0547,"Kwabe sekwenziwa isincomo sokuthi kusungulwe i MHSI, eyabe izokugxila kuzindaba zezempilo nokuphepha ezimayini. Lezi zik",Umbhalo: Ukhetho Lukazwelonke Umbuzo 1: Yini ukhetho lukazwelonke? Ukhetho lukazwelonke luwumcimbi obalulekile emhlabeni
2828,5281,0.0547,b umuntu oqashwe umndeni njengomshayeli wemoto; kanye c nomuntu onakekela noma imuphi umuntu kulowo muzi; kodwa akumband,Imvume yokusebenza ngaphansi kwalesi sivumelwano iyidokhumenti enikezwa abantu ababuya ngaphandle ukuze bangene eNingizi
6692,2951,0.0469,Amasiko ayingxenye ebalulekile yemizamo yentuthuko kuleli zwekazi. Ngaleso sizathu kubalulekile ukuvikela nokusebenzisa ,"Ukhetho lokuqala lwezokhetho olukhululekile ezweni lethu lwenzeka ngoMsombuluko 27, 1994, futhi manje sesisondele emcimb"
